WARNING: A terminally deprecated method in sun.misc.Unsafe has been called
WARNING: sun.misc.Unsafe::staticFieldBase has been called by com.google.inject.internal.aop.HiddenClassDefiner (file:/opt/homebrew/Cellar/maven/3.9.11/libexec/lib/guice-5.1.0-classes.jar)
WARNING: Please consider reporting this to the maintainers of class com.google.inject.internal.aop.HiddenClassDefiner
WARNING: sun.misc.Unsafe::staticFieldBase will be removed in a future release
[INFO] Scanning for projects...
[INFO] 
[INFO] -------------------< com.sparkage:timebeam-backend >--------------------
[INFO] Building TimeBeam Backend 0.0.1-SNAPSHOT
[INFO]   from pom.xml
[INFO] --------------------------------[ jar ]---------------------------------
[INFO] 
[INFO] >>> spring-boot:3.2.0:run (default-cli) > test-compile @ timebeam-backend >>>
[INFO] 
[INFO] --- resources:3.3.1:resources (default-resources) @ timebeam-backend ---
[INFO] Copying 1 resource from src/main/resources to target/classes
[INFO] Copying 0 resource from src/main/resources to target/classes
[INFO] 
[INFO] --- compiler:3.11.0:compile (default-compile) @ timebeam-backend ---
[INFO] Nothing to compile - all classes are up to date
[INFO] 
[INFO] --- resources:3.3.1:testResources (default-testResources) @ timebeam-backend ---
[INFO] skip non existing resourceDirectory /Users/kayisrahman/Documents/workspace/ideas/time-beam/back-end/src/test/resources
[INFO] 
[INFO] --- compiler:3.11.0:testCompile (default-testCompile) @ timebeam-backend ---
[INFO] Nothing to compile - all classes are up to date
[INFO] 
[INFO] <<< spring-boot:3.2.0:run (default-cli) < test-compile @ timebeam-backend <<<
[INFO] 
[INFO] 
[INFO] --- spring-boot:3.2.0:run (default-cli) @ timebeam-backend ---
[INFO] Attaching agents: []
Standard Commons Logging discovery in action with spring-jcl: please remove commons-logging.jar from classpath in order to avoid potential conflicts

  .   ____          _            __ _ _
 /\\ / ___'_ __ _ _(_)_ __  __ _ \ \ \ \
( ( )\___ | '_ | '_| | '_ \/ _` | \ \ \ \
 \\/  ___)| |_)| | | | | || (_| |  ) ) ) )
  '  |____| .__|_| |_|_| |_\__, | / / / /
 =========|_|==============|___/=/_/_/_/
 :: Spring Boot ::                (v3.2.0)

2025-12-03T10:53:36.594Z  INFO 15034 --- [           main] c.s.timebeam.TimeBeamBackendApplication  : Starting TimeBeamBackendApplication using Java 25.0.1 with PID 15034 (/Users/kayisrahman/Documents/workspace/ideas/time-beam/back-end/target/classes started by kayisrahman in /Users/kayisrahman/Documents/workspace/ideas/time-beam/back-end)
2025-12-03T10:53:36.596Z DEBUG 15034 --- [           main] c.s.timebeam.TimeBeamBackendApplication  : Running with Spring Boot v3.2.0, Spring v6.1.1
2025-12-03T10:53:36.596Z  INFO 15034 --- [           main] c.s.timebeam.TimeBeamBackendApplication  : No active profile set, falling back to 1 default profile: "default"
2025-12-03T10:53:36.596Z DEBUG 15034 --- [           main] o.s.boot.SpringApplication               : Loading source class com.sparkage.timebeam.TimeBeamBackendApplication
2025-12-03T10:53:36.621Z DEBUG 15034 --- [           main] ConfigServletWebServerApplicationContext : Refreshing org.springframework.boot.web.servlet.context.AnnotationConfigServletWebServerApplicationContext@73a8da0f
2025-12-03T10:53:36.629Z DEBUG 15034 --- [           main] o.s.b.f.s.DefaultListableBeanFactory     : Creating shared instance of singleton bean 'org.springframework.context.annotation.internalConfigurationAnnotationProcessor'
2025-12-03T10:53:36.636Z DEBUG 15034 --- [           main] o.s.b.f.s.DefaultListableBeanFactory     : Creating shared instance of singleton bean 'org.springframework.boot.autoconfigure.internalCachingMetadataReaderFactory'
2025-12-03T10:53:36.663Z DEBUG 15034 --- [           main] o.s.c.a.ClassPathBeanDefinitionScanner   : Identified candidate component class: file [/Users/kayisrahman/Documents/workspace/ideas/time-beam/back-end/target/classes/com/sparkage/timebeam/application/service/AnalyticsService.class]
2025-12-03T10:53:36.663Z DEBUG 15034 --- [           main] o.s.c.a.ClassPathBeanDefinitionScanner   : Identified candidate component class: file [/Users/kayisrahman/Documents/workspace/ideas/time-beam/back-end/target/classes/com/sparkage/timebeam/application/service/AuthService.class]
2025-12-03T10:53:36.663Z DEBUG 15034 --- [           main] o.s.c.a.ClassPathBeanDefinitionScanner   : Identified candidate component class: file [/Users/kayisrahman/Documents/workspace/ideas/time-beam/back-end/target/classes/com/sparkage/timebeam/application/service/SessionService.class]
2025-12-03T10:53:36.664Z DEBUG 15034 --- [           main] o.s.c.a.ClassPathBeanDefinitionScanner   : Identified candidate component class: file [/Users/kayisrahman/Documents/workspace/ideas/time-beam/back-end/target/classes/com/sparkage/timebeam/application/service/TimerSyncService.class]
2025-12-03T10:53:36.664Z DEBUG 15034 --- [           main] o.s.c.a.ClassPathBeanDefinitionScanner   : Identified candidate component class: file [/Users/kayisrahman/Documents/workspace/ideas/time-beam/back-end/target/classes/com/sparkage/timebeam/application/service/UserService.class]
2025-12-03T10:53:36.667Z DEBUG 15034 --- [           main] o.s.c.a.ClassPathBeanDefinitionScanner   : Identified candidate component class: file [/Users/kayisrahman/Documents/workspace/ideas/time-beam/back-end/target/classes/com/sparkage/timebeam/infrastructure/config/SecurityConfig.class]
2025-12-03T10:53:36.670Z DEBUG 15034 --- [           main] o.s.c.a.ClassPathBeanDefinitionScanner   : Identified candidate component class: file [/Users/kayisrahman/Documents/workspace/ideas/time-beam/back-end/target/classes/com/sparkage/timebeam/infrastructure/external/GlobalExceptionHandler.class]
2025-12-03T10:53:36.670Z DEBUG 15034 --- [           main] o.s.c.a.ClassPathBeanDefinitionScanner   : Identified candidate component class: file [/Users/kayisrahman/Documents/workspace/ideas/time-beam/back-end/target/classes/com/sparkage/timebeam/infrastructure/external/JwtAuthenticationFilter.class]
2025-12-03T10:53:36.671Z DEBUG 15034 --- [           main] o.s.c.a.ClassPathBeanDefinitionScanner   : Identified candidate component class: file [/Users/kayisrahman/Documents/workspace/ideas/time-beam/back-end/target/classes/com/sparkage/timebeam/infrastructure/external/JwtUtils.class]
2025-12-03T10:53:36.671Z DEBUG 15034 --- [           main] o.s.c.a.ClassPathBeanDefinitionScanner   : Identified candidate component class: file [/Users/kayisrahman/Documents/workspace/ideas/time-beam/back-end/target/classes/com/sparkage/timebeam/infrastructure/external/PushNotificationService.class]
2025-12-03T10:53:36.671Z DEBUG 15034 --- [           main] o.s.c.a.ClassPathBeanDefinitionScanner   : Identified candidate component class: file [/Users/kayisrahman/Documents/workspace/ideas/time-beam/back-end/target/classes/com/sparkage/timebeam/infrastructure/persistence/JpaUserRepository.class]
2025-12-03T10:53:36.672Z DEBUG 15034 --- [           main] o.s.c.a.ClassPathBeanDefinitionScanner   : Identified candidate component class: file [/Users/kayisrahman/Documents/workspace/ideas/time-beam/back-end/target/classes/com/sparkage/timebeam/infrastructure/persistence/SessionRecordMapperImpl.class]
2025-12-03T10:53:36.673Z DEBUG 15034 --- [           main] o.s.c.a.ClassPathBeanDefinitionScanner   : Ignored because not a concrete top-level class: file [/Users/kayisrahman/Documents/workspace/ideas/time-beam/back-end/target/classes/com/sparkage/timebeam/infrastructure/persistence/UserMapper.class]
2025-12-03T10:53:36.673Z DEBUG 15034 --- [           main] o.s.c.a.ClassPathBeanDefinitionScanner   : Identified candidate component class: file [/Users/kayisrahman/Documents/workspace/ideas/time-beam/back-end/target/classes/com/sparkage/timebeam/infrastructure/persistence/UserMapperImpl.class]
2025-12-03T10:53:36.676Z DEBUG 15034 --- [           main] o.s.c.a.ClassPathBeanDefinitionScanner   : Identified candidate component class: file [/Users/kayisrahman/Documents/workspace/ideas/time-beam/back-end/target/classes/com/sparkage/timebeam/presentation/controller/AnalyticsController.class]
2025-12-03T10:53:36.677Z DEBUG 15034 --- [           main] o.s.c.a.ClassPathBeanDefinitionScanner   : Identified candidate component class: file [/Users/kayisrahman/Documents/workspace/ideas/time-beam/back-end/target/classes/com/sparkage/timebeam/presentation/controller/AuthController.class]
2025-12-03T10:53:36.678Z DEBUG 15034 --- [           main] o.s.c.a.ClassPathBeanDefinitionScanner   : Identified candidate component class: file [/Users/kayisrahman/Documents/workspace/ideas/time-beam/back-end/target/classes/com/sparkage/timebeam/presentation/controller/SessionController.class]
2025-12-03T10:53:37.052Z  INFO 15034 --- [           main] .s.d.r.c.RepositoryConfigurationDelegate : Bootstrapping Spring Data JPA repositories in DEFAULT mode.
2025-12-03T10:53:37.055Z DEBUG 15034 --- [           main] o.s.b.f.s.DefaultListableBeanFactory     : Creating shared instance of singleton bean 'org.springframework.boot.autoconfigure.AutoConfigurationPackages'
2025-12-03T10:53:37.058Z DEBUG 15034 --- [           main] o.s.b.a.AutoConfigurationPackages        : @EnableAutoConfiguration was declared on a class in the package 'com.sparkage.timebeam'. Automatic @Repository and @Entity scanning is enabled.
2025-12-03T10:53:37.058Z DEBUG 15034 --- [           main] .s.d.r.c.RepositoryConfigurationDelegate : Scanning for JPA repositories in packages com.sparkage.timebeam.
2025-12-03T10:53:37.063Z DEBUG 15034 --- [           main] o.s.d.r.c.RepositoryComponentProvider    : Identified candidate component class: file [/Users/kayisrahman/Documents/workspace/ideas/time-beam/back-end/target/classes/com/sparkage/timebeam/infrastructure/persistence/RefreshTokenRepository.class]
2025-12-03T10:53:37.063Z DEBUG 15034 --- [           main] o.s.d.r.c.RepositoryComponentProvider    : Identified candidate component class: file [/Users/kayisrahman/Documents/workspace/ideas/time-beam/back-end/target/classes/com/sparkage/timebeam/infrastructure/persistence/SessionRecordRepository.class]
2025-12-03T10:53:37.063Z DEBUG 15034 --- [           main] o.s.d.r.c.RepositoryComponentProvider    : Identified candidate component class: file [/Users/kayisrahman/Documents/workspace/ideas/time-beam/back-end/target/classes/com/sparkage/timebeam/infrastructure/persistence/UserJpaRepository.class]
2025-12-03T10:53:37.073Z DEBUG 15034 --- [           main] ssPathScanningCandidateComponentProvider : Identified candidate component class: file [/Users/kayisrahman/Documents/workspace/ideas/time-beam/back-end/target/classes/com/sparkage/timebeam/infrastructure/persistence/SessionRecordMapperImpl.class]
2025-12-03T10:53:37.073Z DEBUG 15034 --- [           main] ssPathScanningCandidateComponentProvider : Identified candidate component class: file [/Users/kayisrahman/Documents/workspace/ideas/time-beam/back-end/target/classes/com/sparkage/timebeam/infrastructure/persistence/UserMapperImpl.class]
2025-12-03T10:53:37.078Z  INFO 15034 --- [           main] .s.d.r.c.RepositoryConfigurationDelegate : Finished Spring Data repository scanning in 19 ms. Found 3 JPA repository interfaces.
2025-12-03T10:53:37.142Z DEBUG 15034 --- [           main] o.s.b.f.s.DefaultListableBeanFactory     : Creating shared instance of singleton bean 'propertySourcesPlaceholderConfigurer'
2025-12-03T10:53:37.144Z DEBUG 15034 --- [           main] o.s.b.f.s.DefaultListableBeanFactory     : Creating shared instance of singleton bean 'emBeanDefinitionRegistrarPostProcessor'
2025-12-03T10:53:37.144Z DEBUG 15034 --- [           main] o.s.b.f.s.DefaultListableBeanFactory     : Creating shared instance of singleton bean 'org.springframework.boot.sql.init.dependency.DatabaseInitializationDependencyConfigurer$DependsOnDatabaseInitializationPostProcessor'
2025-12-03T10:53:37.165Z DEBUG 15034 --- [           main] o.s.b.f.s.DefaultListableBeanFactory     : Creating shared instance of singleton bean 'org.springframework.context.event.internalEventListenerProcessor'
2025-12-03T10:53:37.165Z DEBUG 15034 --- [           main] o.s.b.f.s.DefaultListableBeanFactory     : Creating shared instance of singleton bean 'preserveErrorControllerTargetClassPostProcessor'
2025-12-03T10:53:37.165Z DEBUG 15034 --- [           main] o.s.b.f.s.DefaultListableBeanFactory     : Creating shared instance of singleton bean 'conversionServicePostProcessor'
2025-12-03T10:53:37.170Z DEBUG 15034 --- [           main] o.s.b.f.s.DefaultListableBeanFactory     : Creating shared instance of singleton bean 'org.springframework.context.event.internalEventListenerFactory'
2025-12-03T10:53:37.170Z DEBUG 15034 --- [           main] o.s.b.f.s.DefaultListableBeanFactory     : Creating shared instance of singleton bean 'org.springframework.transaction.config.internalTransactionalEventListenerFactory'
2025-12-03T10:53:37.171Z DEBUG 15034 --- [           main] o.s.b.f.s.DefaultListableBeanFactory     : Creating shared instance of singleton bean 'org.springframework.context.annotation.internalAutowiredAnnotationProcessor'
2025-12-03T10:53:37.172Z DEBUG 15034 --- [           main] o.s.b.f.s.DefaultListableBeanFactory     : Creating shared instance of singleton bean 'org.springframework.context.annotation.internalCommonAnnotationProcessor'
2025-12-03T10:53:37.173Z DEBUG 15034 --- [           main] o.s.b.f.s.DefaultListableBeanFactory     : Creating shared instance of singleton bean 'org.springframework.context.annotation.internalPersistenceAnnotationProcessor'
2025-12-03T10:53:37.173Z DEBUG 15034 --- [           main] o.s.b.f.s.DefaultListableBeanFactory     : Creating shared instance of singleton bean 'org.springframework.boot.context.properties.ConfigurationPropertiesBindingPostProcessor'
2025-12-03T10:53:37.173Z DEBUG 15034 --- [           main] o.s.b.f.s.DefaultListableBeanFactory     : Creating shared instance of singleton bean 'org.springframework.boot.context.internalConfigurationPropertiesBinder'
2025-12-03T10:53:37.174Z DEBUG 15034 --- [           main] o.s.b.f.s.DefaultListableBeanFactory     : Creating shared instance of singleton bean 'jdbcConnectionDetailsHikariBeanPostProcessor'
2025-12-03T10:53:37.175Z DEBUG 15034 --- [           main] o.s.b.f.s.DefaultListableBeanFactory     : Creating shared instance of singleton bean 'org.springframework.aop.config.internalAutoProxyCreator'
2025-12-03T10:53:37.183Z DEBUG 15034 --- [           main] o.s.b.f.s.DefaultListableBeanFactory     : Creating shared instance of singleton bean 'methodValidationPostProcessor'
2025-12-03T10:53:37.188Z DEBUG 15034 --- [           main] o.s.b.f.s.DefaultListableBeanFactory     : Autowiring by type from bean name 'methodValidationPostProcessor' via factory method to bean named 'environment'
2025-12-03T10:53:37.189Z DEBUG 15034 --- [           main] o.s.b.f.s.DefaultListableBeanFactory     : Creating shared instance of singleton bean 'org.springframework.boot.context.properties.EnableConfigurationPropertiesRegistrar.methodValidationExcludeFilter'
2025-12-03T10:53:37.194Z DEBUG 15034 --- [           main] o.s.b.f.s.DefaultListableBeanFactory     : Creating shared instance of singleton bean 'persistenceExceptionTranslationPostProcessor'
2025-12-03T10:53:37.194Z DEBUG 15034 --- [           main] o.s.b.f.s.DefaultListableBeanFactory     : Autowiring by type from bean name 'persistenceExceptionTranslationPostProcessor' via factory method to bean named 'environment'
2025-12-03T10:53:37.195Z DEBUG 15034 --- [           main] o.s.b.f.s.DefaultListableBeanFactory     : Creating shared instance of singleton bean 'webServerFactoryCustomizerBeanPostProcessor'
2025-12-03T10:53:37.195Z DEBUG 15034 --- [           main] o.s.b.f.s.DefaultListableBeanFactory     : Creating shared instance of singleton bean 'errorPageRegistrarBeanPostProcessor'
2025-12-03T10:53:37.195Z DEBUG 15034 --- [           main] o.s.b.f.s.DefaultListableBeanFactory     : Creating shared instance of singleton bean 'healthEndpointGroupsBeanPostProcessor'
2025-12-03T10:53:37.195Z DEBUG 15034 --- [           main] o.s.b.f.s.DefaultListableBeanFactory     : Creating shared instance of singleton bean 'preFilterAuthorizationAdvisor'
2025-12-03T10:53:37.196Z DEBUG 15034 --- [           main] o.s.b.f.s.DefaultListableBeanFactory     : Autowiring by type from bean name 'preFilterAuthorizationAdvisor' via factory method to bean named 'org.springframework.boot.web.servlet.context.AnnotationConfigServletWebServerApplicationContext@73a8da0f'
2025-12-03T10:53:37.203Z DEBUG 15034 --- [           main] o.s.b.f.s.DefaultListableBeanFactory     : Creating shared instance of singleton bean 'preAuthorizeAuthorizationAdvisor'
2025-12-03T10:53:37.203Z DEBUG 15034 --- [           main] o.s.b.f.s.DefaultListableBeanFactory     : Autowiring by type from bean name 'preAuthorizeAuthorizationAdvisor' via factory method to bean named 'org.springframework.boot.web.servlet.context.AnnotationConfigServletWebServerApplicationContext@73a8da0f'
2025-12-03T10:53:37.205Z DEBUG 15034 --- [           main] o.s.b.f.s.DefaultListableBeanFactory     : Creating shared instance of singleton bean 'postFilterAuthorizationAdvisor'
2025-12-03T10:53:37.206Z DEBUG 15034 --- [           main] o.s.b.f.s.DefaultListableBeanFactory     : Autowiring by type from bean name 'postFilterAuthorizationAdvisor' via factory method to bean named 'org.springframework.boot.web.servlet.context.AnnotationConfigServletWebServerApplicationContext@73a8da0f'
2025-12-03T10:53:37.206Z DEBUG 15034 --- [           main] o.s.b.f.s.DefaultListableBeanFactory     : Creating shared instance of singleton bean 'postAuthorizeAuthorizationAdvisor'
2025-12-03T10:53:37.207Z DEBUG 15034 --- [           main] o.s.b.f.s.DefaultListableBeanFactory     : Autowiring by type from bean name 'postAuthorizeAuthorizationAdvisor' via factory method to bean named 'org.springframework.boot.web.servlet.context.AnnotationConfigServletWebServerApplicationContext@73a8da0f'
2025-12-03T10:53:37.208Z DEBUG 15034 --- [           main] o.s.b.f.s.DefaultListableBeanFactory     : Creating shared instance of singleton bean 'org.springframework.transaction.config.internalTransactionAdvisor'
2025-12-03T10:53:37.208Z DEBUG 15034 --- [           main] o.s.b.f.s.DefaultListableBeanFactory     : Creating shared instance of singleton bean 'org.springframework.transaction.annotation.ProxyTransactionManagementConfiguration'
2025-12-03T10:53:37.216Z DEBUG 15034 --- [           main] .s.a.a.a.ReflectiveAspectJAdvisorFactory : Found AspectJ method: public java.lang.Object io.micrometer.core.aop.CountedAspect.interceptAndRecord(org.aspectj.lang.ProceedingJoinPoint,io.micrometer.core.annotation.Counted) throws java.lang.Throwable
2025-12-03T10:53:37.218Z DEBUG 15034 --- [           main] .s.a.a.a.ReflectiveAspectJAdvisorFactory : Found AspectJ method: public java.lang.Object io.micrometer.core.aop.TimedAspect.timedClass(org.aspectj.lang.ProceedingJoinPoint) throws java.lang.Throwable
2025-12-03T10:53:37.218Z DEBUG 15034 --- [           main] .s.a.a.a.ReflectiveAspectJAdvisorFactory : Found AspectJ method: public java.lang.Object io.micrometer.core.aop.TimedAspect.timedMethod(org.aspectj.lang.ProceedingJoinPoint) throws java.lang.Throwable
2025-12-03T10:53:37.219Z DEBUG 15034 --- [           main] .s.a.a.a.ReflectiveAspectJAdvisorFactory : Found AspectJ method: public java.lang.Object io.micrometer.observation.aop.ObservedAspect.observeClass(org.aspectj.lang.ProceedingJoinPoint) throws java.lang.Throwable
2025-12-03T10:53:37.219Z DEBUG 15034 --- [           main] .s.a.a.a.ReflectiveAspectJAdvisorFactory : Found AspectJ method: public java.lang.Object io.micrometer.observation.aop.ObservedAspect.observeMethod(org.aspectj.lang.ProceedingJoinPoint) throws java.lang.Throwable
2025-12-03T10:53:37.274Z DEBUG 15034 --- [           main] o.s.b.f.s.DefaultListableBeanFactory     : Creating shared instance of singleton bean 'transactionAttributeSource'
2025-12-03T10:53:37.279Z DEBUG 15034 --- [           main] o.s.b.f.s.DefaultListableBeanFactory     : Creating shared instance of singleton bean 'transactionInterceptor'
2025-12-03T10:53:37.280Z DEBUG 15034 --- [           main] o.s.b.f.s.DefaultListableBeanFactory     : Autowiring by type from bean name 'transactionInterceptor' via factory method to bean named 'transactionAttributeSource'
2025-12-03T10:53:37.282Z DEBUG 15034 --- [           main] o.s.b.f.s.DefaultListableBeanFactory     : Autowiring by type from bean name 'org.springframework.transaction.config.internalTransactionAdvisor' via factory method to bean named 'transactionAttributeSource'
2025-12-03T10:53:37.282Z DEBUG 15034 --- [           main] o.s.b.f.s.DefaultListableBeanFactory     : Autowiring by type from bean name 'org.springframework.transaction.config.internalTransactionAdvisor' via factory method to bean named 'transactionInterceptor'
2025-12-03T10:53:37.285Z DEBUG 15034 --- [           main] o.s.b.f.s.DefaultListableBeanFactory     : Creating shared instance of singleton bean 'meterRegistryPostProcessor'
2025-12-03T10:53:37.286Z DEBUG 15034 --- [           main] o.s.b.f.s.DefaultListableBeanFactory     : Autowiring by type from bean name 'meterRegistryPostProcessor' via factory method to bean named 'org.springframework.boot.web.servlet.context.AnnotationConfigServletWebServerApplicationContext@73a8da0f'
2025-12-03T10:53:37.288Z DEBUG 15034 --- [           main] o.s.b.f.s.DefaultListableBeanFactory     : Creating shared instance of singleton bean 'metricsRepositoryMethodInvocationListenerBeanPostProcessor'
2025-12-03T10:53:37.295Z DEBUG 15034 --- [           main] o.s.b.f.s.DefaultListableBeanFactory     : Creating shared instance of singleton bean 'observationRegistryPostProcessor'
2025-12-03T10:53:37.297Z DEBUG 15034 --- [           main] o.s.b.f.s.DefaultListableBeanFactory     : Creating shared instance of singleton bean 'projectingArgumentResolverBeanPostProcessor'
2025-12-03T10:53:37.306Z DEBUG 15034 --- [           main] o.s.u.c.s.UiApplicationContextUtils      : Unable to locate ThemeSource with name 'themeSource': using default [org.springframework.ui.context.support.ResourceBundleThemeSource@6e02721d]
2025-12-03T10:53:37.307Z DEBUG 15034 --- [           main] o.s.b.f.s.DefaultListableBeanFactory     : Creating shared instance of singleton bean 'tomcatServletWebServerFactory'
2025-12-03T10:53:37.307Z DEBUG 15034 --- [           main] o.s.b.f.s.DefaultListableBeanFactory     : Creating shared instance of singleton bean 'org.springframework.boot.autoconfigure.web.servlet.ServletWebServerFactoryConfiguration$EmbeddedTomcat'
WARNING: A restricted method in java.lang.System has been called
WARNING: java.lang.System::load has been called by org.apache.tomcat.jni.Library in an unnamed module (file:/Users/kayisrahman/.m2/repository/org/apache/tomcat/embed/tomcat-embed-core/10.1.16/tomcat-embed-core-10.1.16.jar)
WARNING: Use --enable-native-access=ALL-UNNAMED to avoid a warning for callers in this module
WARNING: Restricted methods will be blocked in a future release unless native access is enabled

2025-12-03T10:53:37.329Z DEBUG 15034 --- [           main] o.s.b.f.s.DefaultListableBeanFactory     : Creating shared instance of singleton bean 'websocketServletWebServerCustomizer'
2025-12-03T10:53:37.329Z DEBUG 15034 --- [           main] o.s.b.f.s.DefaultListableBeanFactory     : Creating shared instance of singleton bean 'org.springframework.boot.autoconfigure.websocket.servlet.WebSocketServletAutoConfiguration$TomcatWebSocketConfiguration'
2025-12-03T10:53:37.331Z DEBUG 15034 --- [           main] o.s.b.f.s.DefaultListableBeanFactory     : Creating shared instance of singleton bean 'servletWebServerFactoryCustomizer'
2025-12-03T10:53:37.331Z DEBUG 15034 --- [           main] o.s.b.f.s.DefaultListableBeanFactory     : Creating shared instance of singleton bean 'org.springframework.boot.autoconfigure.web.servlet.ServletWebServerFactoryAutoConfiguration'
2025-12-03T10:53:37.333Z DEBUG 15034 --- [           main] o.s.b.f.s.DefaultListableBeanFactory     : Creating shared instance of singleton bean 'server-org.springframework.boot.autoconfigure.web.ServerProperties'
2025-12-03T10:53:37.335Z DEBUG 15034 --- [           main] o.s.b.f.s.DefaultListableBeanFactory     : Creating shared instance of singleton bean 'org.springframework.boot.context.properties.BoundConfigurationProperties'
2025-12-03T10:53:37.346Z DEBUG 15034 --- [           main] o.s.b.f.s.DefaultListableBeanFactory     : Autowiring by type from bean name 'servletWebServerFactoryCustomizer' via factory method to bean named 'server-org.springframework.boot.autoconfigure.web.ServerProperties'
2025-12-03T10:53:37.347Z DEBUG 15034 --- [           main] o.s.b.f.s.DefaultListableBeanFactory     : Creating shared instance of singleton bean 'sslBundleRegistry'
2025-12-03T10:53:37.347Z DEBUG 15034 --- [           main] o.s.b.f.s.DefaultListableBeanFactory     : Creating shared instance of singleton bean 'org.springframework.boot.autoconfigure.ssl.SslAutoConfiguration'
2025-12-03T10:53:37.348Z DEBUG 15034 --- [           main] o.s.b.f.s.DefaultListableBeanFactory     : Creating shared instance of singleton bean 'spring.ssl-org.springframework.boot.autoconfigure.ssl.SslProperties'
2025-12-03T10:53:37.349Z DEBUG 15034 --- [           main] o.s.b.f.s.DefaultListableBeanFactory     : Autowiring by type from bean name 'org.springframework.boot.autoconfigure.ssl.SslAutoConfiguration' via constructor to bean named 'spring.ssl-org.springframework.boot.autoconfigure.ssl.SslProperties'
2025-12-03T10:53:37.350Z DEBUG 15034 --- [           main] o.s.b.f.s.DefaultListableBeanFactory     : Creating shared instance of singleton bean 'sslPropertiesSslBundleRegistrar'
2025-12-03T10:53:37.351Z DEBUG 15034 --- [           main] o.s.b.f.s.DefaultListableBeanFactory     : Creating shared instance of singleton bean 'fileWatcher'
2025-12-03T10:53:37.352Z DEBUG 15034 --- [           main] o.s.b.f.s.DefaultListableBeanFactory     : Autowiring by type from bean name 'sslPropertiesSslBundleRegistrar' via factory method to bean named 'fileWatcher'
2025-12-03T10:53:37.356Z DEBUG 15034 --- [           main] o.s.b.f.s.DefaultListableBeanFactory     : Creating shared instance of singleton bean 'tomcatServletWebServerFactoryCustomizer'
2025-12-03T10:53:37.357Z DEBUG 15034 --- [           main] o.s.b.f.s.DefaultListableBeanFactory     : Autowiring by type from bean name 'tomcatServletWebServerFactoryCustomizer' via factory method to bean named 'server-org.springframework.boot.autoconfigure.web.ServerProperties'
2025-12-03T10:53:37.358Z DEBUG 15034 --- [           main] o.s.b.f.s.DefaultListableBeanFactory     : Creating shared instance of singleton bean 'tomcatWebServerFactoryCustomizer'
2025-12-03T10:53:37.358Z DEBUG 15034 --- [           main] o.s.b.f.s.DefaultListableBeanFactory     : Creating shared instance of singleton bean 'org.springframework.boot.autoconfigure.web.embedded.EmbeddedWebServerFactoryCustomizerAutoConfiguration$TomcatWebServerFactoryCustomizerConfiguration'
2025-12-03T10:53:37.359Z DEBUG 15034 --- [           main] o.s.b.f.s.DefaultListableBeanFactory     : Autowiring by type from bean name 'tomcatWebServerFactoryCustomizer' via factory method to bean named 'environment'
2025-12-03T10:53:37.359Z DEBUG 15034 --- [           main] o.s.b.f.s.DefaultListableBeanFactory     : Autowiring by type from bean name 'tomcatWebServerFactoryCustomizer' via factory method to bean named 'server-org.springframework.boot.autoconfigure.web.ServerProperties'
2025-12-03T10:53:37.363Z DEBUG 15034 --- [           main] o.s.b.f.s.DefaultListableBeanFactory     : Creating shared instance of singleton bean 'localeCharsetMappingsCustomizer'
2025-12-03T10:53:37.363Z DEBUG 15034 --- [           main] o.s.b.f.s.DefaultListableBeanFactory     : Creating shared instance of singleton bean 'org.springframework.boot.autoconfigure.web.servlet.HttpEncodingAutoConfiguration'
2025-12-03T10:53:37.363Z DEBUG 15034 --- [           main] o.s.b.f.s.DefaultListableBeanFactory     : Autowiring by type from bean name 'org.springframework.boot.autoconfigure.web.servlet.HttpEncodingAutoConfiguration' via constructor to bean named 'server-org.springframework.boot.autoconfigure.web.ServerProperties'
2025-12-03T10:53:37.375Z DEBUG 15034 --- [           main] o.s.b.f.s.DefaultListableBeanFactory     : Creating shared instance of singleton bean 'errorPageCustomizer'
2025-12-03T10:53:37.375Z DEBUG 15034 --- [           main] o.s.b.f.s.DefaultListableBeanFactory     : Creating shared instance of singleton bean 'org.springframework.boot.autoconfigure.web.servlet.error.ErrorMvcAutoConfiguration'
2025-12-03T10:53:37.375Z DEBUG 15034 --- [           main] o.s.b.f.s.DefaultListableBeanFactory     : Autowiring by type from bean name 'org.springframework.boot.autoconfigure.web.servlet.error.ErrorMvcAutoConfiguration' via constructor to bean named 'server-org.springframework.boot.autoconfigure.web.ServerProperties'
2025-12-03T10:53:37.377Z DEBUG 15034 --- [           main] o.s.b.f.s.DefaultListableBeanFactory     : Creating shared instance of singleton bean 'dispatcherServletRegistration'
2025-12-03T10:53:37.377Z DEBUG 15034 --- [           main] o.s.b.f.s.DefaultListableBeanFactory     : Creating shared instance of singleton bean 'org.springframework.boot.autoconfigure.web.servlet.DispatcherServletAutoConfiguration$DispatcherServletRegistrationConfiguration'
2025-12-03T10:53:37.378Z DEBUG 15034 --- [           main] o.s.b.f.s.DefaultListableBeanFactory     : Creating shared instance of singleton bean 'dispatcherServlet'
2025-12-03T10:53:37.378Z DEBUG 15034 --- [           main] o.s.b.f.s.DefaultListableBeanFactory     : Creating shared instance of singleton bean 'org.springframework.boot.autoconfigure.web.servlet.DispatcherServletAutoConfiguration$DispatcherServletConfiguration'
2025-12-03T10:53:37.379Z DEBUG 15034 --- [           main] o.s.b.f.s.DefaultListableBeanFactory     : Creating shared instance of singleton bean 'spring.mvc-org.springframework.boot.autoconfigure.web.servlet.WebMvcProperties'
2025-12-03T10:53:37.382Z DEBUG 15034 --- [           main] o.s.b.f.s.DefaultListableBeanFactory     : Autowiring by type from bean name 'dispatcherServlet' via factory method to bean named 'spring.mvc-org.springframework.boot.autoconfigure.web.servlet.WebMvcProperties'
2025-12-03T10:53:37.397Z DEBUG 15034 --- [           main] o.s.b.f.s.DefaultListableBeanFactory     : Autowiring by type from bean name 'dispatcherServletRegistration' via factory method to bean named 'dispatcherServlet'
2025-12-03T10:53:37.397Z DEBUG 15034 --- [           main] o.s.b.f.s.DefaultListableBeanFactory     : Autowiring by type from bean name 'dispatcherServletRegistration' via factory method to bean named 'spring.mvc-org.springframework.boot.autoconfigure.web.servlet.WebMvcProperties'
2025-12-03T10:53:37.398Z DEBUG 15034 --- [           main] o.s.b.f.s.DefaultListableBeanFactory     : Creating shared instance of singleton bean 'multipartConfigElement'
2025-12-03T10:53:37.398Z DEBUG 15034 --- [           main] o.s.b.f.s.DefaultListableBeanFactory     : Creating shared instance of singleton bean 'org.springframework.boot.autoconfigure.web.servlet.MultipartAutoConfiguration'
2025-12-03T10:53:37.399Z DEBUG 15034 --- [           main] o.s.b.f.s.DefaultListableBeanFactory     : Creating shared instance of singleton bean 'spring.servlet.multipart-org.springframework.boot.autoconfigure.web.servlet.MultipartProperties'
2025-12-03T10:53:37.401Z DEBUG 15034 --- [           main] o.s.b.f.s.DefaultListableBeanFactory     : Autowiring by type from bean name 'org.springframework.boot.autoconfigure.web.servlet.MultipartAutoConfiguration' via constructor to bean named 'spring.servlet.multipart-org.springframework.boot.autoconfigure.web.servlet.MultipartProperties'
2025-12-03T10:53:37.408Z DEBUG 15034 --- [           main] o.s.b.f.s.DefaultListableBeanFactory     : Autowiring by type from bean name 'errorPageCustomizer' via factory method to bean named 'dispatcherServletRegistration'
2025-12-03T10:53:37.457Z DEBUG 15034 --- [           main] .s.b.w.e.t.TomcatServletWebServerFactory : Code archive: /Users/kayisrahman/.m2/repository/org/springframework/boot/spring-boot/3.2.0/spring-boot-3.2.0.jar
2025-12-03T10:53:37.457Z DEBUG 15034 --- [           main] .s.b.w.e.t.TomcatServletWebServerFactory : Code archive: /Users/kayisrahman/.m2/repository/org/springframework/boot/spring-boot/3.2.0/spring-boot-3.2.0.jar
2025-12-03T10:53:37.457Z DEBUG 15034 --- [           main] .s.b.w.e.t.TomcatServletWebServerFactory : None of the document roots [src/main/webapp, public, static] point to a directory and will be ignored.
2025-12-03T10:53:37.467Z  INFO 15034 --- [           main] o.s.b.w.embedded.tomcat.TomcatWebServer  : Tomcat initialized with port 8080 (http)
2025-12-03T10:53:37.472Z  INFO 15034 --- [           main] o.apache.catalina.core.StandardService   : Starting service [Tomcat]
2025-12-03T10:53:37.472Z  INFO 15034 --- [           main] o.apache.catalina.core.StandardEngine    : Starting Servlet engine: [Apache Tomcat/10.1.16]
2025-12-03T10:53:37.509Z  INFO 15034 --- [           main] o.a.c.c.C.[Tomcat].[localhost].[/]       : Initializing Spring embedded WebApplicationContext
2025-12-03T10:53:37.509Z DEBUG 15034 --- [           main] w.s.c.ServletWebServerApplicationContext : Published root WebApplicationContext as ServletContext attribute with name [org.springframework.web.context.WebApplicationContext.ROOT]
2025-12-03T10:53:37.509Z  INFO 15034 --- [           main] w.s.c.ServletWebServerApplicationContext : Root WebApplicationContext: initialization completed in 888 ms
Standard Commons Logging discovery in action with spring-jcl: please remove commons-logging.jar from classpath in order to avoid potential conflicts
2025-12-03T10:53:37.510Z DEBUG 15034 --- [           main] o.s.b.f.s.DefaultListableBeanFactory     : Creating shared instance of singleton bean 'webMvcObservationFilter'
2025-12-03T10:53:37.510Z DEBUG 15034 --- [           main] o.s.b.f.s.DefaultListableBeanFactory     : Creating shared instance of singleton bean 'org.springframework.boot.actuate.autoconfigure.observation.web.servlet.WebMvcObservationAutoConfiguration'
2025-12-03T10:53:37.512Z DEBUG 15034 --- [           main] o.s.b.f.s.DefaultListableBeanFactory     : Creating shared instance of singleton bean 'observationRegistry'
2025-12-03T10:53:37.512Z DEBUG 15034 --- [           main] o.s.b.f.s.DefaultListableBeanFactory     : Creating shared instance of singleton bean 'org.springframework.boot.actuate.autoconfigure.observation.ObservationAutoConfiguration'
2025-12-03T10:53:37.514Z DEBUG 15034 --- [           main] o.s.b.f.s.DefaultListableBeanFactory     : Creating shared instance of singleton bean 'propertiesObservationFilter'
2025-12-03T10:53:37.514Z DEBUG 15034 --- [           main] o.s.b.f.s.DefaultListableBeanFactory     : Creating shared instance of singleton bean 'management.observations-org.springframework.boot.actuate.autoconfigure.observation.ObservationProperties'
2025-12-03T10:53:37.515Z DEBUG 15034 --- [           main] o.s.b.f.s.DefaultListableBeanFactory     : Autowiring by type from bean name 'propertiesObservationFilter' via factory method to bean named 'management.observations-org.springframework.boot.actuate.autoconfigure.observation.ObservationProperties'
2025-12-03T10:53:37.518Z DEBUG 15034 --- [           main] o.s.b.f.s.DefaultListableBeanFactory     : Creating shared instance of singleton bean 'metricsObservationHandlerGrouping'
2025-12-03T10:53:37.518Z DEBUG 15034 --- [           main] o.s.b.f.s.DefaultListableBeanFactory     : Creating shared instance of singleton bean 'org.springframework.boot.actuate.autoconfigure.observation.ObservationAutoConfiguration$OnlyMetricsConfiguration'
2025-12-03T10:53:37.520Z DEBUG 15034 --- [           main] o.s.b.f.s.DefaultListableBeanFactory     : Creating shared instance of singleton bean 'defaultMeterObservationHandler'
2025-12-03T10:53:37.520Z DEBUG 15034 --- [           main] o.s.b.f.s.DefaultListableBeanFactory     : Creating shared instance of singleton bean 'org.springframework.boot.actuate.autoconfigure.observation.ObservationAutoConfiguration$MeterObservationHandlerConfiguration$OnlyMetricsMeterObservationHandlerConfiguration'
2025-12-03T10:53:37.521Z DEBUG 15034 --- [           main] o.s.b.f.s.DefaultListableBeanFactory     : Creating shared instance of singleton bean 'simpleMeterRegistry'
2025-12-03T10:53:37.521Z DEBUG 15034 --- [           main] o.s.b.f.s.DefaultListableBeanFactory     : Creating shared instance of singleton bean 'org.springframework.boot.actuate.autoconfigure.metrics.export.simple.SimpleMetricsExportAutoConfiguration'
2025-12-03T10:53:37.522Z DEBUG 15034 --- [           main] o.s.b.f.s.DefaultListableBeanFactory     : Creating shared instance of singleton bean 'simpleConfig'
2025-12-03T10:53:37.522Z DEBUG 15034 --- [           main] o.s.b.f.s.DefaultListableBeanFactory     : Creating shared instance of singleton bean 'management.simple.metrics.export-org.springframework.boot.actuate.autoconfigure.metrics.export.simple.SimpleProperties'
2025-12-03T10:53:37.523Z DEBUG 15034 --- [           main] o.s.b.f.s.DefaultListableBeanFactory     : Autowiring by type from bean name 'simpleConfig' via factory method to bean named 'management.simple.metrics.export-org.springframework.boot.actuate.autoconfigure.metrics.export.simple.SimpleProperties'
2025-12-03T10:53:37.526Z DEBUG 15034 --- [           main] o.s.b.f.s.DefaultListableBeanFactory     : Creating shared instance of singleton bean 'micrometerClock'
2025-12-03T10:53:37.526Z DEBUG 15034 --- [           main] o.s.b.f.s.DefaultListableBeanFactory     : Creating shared instance of singleton bean 'org.springframework.boot.actuate.autoconfigure.metrics.MetricsAutoConfiguration'
2025-12-03T10:53:37.527Z DEBUG 15034 --- [           main] o.s.b.f.s.DefaultListableBeanFactory     : Autowiring by type from bean name 'simpleMeterRegistry' via factory method to bean named 'simpleConfig'
2025-12-03T10:53:37.527Z DEBUG 15034 --- [           main] o.s.b.f.s.DefaultListableBeanFactory     : Autowiring by type from bean name 'simpleMeterRegistry' via factory method to bean named 'micrometerClock'
2025-12-03T10:53:37.538Z DEBUG 15034 --- [           main] o.s.b.f.s.DefaultListableBeanFactory     : Creating shared instance of singleton bean 'propertiesMeterFilter'
2025-12-03T10:53:37.538Z DEBUG 15034 --- [           main] o.s.b.f.s.DefaultListableBeanFactory     : Creating shared instance of singleton bean 'management.metrics-org.springframework.boot.actuate.autoconfigure.metrics.MetricsProperties'
2025-12-03T10:53:37.539Z DEBUG 15034 --- [           main] o.s.b.f.s.DefaultListableBeanFactory     : Autowiring by type from bean name 'propertiesMeterFilter' via factory method to bean named 'management.metrics-org.springframework.boot.actuate.autoconfigure.metrics.MetricsProperties'
2025-12-03T10:53:37.542Z DEBUG 15034 --- [           main] o.s.b.f.s.DefaultListableBeanFactory     : Creating shared instance of singleton bean 'metricsHttpClientUriTagFilter'
2025-12-03T10:53:37.542Z DEBUG 15034 --- [           main] o.s.b.f.s.DefaultListableBeanFactory     : Creating shared instance of singleton bean 'org.springframework.boot.actuate.autoconfigure.observation.web.client.HttpClientObservationsAutoConfiguration$MeterFilterConfiguration'
2025-12-03T10:53:37.543Z DEBUG 15034 --- [           main] o.s.b.f.s.DefaultListableBeanFactory     : Autowiring by type from bean name 'metricsHttpClientUriTagFilter' via factory method to bean named 'management.observations-org.springframework.boot.actuate.autoconfigure.observation.ObservationProperties'
2025-12-03T10:53:37.543Z DEBUG 15034 --- [           main] o.s.b.f.s.DefaultListableBeanFactory     : Autowiring by type from bean name 'metricsHttpClientUriTagFilter' via factory method to bean named 'management.metrics-org.springframework.boot.actuate.autoconfigure.metrics.MetricsProperties'
2025-12-03T10:53:37.544Z DEBUG 15034 --- [           main] o.s.b.f.s.DefaultListableBeanFactory     : Creating shared instance of singleton bean 'metricsHttpServerUriTagFilter'
2025-12-03T10:53:37.544Z DEBUG 15034 --- [           main] o.s.b.f.s.DefaultListableBeanFactory     : Creating shared instance of singleton bean 'org.springframework.boot.actuate.autoconfigure.observation.web.servlet.WebMvcObservationAutoConfiguration$MeterFilterConfiguration'
2025-12-03T10:53:37.545Z DEBUG 15034 --- [           main] o.s.b.f.s.DefaultListableBeanFactory     : Autowiring by type from bean name 'metricsHttpServerUriTagFilter' via factory method to bean named 'management.observations-org.springframework.boot.actuate.autoconfigure.observation.ObservationProperties'
2025-12-03T10:53:37.545Z DEBUG 15034 --- [           main] o.s.b.f.s.DefaultListableBeanFactory     : Autowiring by type from bean name 'metricsHttpServerUriTagFilter' via factory method to bean named 'management.metrics-org.springframework.boot.actuate.autoconfigure.metrics.MetricsProperties'
2025-12-03T10:53:37.547Z DEBUG 15034 --- [           main] o.s.b.f.s.DefaultListableBeanFactory     : Autowiring by type from bean name 'defaultMeterObservationHandler' via factory method to bean named 'simpleMeterRegistry'
2025-12-03T10:53:37.549Z DEBUG 15034 --- [           main] o.s.b.f.s.DefaultListableBeanFactory     : Autowiring by type from bean name 'webMvcObservationFilter' via factory method to bean named 'observationRegistry'
2025-12-03T10:53:37.549Z DEBUG 15034 --- [           main] o.s.b.f.s.DefaultListableBeanFactory     : Autowiring by type from bean name 'webMvcObservationFilter' via factory method to bean named 'management.observations-org.springframework.boot.actuate.autoconfigure.observation.ObservationProperties'
2025-12-03T10:53:37.555Z DEBUG 15034 --- [           main] o.s.b.f.s.DefaultListableBeanFactory     : Creating shared instance of singleton bean 'securityFilterChainRegistration'
2025-12-03T10:53:37.555Z DEBUG 15034 --- [           main] o.s.b.f.s.DefaultListableBeanFactory     : Creating shared instance of singleton bean 'org.springframework.boot.autoconfigure.security.servlet.SecurityFilterAutoConfiguration'
2025-12-03T10:53:37.556Z DEBUG 15034 --- [           main] o.s.b.f.s.DefaultListableBeanFactory     : Creating shared instance of singleton bean 'spring.security-org.springframework.boot.autoconfigure.security.SecurityProperties'
2025-12-03T10:53:37.557Z DEBUG 15034 --- [           main] o.s.b.f.s.DefaultListableBeanFactory     : Autowiring by type from bean name 'securityFilterChainRegistration' via factory method to bean named 'spring.security-org.springframework.boot.autoconfigure.security.SecurityProperties'
2025-12-03T10:53:37.559Z DEBUG 15034 --- [           main] o.s.b.f.s.DefaultListableBeanFactory     : Creating shared instance of singleton bean 'servletEndpointRegistrar'
2025-12-03T10:53:37.559Z DEBUG 15034 --- [           main] o.s.b.f.s.DefaultListableBeanFactory     : Creating shared instance of singleton bean 'org.springframework.boot.actuate.autoconfigure.endpoint.web.ServletEndpointManagementContextConfiguration$WebMvcServletEndpointManagementContextConfiguration'
2025-12-03T10:53:37.560Z DEBUG 15034 --- [           main] o.s.b.f.s.DefaultListableBeanFactory     : Creating shared instance of singleton bean 'management.endpoints.web-org.springframework.boot.actuate.autoconfigure.endpoint.web.WebEndpointProperties'
2025-12-03T10:53:37.561Z DEBUG 15034 --- [           main] o.s.b.f.s.DefaultListableBeanFactory     : Creating shared instance of singleton bean 'servletEndpointDiscoverer'
2025-12-03T10:53:37.561Z DEBUG 15034 --- [           main] o.s.b.f.s.DefaultListableBeanFactory     : Creating shared instance of singleton bean 'org.springframework.boot.actuate.autoconfigure.endpoint.web.WebEndpointAutoConfiguration$WebEndpointServletConfiguration'
2025-12-03T10:53:37.562Z DEBUG 15034 --- [           main] o.s.b.f.s.DefaultListableBeanFactory     : Autowiring by type from bean name 'servletEndpointDiscoverer' via factory method to bean named 'org.springframework.boot.web.servlet.context.AnnotationConfigServletWebServerApplicationContext@73a8da0f'
2025-12-03T10:53:37.563Z DEBUG 15034 --- [           main] o.s.b.f.s.DefaultListableBeanFactory     : Creating shared instance of singleton bean 'webEndpointPathMapper'
2025-12-03T10:53:37.563Z DEBUG 15034 --- [           main] o.s.b.f.s.DefaultListableBeanFactory     : Creating shared instance of singleton bean 'org.springframework.boot.actuate.autoconfigure.endpoint.web.WebEndpointAutoConfiguration'
2025-12-03T10:53:37.563Z DEBUG 15034 --- [           main] o.s.b.f.s.DefaultListableBeanFactory     : Autowiring by type from bean name 'org.springframework.boot.actuate.autoconfigure.endpoint.web.WebEndpointAutoConfiguration' via constructor to bean named 'org.springframework.boot.web.servlet.context.AnnotationConfigServletWebServerApplicationContext@73a8da0f'
2025-12-03T10:53:37.563Z DEBUG 15034 --- [           main] o.s.b.f.s.DefaultListableBeanFactory     : Autowiring by type from bean name 'org.springframework.boot.actuate.autoconfigure.endpoint.web.WebEndpointAutoConfiguration' via constructor to bean named 'management.endpoints.web-org.springframework.boot.actuate.autoconfigure.endpoint.web.WebEndpointProperties'
2025-12-03T10:53:37.567Z DEBUG 15034 --- [           main] o.s.b.f.s.DefaultListableBeanFactory     : Creating shared instance of singleton bean 'servletExposeExcludePropertyEndpointFilter'
2025-12-03T10:53:37.567Z DEBUG 15034 --- [           main] o.s.b.f.s.DefaultListableBeanFactory     : Creating shared instance of singleton bean 'org.springframework.boot.actuate.autoconfigure.endpoint.web.ServletEndpointManagementContextConfiguration'
2025-12-03T10:53:37.568Z DEBUG 15034 --- [           main] o.s.b.f.s.DefaultListableBeanFactory     : Autowiring by type from bean name 'servletExposeExcludePropertyEndpointFilter' via factory method to bean named 'management.endpoints.web-org.springframework.boot.actuate.autoconfigure.endpoint.web.WebEndpointProperties'
2025-12-03T10:53:37.572Z DEBUG 15034 --- [           main] o.s.b.f.s.DefaultListableBeanFactory     : Autowiring by type from bean name 'servletEndpointRegistrar' via factory method to bean named 'management.endpoints.web-org.springframework.boot.actuate.autoconfigure.endpoint.web.WebEndpointProperties'
2025-12-03T10:53:37.572Z DEBUG 15034 --- [           main] o.s.b.f.s.DefaultListableBeanFactory     : Autowiring by type from bean name 'servletEndpointRegistrar' via factory method to bean named 'servletEndpointDiscoverer'
2025-12-03T10:53:37.572Z DEBUG 15034 --- [           main] o.s.b.f.s.DefaultListableBeanFactory     : Autowiring by type from bean name 'servletEndpointRegistrar' via factory method to bean named 'dispatcherServletRegistration'
2025-12-03T10:53:37.578Z DEBUG 15034 --- [           main] o.s.b.f.s.DefaultListableBeanFactory     : Creating shared instance of singleton bean 'jwtAuthenticationFilter'
2025-12-03T10:53:37.578Z DEBUG 15034 --- [           main] o.s.b.f.s.DefaultListableBeanFactory     : Creating shared instance of singleton bean 'jwtUtils'
2025-12-03T10:53:37.579Z DEBUG 15034 --- [           main] o.s.c.e.PropertySourcesPropertyResolver  : Found key 'jwt.secret' in PropertySource 'environmentProperties' with value of type String
2025-12-03T10:53:37.579Z DEBUG 15034 --- [           main] o.s.c.e.PropertySourcesPropertyResolver  : Found key 'jwt.expiration-ms' in PropertySource 'environmentProperties' with value of type String
2025-12-03T10:53:37.582Z DEBUG 15034 --- [           main] o.s.b.f.s.DefaultListableBeanFactory     : Autowiring by type from bean name 'jwtAuthenticationFilter' via constructor to bean named 'jwtUtils'
2025-12-03T10:53:37.585Z DEBUG 15034 --- [           main] o.s.b.f.s.DefaultListableBeanFactory     : Creating shared instance of singleton bean 'requestContextFilter'
2025-12-03T10:53:37.589Z DEBUG 15034 --- [           main] o.s.b.f.s.DefaultListableBeanFactory     : Creating shared instance of singleton bean 'formContentFilter'
2025-12-03T10:53:37.589Z DEBUG 15034 --- [           main] o.s.b.f.s.DefaultListableBeanFactory     : Creating shared instance of singleton bean 'org.springframework.boot.autoconfigure.web.servlet.WebMvcAutoConfiguration'
2025-12-03T10:53:37.593Z DEBUG 15034 --- [           main] o.s.b.f.s.DefaultListableBeanFactory     : Creating shared instance of singleton bean 'characterEncodingFilter'
2025-12-03T10:53:37.599Z DEBUG 15034 --- [           main] o.s.b.w.s.ServletContextInitializerBeans : Mapping filters: webMvcObservationFilter urls=[/*] order=-2147483647, springSecurityFilterChain urls=[/*] order=-100, characterEncodingFilter urls=[/*] order=-2147483648, formContentFilter urls=[/*] order=-9900, requestContextFilter urls=[/*] order=-105, jwtAuthenticationFilter urls=[/*] order=2147483647
2025-12-03T10:53:37.599Z DEBUG 15034 --- [           main] o.s.b.w.s.ServletContextInitializerBeans : Mapping servlets: dispatcherServlet urls=[/]
2025-12-03T10:53:37.609Z DEBUG 15034 --- [           main] o.s.b.w.s.f.OrderedRequestContextFilter  : Filter 'requestContextFilter' configured for use
2025-12-03T10:53:37.610Z DEBUG 15034 --- [           main] c.s.t.i.e.JwtAuthenticationFilter        : Filter 'jwtAuthenticationFilter' configured for use
2025-12-03T10:53:37.610Z DEBUG 15034 --- [           main] o.s.w.f.ServerHttpObservationFilter      : Filter 'webMvcObservationFilter' configured for use
2025-12-03T10:53:37.610Z DEBUG 15034 --- [           main] s.b.w.s.f.OrderedCharacterEncodingFilter : Filter 'characterEncodingFilter' configured for use
2025-12-03T10:53:37.610Z DEBUG 15034 --- [           main] .DelegatingFilterProxyRegistrationBean$1 : Filter 'springSecurityFilterChain' configured for use
2025-12-03T10:53:37.610Z DEBUG 15034 --- [           main] o.s.b.w.s.f.OrderedFormContentFilter     : Filter 'formContentFilter' configured for use
2025-12-03T10:53:37.613Z DEBUG 15034 --- [           main] o.s.b.f.s.DefaultListableBeanFactory     : Creating shared instance of singleton bean 'dataSourceScriptDatabaseInitializer'
2025-12-03T10:53:37.614Z DEBUG 15034 --- [           main] o.s.b.f.s.DefaultListableBeanFactory     : Creating shared instance of singleton bean 'org.springframework.boot.autoconfigure.sql.init.DataSourceInitializationConfiguration'
2025-12-03T10:53:37.614Z DEBUG 15034 --- [           main] o.s.b.f.s.DefaultListableBeanFactory     : Creating shared instance of singleton bean 'dataSource'
2025-12-03T10:53:37.615Z DEBUG 15034 --- [           main] o.s.b.f.s.DefaultListableBeanFactory     : Creating shared instance of singleton bean 'org.springframework.boot.autoconfigure.jdbc.DataSourceConfiguration$Hikari'
2025-12-03T10:53:37.615Z DEBUG 15034 --- [           main] o.s.b.f.s.DefaultListableBeanFactory     : Creating shared instance of singleton bean 'spring.datasource-org.springframework.boot.autoconfigure.jdbc.DataSourceProperties'
2025-12-03T10:53:37.620Z DEBUG 15034 --- [           main] o.s.b.f.s.DefaultListableBeanFactory     : Creating shared instance of singleton bean 'jdbcConnectionDetails'
2025-12-03T10:53:37.620Z DEBUG 15034 --- [           main] o.s.b.f.s.DefaultListableBeanFactory     : Creating shared instance of singleton bean 'org.springframework.boot.autoconfigure.jdbc.DataSourceAutoConfiguration$PooledDataSourceConfiguration'
2025-12-03T10:53:37.620Z DEBUG 15034 --- [           main] o.s.b.f.s.DefaultListableBeanFactory     : Autowiring by type from bean name 'jdbcConnectionDetails' via factory method to bean named 'spring.datasource-org.springframework.boot.autoconfigure.jdbc.DataSourceProperties'
2025-12-03T10:53:37.621Z DEBUG 15034 --- [           main] o.s.b.f.s.DefaultListableBeanFactory     : Autowiring by type from bean name 'dataSource' via factory method to bean named 'spring.datasource-org.springframework.boot.autoconfigure.jdbc.DataSourceProperties'
2025-12-03T10:53:37.621Z DEBUG 15034 --- [           main] o.s.b.f.s.DefaultListableBeanFactory     : Autowiring by type from bean name 'dataSource' via factory method to bean named 'jdbcConnectionDetails'
2025-12-03T10:53:37.636Z DEBUG 15034 --- [           main] o.s.b.f.s.DefaultListableBeanFactory     : Creating shared instance of singleton bean 'spring.sql.init-org.springframework.boot.autoconfigure.sql.init.SqlInitializationProperties'
2025-12-03T10:53:37.637Z DEBUG 15034 --- [           main] o.s.b.f.s.DefaultListableBeanFactory     : Autowiring by type from bean name 'dataSourceScriptDatabaseInitializer' via factory method to bean named 'dataSource'
2025-12-03T10:53:37.637Z DEBUG 15034 --- [           main] o.s.b.f.s.DefaultListableBeanFactory     : Autowiring by type from bean name 'dataSourceScriptDatabaseInitializer' via factory method to bean named 'spring.sql.init-org.springframework.boot.autoconfigure.sql.init.SqlInitializationProperties'
2025-12-03T10:53:37.640Z DEBUG 15034 --- [           main] o.s.b.f.s.DefaultListableBeanFactory     : Creating shared instance of singleton bean 'entityManagerFactory'
2025-12-03T10:53:37.640Z DEBUG 15034 --- [           main] o.s.b.f.s.DefaultListableBeanFactory     : Creating shared instance of singleton bean 'org.springframework.boot.autoconfigure.orm.jpa.HibernateJpaConfiguration'
2025-12-03T10:53:37.640Z DEBUG 15034 --- [           main] o.s.b.f.s.DefaultListableBeanFactory     : Creating shared instance of singleton bean 'spring.jpa-org.springframework.boot.autoconfigure.orm.jpa.JpaProperties'
2025-12-03T10:53:37.643Z DEBUG 15034 --- [           main] o.s.b.f.s.DefaultListableBeanFactory     : Creating shared instance of singleton bean 'spring.jpa.hibernate-org.springframework.boot.autoconfigure.orm.jpa.HibernateProperties'
2025-12-03T10:53:37.644Z DEBUG 15034 --- [           main] o.s.b.f.s.DefaultListableBeanFactory     : Autowiring by type from bean name 'org.springframework.boot.autoconfigure.orm.jpa.HibernateJpaConfiguration' via constructor to bean named 'dataSource'
2025-12-03T10:53:37.644Z DEBUG 15034 --- [           main] o.s.b.f.s.DefaultListableBeanFactory     : Autowiring by type from bean name 'org.springframework.boot.autoconfigure.orm.jpa.HibernateJpaConfiguration' via constructor to bean named 'spring.jpa-org.springframework.boot.autoconfigure.orm.jpa.JpaProperties'
2025-12-03T10:53:37.644Z DEBUG 15034 --- [           main] o.s.b.f.s.DefaultListableBeanFactory     : Autowiring by type from bean name 'org.springframework.boot.autoconfigure.orm.jpa.HibernateJpaConfiguration' via constructor to bean named 'org.springframework.beans.factory.support.DefaultListableBeanFactory@35a9782c'
2025-12-03T10:53:37.644Z DEBUG 15034 --- [           main] o.s.b.f.s.DefaultListableBeanFactory     : Autowiring by type from bean name 'org.springframework.boot.autoconfigure.orm.jpa.HibernateJpaConfiguration' via constructor to bean named 'spring.jpa.hibernate-org.springframework.boot.autoconfigure.orm.jpa.HibernateProperties'
2025-12-03T10:53:37.646Z DEBUG 15034 --- [           main] o.s.b.f.s.DefaultListableBeanFactory     : Creating shared instance of singleton bean 'hikariPoolDataSourceMetadataProvider'
2025-12-03T10:53:37.646Z DEBUG 15034 --- [           main] o.s.b.f.s.DefaultListableBeanFactory     : Creating shared instance of singleton bean 'org.springframework.boot.autoconfigure.jdbc.metadata.DataSourcePoolMetadataProvidersConfiguration$HikariPoolDataSourceMetadataProviderConfiguration'
2025-12-03T10:53:37.654Z DEBUG 15034 --- [           main] o.s.b.f.s.DefaultListableBeanFactory     : Creating shared instance of singleton bean 'entityManagerFactoryBuilder'
2025-12-03T10:53:37.655Z DEBUG 15034 --- [           main] o.s.b.f.s.DefaultListableBeanFactory     : Creating shared instance of singleton bean 'jpaVendorAdapter'
2025-12-03T10:53:37.662Z DEBUG 15034 --- [           main] o.s.b.f.s.DefaultListableBeanFactory     : Autowiring by type from bean name 'entityManagerFactoryBuilder' via factory method to bean named 'jpaVendorAdapter'
2025-12-03T10:53:37.664Z DEBUG 15034 --- [           main] o.s.b.f.s.DefaultListableBeanFactory     : Creating shared instance of singleton bean 'persistenceManagedTypes'
2025-12-03T10:53:37.664Z DEBUG 15034 --- [           main] o.s.b.f.s.DefaultListableBeanFactory     : Autowiring by type from bean name 'persistenceManagedTypes' via factory method to bean named 'org.springframework.beans.factory.support.DefaultListableBeanFactory@35a9782c'
2025-12-03T10:53:37.664Z DEBUG 15034 --- [           main] o.s.b.f.s.DefaultListableBeanFactory     : Autowiring by type from bean name 'persistenceManagedTypes' via factory method to bean named 'org.springframework.boot.web.servlet.context.AnnotationConfigServletWebServerApplicationContext@73a8da0f'
2025-12-03T10:53:37.668Z DEBUG 15034 --- [           main] o.s.b.f.s.DefaultListableBeanFactory     : Autowiring by type from bean name 'entityManagerFactory' via factory method to bean named 'entityManagerFactoryBuilder'
2025-12-03T10:53:37.668Z DEBUG 15034 --- [           main] o.s.b.f.s.DefaultListableBeanFactory     : Autowiring by type from bean name 'entityManagerFactory' via factory method to bean named 'persistenceManagedTypes'
2025-12-03T10:53:37.674Z DEBUG 15034 --- [           main] j.LocalContainerEntityManagerFactoryBean : Building JPA container EntityManagerFactory for persistence unit 'default'
2025-12-03T10:53:37.683Z  INFO 15034 --- [           main] o.hibernate.jpa.internal.util.LogHelper  : HHH000204: Processing PersistenceUnitInfo [name: default]
2025-12-03T10:53:37.720Z  INFO 15034 --- [           main] org.hibernate.Version                    : HHH000412: Hibernate ORM core version 6.3.1.Final
2025-12-03T10:53:37.736Z  INFO 15034 --- [           main] o.h.c.internal.RegionFactoryInitiator    : HHH000026: Second-level cache disabled
2025-12-03T10:53:37.852Z  INFO 15034 --- [           main] o.s.o.j.p.SpringPersistenceUnitInfo      : No LoadTimeWeaver setup: ignoring JPA class transformer
2025-12-03T10:53:37.863Z  INFO 15034 --- [           main] com.zaxxer.hikari.HikariDataSource       : HikariPool-1 - Starting...
2025-12-03T10:53:37.990Z  INFO 15034 --- [           main] com.zaxxer.hikari.pool.HikariPool        : HikariPool-1 - Added connection org.postgresql.jdbc.PgConnection@517bdce0
2025-12-03T10:53:37.991Z  INFO 15034 --- [           main] com.zaxxer.hikari.HikariDataSource       : HikariPool-1 - Start completed.
2025-12-03T10:53:38.409Z  INFO 15034 --- [           main] o.h.e.t.j.p.i.JtaPlatformInitiator       : HHH000489: No JTA platform available (set 'hibernate.transaction.jta.platform' to enable JTA platform integration)
2025-12-03T10:53:38.445Z  INFO 15034 --- [           main] j.LocalContainerEntityManagerFactoryBean : Initialized JPA EntityManagerFactory for persistence unit 'default'
2025-12-03T10:53:38.455Z DEBUG 15034 --- [           main] o.s.b.f.s.DefaultListableBeanFactory     : Creating shared instance of singleton bean 'timeBeamBackendApplication'
2025-12-03T10:53:38.457Z DEBUG 15034 --- [           main] o.s.b.f.s.DefaultListableBeanFactory     : Creating shared instance of singleton bean 'analyticsService'
2025-12-03T10:53:38.458Z DEBUG 15034 --- [           main] o.s.b.f.s.DefaultListableBeanFactory     : Creating shared instance of singleton bean 'jdbcTemplate'
2025-12-03T10:53:38.458Z DEBUG 15034 --- [           main] o.s.b.f.s.DefaultListableBeanFactory     : Creating shared instance of singleton bean 'org.springframework.boot.autoconfigure.jdbc.JdbcTemplateConfiguration'
2025-12-03T10:53:38.459Z DEBUG 15034 --- [           main] o.s.b.f.s.DefaultListableBeanFactory     : Creating shared instance of singleton bean 'spring.jdbc-org.springframework.boot.autoconfigure.jdbc.JdbcProperties'
2025-12-03T10:53:38.460Z DEBUG 15034 --- [           main] o.s.b.f.s.DefaultListableBeanFactory     : Autowiring by type from bean name 'jdbcTemplate' via factory method to bean named 'dataSource'
2025-12-03T10:53:38.460Z DEBUG 15034 --- [           main] o.s.b.f.s.DefaultListableBeanFactory     : Autowiring by type from bean name 'jdbcTemplate' via factory method to bean named 'spring.jdbc-org.springframework.boot.autoconfigure.jdbc.JdbcProperties'
2025-12-03T10:53:38.473Z DEBUG 15034 --- [           main] o.s.b.f.s.DefaultListableBeanFactory     : Autowiring by type from bean name 'analyticsService' via constructor to bean named 'jdbcTemplate'
2025-12-03T10:53:38.474Z DEBUG 15034 --- [           main] o.s.b.f.s.DefaultListableBeanFactory     : Creating shared instance of singleton bean 'authService'
2025-12-03T10:53:38.474Z DEBUG 15034 --- [           main] o.s.b.f.s.DefaultListableBeanFactory     : Creating shared instance of singleton bean 'jpaUserRepository'
2025-12-03T10:53:38.475Z DEBUG 15034 --- [           main] o.s.b.f.s.DefaultListableBeanFactory     : Creating shared instance of singleton bean 'userJpaRepository'
2025-12-03T10:53:38.478Z DEBUG 15034 --- [           main] o.s.b.f.s.DefaultListableBeanFactory     : Creating shared instance of singleton bean 'jpa.named-queries#0'
2025-12-03T10:53:38.481Z DEBUG 15034 --- [           main] o.s.b.f.s.DefaultListableBeanFactory     : Creating shared instance of singleton bean 'jpa.UserJpaRepository.fragments#0'
2025-12-03T10:53:38.486Z DEBUG 15034 --- [           main] o.s.b.f.s.DefaultListableBeanFactory     : Creating shared instance of singleton bean 'jpaSharedEM_entityManagerFactory'
2025-12-03T10:53:38.519Z DEBUG 15034 --- [           main] o.s.b.f.s.DefaultListableBeanFactory     : Creating shared instance of singleton bean 'jpaMappingContext'
2025-12-03T10:53:38.519Z DEBUG 15034 --- [           main] .c.JpaMetamodelMappingContextFactoryBean : Initializing JpaMetamodelMappingContext…
2025-12-03T10:53:38.526Z DEBUG 15034 --- [           main] .c.JpaMetamodelMappingContextFactoryBean : Finished initializing JpaMetamodelMappingContext
2025-12-03T10:53:38.540Z DEBUG 15034 --- [           main] tor$SharedEntityManagerInvocationHandler : Creating new EntityManager for shared EntityManager invocation
2025-12-03T10:53:38.555Z DEBUG 15034 --- [           main] tor$SharedEntityManagerInvocationHandler : Creating new EntityManager for shared EntityManager invocation
2025-12-03T10:53:38.557Z DEBUG 15034 --- [           main] o.s.b.f.s.DefaultListableBeanFactory     : Creating shared instance of singleton bean 'metricsRepositoryMethodInvocationListener'
2025-12-03T10:53:38.557Z DEBUG 15034 --- [           main] o.s.b.f.s.DefaultListableBeanFactory     : Creating shared instance of singleton bean 'org.springframework.boot.actuate.autoconfigure.metrics.data.RepositoryMetricsAutoConfiguration'
2025-12-03T10:53:38.557Z DEBUG 15034 --- [           main] o.s.b.f.s.DefaultListableBeanFactory     : Autowiring by type from bean name 'org.springframework.boot.actuate.autoconfigure.metrics.data.RepositoryMetricsAutoConfiguration' via constructor to bean named 'management.metrics-org.springframework.boot.actuate.autoconfigure.metrics.MetricsProperties'
2025-12-03T10:53:38.558Z DEBUG 15034 --- [           main] o.s.b.f.s.DefaultListableBeanFactory     : Creating shared instance of singleton bean 'repositoryTagsProvider'
2025-12-03T10:53:38.559Z DEBUG 15034 --- [           main] o.s.b.f.s.DefaultListableBeanFactory     : Autowiring by type from bean name 'metricsRepositoryMethodInvocationListener' via factory method to bean named 'repositoryTagsProvider'
2025-12-03T10:53:38.571Z DEBUG 15034 --- [           main] o.s.d.r.c.s.RepositoryFactorySupport     : Initializing repository instance for com.sparkage.timebeam.infrastructure.persistence.UserJpaRepository…
2025-12-03T10:53:38.578Z DEBUG 15034 --- [           main] tor$SharedEntityManagerInvocationHandler : Creating new EntityManager for shared EntityManager invocation
2025-12-03T10:53:38.604Z DEBUG 15034 --- [           main] o.s.d.jpa.repository.query.NamedQuery    : Looking up named query User.findByEmail
2025-12-03T10:53:38.605Z DEBUG 15034 --- [           main] o.s.d.jpa.repository.query.NamedQuery    : Did not find named query User.findByEmail
2025-12-03T10:53:38.606Z DEBUG 15034 --- [           main] tor$SharedEntityManagerInvocationHandler : Creating new EntityManager for shared EntityManager invocation
2025-12-03T10:53:38.641Z DEBUG 15034 --- [           main] o.s.d.jpa.repository.query.NamedQuery    : Looking up named query User.existsByEmail
2025-12-03T10:53:38.642Z DEBUG 15034 --- [           main] o.s.d.jpa.repository.query.NamedQuery    : Did not find named query User.existsByEmail
2025-12-03T10:53:38.642Z DEBUG 15034 --- [           main] tor$SharedEntityManagerInvocationHandler : Creating new EntityManager for shared EntityManager invocation
2025-12-03T10:53:38.644Z DEBUG 15034 --- [           main] o.s.d.r.c.s.RepositoryFactorySupport     : Finished creation of repository instance for com.sparkage.timebeam.infrastructure.persistence.UserJpaRepository.
2025-12-03T10:53:38.658Z DEBUG 15034 --- [           main] o.s.b.f.s.DefaultListableBeanFactory     : Creating shared instance of singleton bean 'userMapperImpl'
2025-12-03T10:53:38.659Z DEBUG 15034 --- [           main] o.s.b.f.s.DefaultListableBeanFactory     : Autowiring by type from bean name 'jpaUserRepository' via constructor to bean named 'userJpaRepository'
2025-12-03T10:53:38.659Z DEBUG 15034 --- [           main] o.s.b.f.s.DefaultListableBeanFactory     : Autowiring by type from bean name 'jpaUserRepository' via constructor to bean named 'userMapperImpl'
2025-12-03T10:53:38.667Z DEBUG 15034 --- [           main] o.s.b.f.s.DefaultListableBeanFactory     : Creating shared instance of singleton bean 'refreshTokenRepository'
2025-12-03T10:53:38.667Z DEBUG 15034 --- [           main] o.s.b.f.s.DefaultListableBeanFactory     : Creating shared instance of singleton bean 'jpa.named-queries#1'
2025-12-03T10:53:38.668Z DEBUG 15034 --- [           main] o.s.b.f.s.DefaultListableBeanFactory     : Creating shared instance of singleton bean 'jpa.RefreshTokenRepository.fragments#0'
2025-12-03T10:53:38.670Z DEBUG 15034 --- [           main] tor$SharedEntityManagerInvocationHandler : Creating new EntityManager for shared EntityManager invocation
2025-12-03T10:53:38.671Z DEBUG 15034 --- [           main] o.s.d.r.c.s.RepositoryFactorySupport     : Initializing repository instance for com.sparkage.timebeam.infrastructure.persistence.RefreshTokenRepository…
2025-12-03T10:53:38.671Z DEBUG 15034 --- [           main] tor$SharedEntityManagerInvocationHandler : Creating new EntityManager for shared EntityManager invocation
2025-12-03T10:53:38.681Z DEBUG 15034 --- [           main] o.s.d.jpa.repository.query.NamedQuery    : Looking up named query RefreshToken.findByToken
2025-12-03T10:53:38.682Z DEBUG 15034 --- [           main] o.s.d.jpa.repository.query.NamedQuery    : Did not find named query RefreshToken.findByToken
2025-12-03T10:53:38.682Z DEBUG 15034 --- [           main] tor$SharedEntityManagerInvocationHandler : Creating new EntityManager for shared EntityManager invocation
2025-12-03T10:53:38.682Z DEBUG 15034 --- [           main] o.s.d.jpa.repository.query.NamedQuery    : Looking up named query RefreshToken.deleteByUserId
2025-12-03T10:53:38.682Z DEBUG 15034 --- [           main] o.s.d.jpa.repository.query.NamedQuery    : Did not find named query RefreshToken.deleteByUserId
2025-12-03T10:53:38.682Z DEBUG 15034 --- [           main] tor$SharedEntityManagerInvocationHandler : Creating new EntityManager for shared EntityManager invocation
2025-12-03T10:53:38.684Z DEBUG 15034 --- [           main] o.s.d.r.c.s.RepositoryFactorySupport     : Finished creation of repository instance for com.sparkage.timebeam.infrastructure.persistence.RefreshTokenRepository.
2025-12-03T10:53:38.694Z DEBUG 15034 --- [           main] o.s.b.f.s.DefaultListableBeanFactory     : Autowiring by type from bean name 'authService' via constructor to bean named 'jpaUserRepository'
2025-12-03T10:53:38.694Z DEBUG 15034 --- [           main] o.s.b.f.s.DefaultListableBeanFactory     : Autowiring by type from bean name 'authService' via constructor to bean named 'refreshTokenRepository'
2025-12-03T10:53:38.694Z DEBUG 15034 --- [           main] o.s.b.f.s.DefaultListableBeanFactory     : Autowiring by type from bean name 'authService' via constructor to bean named 'jwtUtils'
2025-12-03T10:53:38.695Z DEBUG 15034 --- [           main] o.s.b.f.s.DefaultListableBeanFactory     : Creating shared instance of singleton bean 'sessionService'
2025-12-03T10:53:38.695Z DEBUG 15034 --- [           main] o.s.b.f.s.DefaultListableBeanFactory     : Creating shared instance of singleton bean 'sessionRecordRepository'
2025-12-03T10:53:38.696Z DEBUG 15034 --- [           main] o.s.b.f.s.DefaultListableBeanFactory     : Creating shared instance of singleton bean 'jpa.named-queries#2'
2025-12-03T10:53:38.697Z DEBUG 15034 --- [           main] o.s.b.f.s.DefaultListableBeanFactory     : Creating shared instance of singleton bean 'jpa.SessionRecordRepository.fragments#0'
2025-12-03T10:53:38.698Z DEBUG 15034 --- [           main] tor$SharedEntityManagerInvocationHandler : Creating new EntityManager for shared EntityManager invocation
2025-12-03T10:53:38.700Z DEBUG 15034 --- [           main] o.s.d.r.c.s.RepositoryFactorySupport     : Initializing repository instance for com.sparkage.timebeam.infrastructure.persistence.SessionRecordRepository…
2025-12-03T10:53:38.700Z DEBUG 15034 --- [           main] tor$SharedEntityManagerInvocationHandler : Creating new EntityManager for shared EntityManager invocation
2025-12-03T10:53:38.709Z DEBUG 15034 --- [           main] o.s.d.jpa.repository.query.NamedQuery    : Looking up named query SessionRecord.findByUserIdOrderByStartedAtDesc
2025-12-03T10:53:38.709Z DEBUG 15034 --- [           main] o.s.d.jpa.repository.query.NamedQuery    : Did not find named query SessionRecord.findByUserIdOrderByStartedAtDesc
2025-12-03T10:53:38.709Z DEBUG 15034 --- [           main] tor$SharedEntityManagerInvocationHandler : Creating new EntityManager for shared EntityManager invocation
2025-12-03T10:53:38.712Z DEBUG 15034 --- [           main] o.s.d.r.c.s.RepositoryFactorySupport     : Finished creation of repository instance for com.sparkage.timebeam.infrastructure.persistence.SessionRecordRepository.
2025-12-03T10:53:38.721Z DEBUG 15034 --- [           main] o.s.b.f.s.DefaultListableBeanFactory     : Creating shared instance of singleton bean 'sessionRecordMapperImpl'
2025-12-03T10:53:38.722Z DEBUG 15034 --- [           main] o.s.b.f.s.DefaultListableBeanFactory     : Autowiring by type from bean name 'sessionService' via constructor to bean named 'sessionRecordRepository'
2025-12-03T10:53:38.722Z DEBUG 15034 --- [           main] o.s.b.f.s.DefaultListableBeanFactory     : Autowiring by type from bean name 'sessionService' via constructor to bean named 'sessionRecordMapperImpl'
2025-12-03T10:53:38.722Z DEBUG 15034 --- [           main] o.s.b.f.s.DefaultListableBeanFactory     : Creating shared instance of singleton bean 'timerSyncService'
2025-12-03T10:53:38.723Z DEBUG 15034 --- [           main] o.s.b.f.s.DefaultListableBeanFactory     : Creating shared instance of singleton bean 'userService'
2025-12-03T10:53:38.723Z DEBUG 15034 --- [           main] o.s.b.f.s.DefaultListableBeanFactory     : Autowiring by type from bean name 'userService' via constructor to bean named 'jpaUserRepository'
2025-12-03T10:53:38.723Z DEBUG 15034 --- [           main] o.s.b.f.s.DefaultListableBeanFactory     : Autowiring by type from bean name 'userService' via constructor to bean named 'userMapperImpl'
2025-12-03T10:53:38.724Z DEBUG 15034 --- [           main] o.s.b.f.s.DefaultListableBeanFactory     : Creating shared instance of singleton bean 'securityConfig'
2025-12-03T10:53:38.724Z DEBUG 15034 --- [           main] o.s.b.f.s.DefaultListableBeanFactory     : Autowiring by type from bean name 'securityConfig' via constructor to bean named 'jwtAuthenticationFilter'
2025-12-03T10:53:38.725Z DEBUG 15034 --- [           main] o.s.b.f.s.DefaultListableBeanFactory     : Creating shared instance of singleton bean 'globalExceptionHandler'
2025-12-03T10:53:38.726Z DEBUG 15034 --- [           main] o.s.b.f.s.DefaultListableBeanFactory     : Creating shared instance of singleton bean 'pushNotificationService'
2025-12-03T10:53:38.728Z DEBUG 15034 --- [           main] o.s.c.e.PropertySourcesPropertyResolver  : Found key 'firebase.service-account-path' in PropertySource 'environmentProperties' with value of type String
2025-12-03T10:53:38.728Z DEBUG 15034 --- [           main] o.s.c.e.PropertySourcesPropertyResolver  : Found key 'firebase.enabled' in PropertySource 'environmentProperties' with value of type String
2025-12-03T10:53:38.729Z ERROR 15034 --- [           main] c.s.t.i.e.PushNotificationService        : Failed to initialize Firebase

java.io.FileNotFoundException: /Users/kayisrahman/Documents/workspace/ideas/time-beam-firebase.json (No such file or directory)
	at java.base/java.io.FileInputStream.open0(Native Method) ~[na:na]
	at java.base/java.io.FileInputStream.open(FileInputStream.java:185) ~[na:na]
	at java.base/java.io.FileInputStream.<init>(FileInputStream.java:139) ~[na:na]
	at java.base/java.io.FileInputStream.<init>(FileInputStream.java:109) ~[na:na]
	at com.sparkage.timebeam.infrastructure.external.PushNotificationService.init(PushNotificationService.java:39) ~[classes/:na]
	at java.base/jdk.internal.reflect.DirectMethodHandleAccessor.invoke(DirectMethodHandleAccessor.java:104) ~[na:na]
	at java.base/java.lang.reflect.Method.invoke(Method.java:565) ~[na:na]
	at org.springframework.beans.factory.annotation.InitDestroyAnnotationBeanPostProcessor$LifecycleMethod.invoke(InitDestroyAnnotationBeanPostProcessor.java:457) ~[spring-beans-6.1.1.jar:6.1.1]
	at org.springframework.beans.factory.annotation.InitDestroyAnnotationBeanPostProcessor$LifecycleMetadata.invokeInitMethods(InitDestroyAnnotationBeanPostProcessor.java:401) ~[spring-beans-6.1.1.jar:6.1.1]
	at org.springframework.beans.factory.annotation.InitDestroyAnnotationBeanPostProcessor.postProcessBeforeInitialization(InitDestroyAnnotationBeanPostProcessor.java:219) ~[spring-beans-6.1.1.jar:6.1.1]
	at org.springframework.beans.factory.support.AbstractAutowireCapableBeanFactory.applyBeanPostProcessorsBeforeInitialization(AbstractAutowireCapableBeanFactory.java:421) ~[spring-beans-6.1.1.jar:6.1.1]
	at org.springframework.beans.factory.support.AbstractAutowireCapableBeanFactory.initializeBean(AbstractAutowireCapableBeanFactory.java:1767) ~[spring-beans-6.1.1.jar:6.1.1]
	at org.springframework.beans.factory.support.AbstractAutowireCapableBeanFactory.doCreateBean(AbstractAutowireCapableBeanFactory.java:601) ~[spring-beans-6.1.1.jar:6.1.1]
	at org.springframework.beans.factory.support.AbstractAutowireCapableBeanFactory.createBean(AbstractAutowireCapableBeanFactory.java:523) ~[spring-beans-6.1.1.jar:6.1.1]
	at org.springframework.beans.factory.support.AbstractBeanFactory.lambda$doGetBean$0(AbstractBeanFactory.java:325) ~[spring-beans-6.1.1.jar:6.1.1]
	at org.springframework.beans.factory.support.DefaultSingletonBeanRegistry.getSingleton(DefaultSingletonBeanRegistry.java:234) ~[spring-beans-6.1.1.jar:6.1.1]
	at org.springframework.beans.factory.support.AbstractBeanFactory.doGetBean(AbstractBeanFactory.java:323) ~[spring-beans-6.1.1.jar:6.1.1]
	at org.springframework.beans.factory.support.AbstractBeanFactory.getBean(AbstractBeanFactory.java:199) ~[spring-beans-6.1.1.jar:6.1.1]
	at org.springframework.beans.factory.support.DefaultListableBeanFactory.preInstantiateSingletons(DefaultListableBeanFactory.java:973) ~[spring-beans-6.1.1.jar:6.1.1]
	at org.springframework.context.support.AbstractApplicationContext.finishBeanFactoryInitialization(AbstractApplicationContext.java:946) ~[spring-context-6.1.1.jar:6.1.1]
	at org.springframework.context.support.AbstractApplicationContext.refresh(AbstractApplicationContext.java:616) ~[spring-context-6.1.1.jar:6.1.1]
	at org.springframework.boot.web.servlet.context.ServletWebServerApplicationContext.refresh(ServletWebServerApplicationContext.java:146) ~[spring-boot-3.2.0.jar:3.2.0]
	at org.springframework.boot.SpringApplication.refresh(SpringApplication.java:753) ~[spring-boot-3.2.0.jar:3.2.0]
	at org.springframework.boot.SpringApplication.refreshContext(SpringApplication.java:455) ~[spring-boot-3.2.0.jar:3.2.0]
	at org.springframework.boot.SpringApplication.run(SpringApplication.java:323) ~[spring-boot-3.2.0.jar:3.2.0]
	at org.springframework.boot.SpringApplication.run(SpringApplication.java:1342) ~[spring-boot-3.2.0.jar:3.2.0]
	at org.springframework.boot.SpringApplication.run(SpringApplication.java:1331) ~[spring-boot-3.2.0.jar:3.2.0]
	at com.sparkage.timebeam.TimeBeamBackendApplication.main(TimeBeamBackendApplication.java:9) ~[classes/:na]

2025-12-03T10:53:38.730Z DEBUG 15034 --- [           main] o.s.b.f.s.DefaultListableBeanFactory     : Creating shared instance of singleton bean 'analyticsController'
2025-12-03T10:53:38.731Z DEBUG 15034 --- [           main] o.s.b.f.s.DefaultListableBeanFactory     : Autowiring by type from bean name 'analyticsController' via constructor to bean named 'analyticsService'
2025-12-03T10:53:38.735Z DEBUG 15034 --- [           main] o.s.b.f.s.DefaultListableBeanFactory     : Creating shared instance of singleton bean 'authController'
2025-12-03T10:53:38.737Z DEBUG 15034 --- [           main] o.s.b.f.s.DefaultListableBeanFactory     : Autowiring by type from bean name 'authController' via constructor to bean named 'userService'
2025-12-03T10:53:38.737Z DEBUG 15034 --- [           main] o.s.b.f.s.DefaultListableBeanFactory     : Autowiring by type from bean name 'authController' via constructor to bean named 'authService'
2025-12-03T10:53:38.738Z DEBUG 15034 --- [           main] o.s.b.f.s.DefaultListableBeanFactory     : Creating shared instance of singleton bean 'sessionController'
2025-12-03T10:53:38.739Z DEBUG 15034 --- [           main] o.s.b.f.s.DefaultListableBeanFactory     : Autowiring by type from bean name 'sessionController' via constructor to bean named 'sessionService'
2025-12-03T10:53:38.739Z DEBUG 15034 --- [           main] o.s.b.f.s.DefaultListableBeanFactory     : Autowiring by type from bean name 'sessionController' via constructor to bean named 'timerSyncService'
2025-12-03T10:53:38.739Z DEBUG 15034 --- [           main] o.s.b.f.s.DefaultListableBeanFactory     : Autowiring by type from bean name 'sessionController' via constructor to bean named 'pushNotificationService'
2025-12-03T10:53:38.743Z DEBUG 15034 --- [           main] o.s.b.f.s.DefaultListableBeanFactory     : Creating shared instance of singleton bean 'org.springframework.security.config.annotation.method.configuration.PrePostMethodSecurityConfiguration'
2025-12-03T10:53:38.744Z DEBUG 15034 --- [           main] o.s.b.f.s.DefaultListableBeanFactory     : Creating shared instance of singleton bean 'preFilterAuthorizationMethodInterceptor'
2025-12-03T10:53:38.744Z DEBUG 15034 --- [           main] o.s.b.f.s.DefaultListableBeanFactory     : Autowiring by type from bean name 'preFilterAuthorizationMethodInterceptor' via factory method to bean named 'org.springframework.boot.web.servlet.context.AnnotationConfigServletWebServerApplicationContext@73a8da0f'
2025-12-03T10:53:38.745Z DEBUG 15034 --- [           main] o.s.b.f.s.DefaultListableBeanFactory     : Creating shared instance of singleton bean 'preAuthorizeAuthorizationMethodInterceptor'
2025-12-03T10:53:38.745Z DEBUG 15034 --- [           main] o.s.b.f.s.DefaultListableBeanFactory     : Autowiring by type from bean name 'preAuthorizeAuthorizationMethodInterceptor' via factory method to bean named 'org.springframework.boot.web.servlet.context.AnnotationConfigServletWebServerApplicationContext@73a8da0f'
2025-12-03T10:53:38.745Z DEBUG 15034 --- [           main] o.s.b.f.s.DefaultListableBeanFactory     : Creating shared instance of singleton bean 'postAuthorizeAuthorizationMethodInterceptor'
2025-12-03T10:53:38.745Z DEBUG 15034 --- [           main] o.s.b.f.s.DefaultListableBeanFactory     : Autowiring by type from bean name 'postAuthorizeAuthorizationMethodInterceptor' via factory method to bean named 'org.springframework.boot.web.servlet.context.AnnotationConfigServletWebServerApplicationContext@73a8da0f'
2025-12-03T10:53:38.745Z DEBUG 15034 --- [           main] o.s.b.f.s.DefaultListableBeanFactory     : Creating shared instance of singleton bean 'postFilterAuthorizationMethodInterceptor'
2025-12-03T10:53:38.745Z DEBUG 15034 --- [           main] o.s.b.f.s.DefaultListableBeanFactory     : Autowiring by type from bean name 'postFilterAuthorizationMethodInterceptor' via factory method to bean named 'org.springframework.boot.web.servlet.context.AnnotationConfigServletWebServerApplicationContext@73a8da0f'
2025-12-03T10:53:38.745Z DEBUG 15034 --- [           main] o.s.b.f.s.DefaultListableBeanFactory     : Creating shared instance of singleton bean 'filterChain'
2025-12-03T10:53:38.746Z DEBUG 15034 --- [           main] o.s.b.f.s.DefaultListableBeanFactory     : Creating shared instance of singleton bean 'org.springframework.security.config.annotation.web.configuration.HttpSecurityConfiguration'
2025-12-03T10:53:38.747Z DEBUG 15034 --- [           main] o.s.b.f.s.DefaultListableBeanFactory     : Creating shared instance of singleton bean 'objectPostProcessor'
2025-12-03T10:53:38.747Z DEBUG 15034 --- [           main] o.s.b.f.s.DefaultListableBeanFactory     : Creating shared instance of singleton bean 'org.springframework.security.config.annotation.configuration.ObjectPostProcessorConfiguration'
2025-12-03T10:53:38.748Z DEBUG 15034 --- [           main] o.s.b.f.s.DefaultListableBeanFactory     : Autowiring by type from bean name 'objectPostProcessor' via factory method to bean named 'org.springframework.beans.factory.support.DefaultListableBeanFactory@35a9782c'
2025-12-03T10:53:38.749Z DEBUG 15034 --- [           main] o.s.b.f.s.DefaultListableBeanFactory     : Creating shared instance of singleton bean 'org.springframework.security.config.annotation.authentication.configuration.AuthenticationConfiguration'
2025-12-03T10:53:38.750Z DEBUG 15034 --- [           main] o.s.b.f.s.DefaultListableBeanFactory     : Creating shared instance of singleton bean 'enableGlobalAuthenticationAutowiredConfigurer'
2025-12-03T10:53:38.750Z DEBUG 15034 --- [           main] o.s.b.f.s.DefaultListableBeanFactory     : Autowiring by type from bean name 'enableGlobalAuthenticationAutowiredConfigurer' via factory method to bean named 'org.springframework.boot.web.servlet.context.AnnotationConfigServletWebServerApplicationContext@73a8da0f'
2025-12-03T10:53:38.751Z DEBUG 15034 --- [           main] o.s.b.f.s.DefaultListableBeanFactory     : Creating shared instance of singleton bean 'initializeUserDetailsBeanManagerConfigurer'
2025-12-03T10:53:38.751Z DEBUG 15034 --- [           main] o.s.b.f.s.DefaultListableBeanFactory     : Autowiring by type from bean name 'initializeUserDetailsBeanManagerConfigurer' via factory method to bean named 'org.springframework.boot.web.servlet.context.AnnotationConfigServletWebServerApplicationContext@73a8da0f'
2025-12-03T10:53:38.752Z DEBUG 15034 --- [           main] o.s.b.f.s.DefaultListableBeanFactory     : Creating shared instance of singleton bean 'initializeAuthenticationProviderBeanManagerConfigurer'
2025-12-03T10:53:38.752Z DEBUG 15034 --- [           main] o.s.b.f.s.DefaultListableBeanFactory     : Autowiring by type from bean name 'initializeAuthenticationProviderBeanManagerConfigurer' via factory method to bean named 'org.springframework.boot.web.servlet.context.AnnotationConfigServletWebServerApplicationContext@73a8da0f'
2025-12-03T10:53:38.754Z DEBUG 15034 --- [           main] o.s.b.f.s.DefaultListableBeanFactory     : Creating shared instance of singleton bean 'mvcContentNegotiationManager'
2025-12-03T10:53:38.754Z DEBUG 15034 --- [           main] o.s.b.f.s.DefaultListableBeanFactory     : Creating shared instance of singleton bean 'org.springframework.boot.autoconfigure.web.servlet.WebMvcAutoConfiguration$EnableWebMvcConfiguration'
2025-12-03T10:53:38.755Z DEBUG 15034 --- [           main] o.s.b.f.s.DefaultListableBeanFactory     : Creating shared instance of singleton bean 'spring.web-org.springframework.boot.autoconfigure.web.WebProperties'
2025-12-03T10:53:38.757Z DEBUG 15034 --- [           main] o.s.b.f.s.DefaultListableBeanFactory     : Autowiring by type from bean name 'org.springframework.boot.autoconfigure.web.servlet.WebMvcAutoConfiguration$EnableWebMvcConfiguration' via constructor to bean named 'spring.mvc-org.springframework.boot.autoconfigure.web.servlet.WebMvcProperties'
2025-12-03T10:53:38.757Z DEBUG 15034 --- [           main] o.s.b.f.s.DefaultListableBeanFactory     : Autowiring by type from bean name 'org.springframework.boot.autoconfigure.web.servlet.WebMvcAutoConfiguration$EnableWebMvcConfiguration' via constructor to bean named 'spring.web-org.springframework.boot.autoconfigure.web.WebProperties'
2025-12-03T10:53:38.757Z DEBUG 15034 --- [           main] o.s.b.f.s.DefaultListableBeanFactory     : Autowiring by type from bean name 'org.springframework.boot.autoconfigure.web.servlet.WebMvcAutoConfiguration$EnableWebMvcConfiguration' via constructor to bean named 'org.springframework.beans.factory.support.DefaultListableBeanFactory@35a9782c'
2025-12-03T10:53:38.759Z DEBUG 15034 --- [           main] o.s.b.f.s.DefaultListableBeanFactory     : Creating shared instance of singleton bean 'org.springframework.boot.autoconfigure.web.servlet.WebMvcAutoConfiguration$WebMvcAutoConfigurationAdapter'
2025-12-03T10:53:38.759Z DEBUG 15034 --- [           main] o.s.b.f.s.DefaultListableBeanFactory     : Autowiring by type from bean name 'org.springframework.boot.autoconfigure.web.servlet.WebMvcAutoConfiguration$WebMvcAutoConfigurationAdapter' via constructor to bean named 'spring.web-org.springframework.boot.autoconfigure.web.WebProperties'
2025-12-03T10:53:38.759Z DEBUG 15034 --- [           main] o.s.b.f.s.DefaultListableBeanFactory     : Autowiring by type from bean name 'org.springframework.boot.autoconfigure.web.servlet.WebMvcAutoConfiguration$WebMvcAutoConfigurationAdapter' via constructor to bean named 'spring.mvc-org.springframework.boot.autoconfigure.web.servlet.WebMvcProperties'
2025-12-03T10:53:38.759Z DEBUG 15034 --- [           main] o.s.b.f.s.DefaultListableBeanFactory     : Autowiring by type from bean name 'org.springframework.boot.autoconfigure.web.servlet.WebMvcAutoConfiguration$WebMvcAutoConfigurationAdapter' via constructor to bean named 'org.springframework.beans.factory.support.DefaultListableBeanFactory@35a9782c'
2025-12-03T10:53:38.764Z DEBUG 15034 --- [           main] o.s.b.f.s.DefaultListableBeanFactory     : Creating shared instance of singleton bean 'swaggerWebMvcConfigurer'
2025-12-03T10:53:38.764Z DEBUG 15034 --- [           main] o.s.b.f.s.DefaultListableBeanFactory     : Creating shared instance of singleton bean 'org.springdoc.webmvc.ui.SwaggerConfig'
2025-12-03T10:53:38.766Z DEBUG 15034 --- [           main] o.s.b.f.s.DefaultListableBeanFactory     : Creating shared instance of singleton bean 'org.springdoc.core.properties.SwaggerUiConfigParameters'
2025-12-03T10:53:38.767Z DEBUG 15034 --- [           main] o.s.b.f.s.DefaultListableBeanFactory     : Creating shared instance of singleton bean 'org.springdoc.core.properties.SwaggerUiConfigProperties'
2025-12-03T10:53:38.773Z DEBUG 15034 --- [           main] o.s.b.f.s.DefaultListableBeanFactory     : Autowiring by type from bean name 'org.springdoc.core.properties.SwaggerUiConfigParameters' via constructor to bean named 'org.springdoc.core.properties.SwaggerUiConfigProperties'
2025-12-03T10:53:38.777Z DEBUG 15034 --- [           main] o.s.b.f.s.DefaultListableBeanFactory     : Creating shared instance of singleton bean 'indexPageTransformer'
2025-12-03T10:53:38.778Z DEBUG 15034 --- [           main] o.s.b.f.s.DefaultListableBeanFactory     : Creating shared instance of singleton bean 'org.springdoc.core.properties.SwaggerUiOAuthProperties'
2025-12-03T10:53:38.780Z DEBUG 15034 --- [           main] o.s.b.f.s.DefaultListableBeanFactory     : Creating shared instance of singleton bean 'swaggerWelcome'
2025-12-03T10:53:38.780Z DEBUG 15034 --- [           main] o.s.b.f.s.DefaultListableBeanFactory     : Creating shared instance of singleton bean 'org.springdoc.core.properties.SpringDocConfigProperties'
2025-12-03T10:53:38.787Z DEBUG 15034 --- [           main] o.s.b.f.s.DefaultListableBeanFactory     : Creating shared instance of singleton bean 'springWebProvider'
2025-12-03T10:53:38.787Z DEBUG 15034 --- [           main] o.s.b.f.s.DefaultListableBeanFactory     : Creating shared instance of singleton bean 'org.springdoc.webmvc.core.configuration.SpringDocWebMvcConfiguration'
2025-12-03T10:53:38.791Z DEBUG 15034 --- [           main] o.s.b.f.s.DefaultListableBeanFactory     : Autowiring by type from bean name 'swaggerWelcome' via factory method to bean named 'org.springdoc.core.properties.SwaggerUiConfigProperties'
2025-12-03T10:53:38.791Z DEBUG 15034 --- [           main] o.s.b.f.s.DefaultListableBeanFactory     : Autowiring by type from bean name 'swaggerWelcome' via factory method to bean named 'org.springdoc.core.properties.SpringDocConfigProperties'
2025-12-03T10:53:38.791Z DEBUG 15034 --- [           main] o.s.b.f.s.DefaultListableBeanFactory     : Autowiring by type from bean name 'swaggerWelcome' via factory method to bean named 'org.springdoc.core.properties.SwaggerUiConfigParameters'
2025-12-03T10:53:38.791Z DEBUG 15034 --- [           main] o.s.b.f.s.DefaultListableBeanFactory     : Autowiring by type from bean name 'swaggerWelcome' via factory method to bean named 'springWebProvider'
2025-12-03T10:53:38.804Z DEBUG 15034 --- [           main] o.s.b.f.s.DefaultListableBeanFactory     : Creating shared instance of singleton bean 'objectMapperProvider'
2025-12-03T10:53:38.804Z DEBUG 15034 --- [           main] o.s.b.f.s.DefaultListableBeanFactory     : Creating shared instance of singleton bean 'org.springdoc.core.configuration.SpringDocConfiguration'
2025-12-03T10:53:38.807Z DEBUG 15034 --- [           main] o.s.b.f.s.DefaultListableBeanFactory     : Autowiring by type from bean name 'objectMapperProvider' via factory method to bean named 'org.springdoc.core.properties.SpringDocConfigProperties'
2025-12-03T10:53:38.818Z DEBUG 15034 --- [           main] o.s.b.f.s.DefaultListableBeanFactory     : Autowiring by type from bean name 'indexPageTransformer' via factory method to bean named 'org.springdoc.core.properties.SwaggerUiConfigProperties'
2025-12-03T10:53:38.818Z DEBUG 15034 --- [           main] o.s.b.f.s.DefaultListableBeanFactory     : Autowiring by type from bean name 'indexPageTransformer' via factory method to bean named 'org.springdoc.core.properties.SwaggerUiOAuthProperties'
2025-12-03T10:53:38.818Z DEBUG 15034 --- [           main] o.s.b.f.s.DefaultListableBeanFactory     : Autowiring by type from bean name 'indexPageTransformer' via factory method to bean named 'org.springdoc.core.properties.SwaggerUiConfigParameters'
2025-12-03T10:53:38.818Z DEBUG 15034 --- [           main] o.s.b.f.s.DefaultListableBeanFactory     : Autowiring by type from bean name 'indexPageTransformer' via factory method to bean named 'swaggerWelcome'
2025-12-03T10:53:38.818Z DEBUG 15034 --- [           main] o.s.b.f.s.DefaultListableBeanFactory     : Autowiring by type from bean name 'indexPageTransformer' via factory method to bean named 'objectMapperProvider'
2025-12-03T10:53:38.821Z DEBUG 15034 --- [           main] o.s.b.f.s.DefaultListableBeanFactory     : Creating shared instance of singleton bean 'swaggerResourceResolver'
2025-12-03T10:53:38.821Z DEBUG 15034 --- [           main] o.s.b.f.s.DefaultListableBeanFactory     : Autowiring by type from bean name 'swaggerResourceResolver' via factory method to bean named 'org.springdoc.core.properties.SwaggerUiConfigProperties'
2025-12-03T10:53:38.822Z DEBUG 15034 --- [           main] o.s.b.f.s.DefaultListableBeanFactory     : Autowiring by type from bean name 'swaggerWebMvcConfigurer' via factory method to bean named 'org.springdoc.core.properties.SwaggerUiConfigParameters'
2025-12-03T10:53:38.822Z DEBUG 15034 --- [           main] o.s.b.f.s.DefaultListableBeanFactory     : Autowiring by type from bean name 'swaggerWebMvcConfigurer' via factory method to bean named 'indexPageTransformer'
2025-12-03T10:53:38.822Z DEBUG 15034 --- [           main] o.s.b.f.s.DefaultListableBeanFactory     : Autowiring by type from bean name 'swaggerWebMvcConfigurer' via factory method to bean named 'swaggerResourceResolver'
2025-12-03T10:53:38.824Z DEBUG 15034 --- [           main] o.s.b.f.s.DefaultListableBeanFactory     : Creating shared instance of singleton bean 'openEntityManagerInViewInterceptorConfigurer'
2025-12-03T10:53:38.824Z DEBUG 15034 --- [           main] o.s.b.f.s.DefaultListableBeanFactory     : Creating shared instance of singleton bean 'org.springframework.boot.autoconfigure.orm.jpa.JpaBaseConfiguration$JpaWebConfiguration'
2025-12-03T10:53:38.824Z DEBUG 15034 --- [           main] o.s.b.f.s.DefaultListableBeanFactory     : Autowiring by type from bean name 'org.springframework.boot.autoconfigure.orm.jpa.JpaBaseConfiguration$JpaWebConfiguration' via constructor to bean named 'spring.jpa-org.springframework.boot.autoconfigure.orm.jpa.JpaProperties'
2025-12-03T10:53:38.825Z DEBUG 15034 --- [           main] o.s.b.f.s.DefaultListableBeanFactory     : Creating shared instance of singleton bean 'openEntityManagerInViewInterceptor'
2025-12-03T10:53:38.825Z  WARN 15034 --- [           main] JpaBaseConfiguration$JpaWebConfiguration : spring.jpa.open-in-view is enabled by default. Therefore, database queries may be performed during view rendering. Explicitly configure spring.jpa.open-in-view to disable this warning
2025-12-03T10:53:38.827Z DEBUG 15034 --- [           main] o.s.b.f.s.DefaultListableBeanFactory     : Autowiring by type from bean name 'openEntityManagerInViewInterceptorConfigurer' via factory method to bean named 'openEntityManagerInViewInterceptor'
2025-12-03T10:53:38.828Z DEBUG 15034 --- [           main] o.s.b.f.s.DefaultListableBeanFactory     : Creating shared instance of singleton bean 'org.springframework.data.web.config.SpringDataWebConfiguration'
2025-12-03T10:53:38.828Z DEBUG 15034 --- [           main] o.s.b.f.s.DefaultListableBeanFactory     : Autowiring by type from bean name 'org.springframework.data.web.config.SpringDataWebConfiguration' via constructor to bean named 'org.springframework.boot.web.servlet.context.AnnotationConfigServletWebServerApplicationContext@73a8da0f'
2025-12-03T10:53:38.831Z DEBUG 15034 --- [           main] o.s.b.f.s.DefaultListableBeanFactory     : Creating shared instance of singleton bean 'org.springframework.security.config.annotation.web.configuration.WebMvcSecurityConfiguration'
2025-12-03T10:53:38.832Z DEBUG 15034 --- [           main] o.s.b.f.s.DefaultListableBeanFactory     : Creating shared instance of singleton bean 'endpointObjectMapperWebMvcConfigurer'
2025-12-03T10:53:38.832Z DEBUG 15034 --- [           main] o.s.b.f.s.DefaultListableBeanFactory     : Creating shared instance of singleton bean 'endpointObjectMapper'
2025-12-03T10:53:38.832Z DEBUG 15034 --- [           main] o.s.b.f.s.DefaultListableBeanFactory     : Creating shared instance of singleton bean 'org.springframework.boot.actuate.autoconfigure.endpoint.jackson.JacksonEndpointAutoConfiguration'
2025-12-03T10:53:38.834Z DEBUG 15034 --- [           main] o.s.b.f.s.DefaultListableBeanFactory     : Autowiring by type from bean name 'endpointObjectMapperWebMvcConfigurer' via factory method to bean named 'endpointObjectMapper'
2025-12-03T10:53:38.847Z DEBUG 15034 --- [           main] o.s.b.f.s.DefaultListableBeanFactory     : Creating shared instance of singleton bean 'authenticationManagerBuilder'
2025-12-03T10:53:38.847Z DEBUG 15034 --- [           main] o.s.b.f.s.DefaultListableBeanFactory     : Autowiring by type from bean name 'authenticationManagerBuilder' via factory method to bean named 'objectPostProcessor'
2025-12-03T10:53:38.847Z DEBUG 15034 --- [           main] o.s.b.f.s.DefaultListableBeanFactory     : Autowiring by type from bean name 'authenticationManagerBuilder' via factory method to bean named 'org.springframework.boot.web.servlet.context.AnnotationConfigServletWebServerApplicationContext@73a8da0f'
2025-12-03T10:53:38.848Z DEBUG 15034 --- [           main] o.s.b.f.s.DefaultListableBeanFactory     : Creating shared instance of singleton bean 'authenticationEventPublisher'
2025-12-03T10:53:38.848Z DEBUG 15034 --- [           main] o.s.b.f.s.DefaultListableBeanFactory     : Creating shared instance of singleton bean 'org.springframework.boot.autoconfigure.security.servlet.SecurityAutoConfiguration'
2025-12-03T10:53:38.849Z DEBUG 15034 --- [           main] o.s.b.f.s.DefaultListableBeanFactory     : Autowiring by type from bean name 'authenticationEventPublisher' via factory method to bean named 'org.springframework.boot.web.servlet.context.AnnotationConfigServletWebServerApplicationContext@73a8da0f'
2025-12-03T10:53:38.858Z DEBUG 15034 --- [           main] o.s.b.f.s.DefaultListableBeanFactory     : Creating shared instance of singleton bean 'org.springframework.boot.autoconfigure.security.servlet.SpringBootWebSecurityConfiguration$WebSecurityEnablerConfiguration'
2025-12-03T10:53:38.859Z DEBUG 15034 --- [           main] swordEncoderAuthenticationManagerBuilder : No authenticationProviders and no parentAuthenticationManager defined. Returning null.
2025-12-03T10:53:38.867Z DEBUG 15034 --- [           main] o.s.aop.framework.ProxyFactoryBean       : Advice has changed; re-caching singleton instance
2025-12-03T10:53:38.896Z DEBUG 15034 --- [           main] o.s.b.f.s.DefaultListableBeanFactory     : Autowiring by type from bean name 'filterChain' via factory method to bean named 'org.springframework.security.config.annotation.web.configuration.HttpSecurityConfiguration.httpSecurity'
2025-12-03T10:53:38.897Z DEBUG 15034 --- [           main] o.s.b.f.s.DefaultListableBeanFactory     : Creating shared instance of singleton bean 'mvcHandlerMappingIntrospector'
2025-12-03T10:53:38.898Z DEBUG 15034 --- [           main] o.s.b.f.s.DefaultListableBeanFactory     : Creating shared instance of singleton bean 'welcomePageHandlerMapping'
2025-12-03T10:53:38.899Z DEBUG 15034 --- [           main] o.s.b.f.s.DefaultListableBeanFactory     : Creating shared instance of singleton bean 'mvcConversionService'
2025-12-03T10:53:38.906Z DEBUG 15034 --- [           main] o.s.b.f.s.DefaultListableBeanFactory     : Creating shared instance of singleton bean 'mvcResourceUrlProvider'
2025-12-03T10:53:38.908Z DEBUG 15034 --- [           main] o.s.b.f.s.DefaultListableBeanFactory     : Autowiring by type from bean name 'welcomePageHandlerMapping' via factory method to bean named 'org.springframework.boot.web.servlet.context.AnnotationConfigServletWebServerApplicationContext@73a8da0f'
2025-12-03T10:53:38.908Z DEBUG 15034 --- [           main] o.s.b.f.s.DefaultListableBeanFactory     : Autowiring by type from bean name 'welcomePageHandlerMapping' via factory method to bean named 'mvcConversionService'
2025-12-03T10:53:38.908Z DEBUG 15034 --- [           main] o.s.b.f.s.DefaultListableBeanFactory     : Autowiring by type from bean name 'welcomePageHandlerMapping' via factory method to bean named 'mvcResourceUrlProvider'
2025-12-03T10:53:38.919Z DEBUG 15034 --- [           main] o.s.b.f.s.DefaultListableBeanFactory     : Creating shared instance of singleton bean 'welcomePageNotAcceptableHandlerMapping'
2025-12-03T10:53:38.919Z DEBUG 15034 --- [           main] o.s.b.f.s.DefaultListableBeanFactory     : Autowiring by type from bean name 'welcomePageNotAcceptableHandlerMapping' via factory method to bean named 'org.springframework.boot.web.servlet.context.AnnotationConfigServletWebServerApplicationContext@73a8da0f'
2025-12-03T10:53:38.919Z DEBUG 15034 --- [           main] o.s.b.f.s.DefaultListableBeanFactory     : Autowiring by type from bean name 'welcomePageNotAcceptableHandlerMapping' via factory method to bean named 'mvcConversionService'
2025-12-03T10:53:38.919Z DEBUG 15034 --- [           main] o.s.b.f.s.DefaultListableBeanFactory     : Autowiring by type from bean name 'welcomePageNotAcceptableHandlerMapping' via factory method to bean named 'mvcResourceUrlProvider'
2025-12-03T10:53:38.925Z DEBUG 15034 --- [           main] o.s.b.f.s.DefaultListableBeanFactory     : Creating shared instance of singleton bean 'requestMappingHandlerMapping'
2025-12-03T10:53:38.925Z DEBUG 15034 --- [           main] o.s.b.f.s.DefaultListableBeanFactory     : Autowiring by type from bean name 'requestMappingHandlerMapping' via factory method to bean named 'mvcContentNegotiationManager'
2025-12-03T10:53:38.925Z DEBUG 15034 --- [           main] o.s.b.f.s.DefaultListableBeanFactory     : Autowiring by type from bean name 'requestMappingHandlerMapping' via factory method to bean named 'mvcConversionService'
2025-12-03T10:53:38.925Z DEBUG 15034 --- [           main] o.s.b.f.s.DefaultListableBeanFactory     : Autowiring by type from bean name 'requestMappingHandlerMapping' via factory method to bean named 'mvcResourceUrlProvider'
2025-12-03T10:53:38.956Z DEBUG 15034 --- [           main] s.w.s.m.m.a.RequestMappingHandlerMapping : 21 mappings in 'requestMappingHandlerMapping'
2025-12-03T10:53:38.968Z DEBUG 15034 --- [           main] o.s.b.f.s.DefaultListableBeanFactory     : Creating shared instance of singleton bean 'viewControllerHandlerMapping'
2025-12-03T10:53:38.968Z DEBUG 15034 --- [           main] o.s.b.f.s.DefaultListableBeanFactory     : Autowiring by type from bean name 'viewControllerHandlerMapping' via factory method to bean named 'mvcConversionService'
2025-12-03T10:53:38.968Z DEBUG 15034 --- [           main] o.s.b.f.s.DefaultListableBeanFactory     : Autowiring by type from bean name 'viewControllerHandlerMapping' via factory method to bean named 'mvcResourceUrlProvider'
2025-12-03T10:53:38.968Z DEBUG 15034 --- [           main] o.s.b.f.s.DefaultListableBeanFactory     : Creating shared instance of singleton bean 'beanNameHandlerMapping'
2025-12-03T10:53:38.968Z DEBUG 15034 --- [           main] o.s.b.f.s.DefaultListableBeanFactory     : Autowiring by type from bean name 'beanNameHandlerMapping' via factory method to bean named 'mvcConversionService'
2025-12-03T10:53:38.968Z DEBUG 15034 --- [           main] o.s.b.f.s.DefaultListableBeanFactory     : Autowiring by type from bean name 'beanNameHandlerMapping' via factory method to bean named 'mvcResourceUrlProvider'
2025-12-03T10:53:38.975Z DEBUG 15034 --- [           main] o.s.b.f.s.DefaultListableBeanFactory     : Creating shared instance of singleton bean 'routerFunctionMapping'
2025-12-03T10:53:38.975Z DEBUG 15034 --- [           main] o.s.b.f.s.DefaultListableBeanFactory     : Autowiring by type from bean name 'routerFunctionMapping' via factory method to bean named 'mvcConversionService'
2025-12-03T10:53:38.975Z DEBUG 15034 --- [           main] o.s.b.f.s.DefaultListableBeanFactory     : Autowiring by type from bean name 'routerFunctionMapping' via factory method to bean named 'mvcResourceUrlProvider'
2025-12-03T10:53:38.975Z DEBUG 15034 --- [           main] o.s.b.f.s.DefaultListableBeanFactory     : Creating shared instance of singleton bean 'messageConverters'
2025-12-03T10:53:38.975Z DEBUG 15034 --- [           main] o.s.b.f.s.DefaultListableBeanFactory     : Creating shared instance of singleton bean 'org.springframework.boot.autoconfigure.http.HttpMessageConvertersAutoConfiguration'
2025-12-03T10:53:38.977Z DEBUG 15034 --- [           main] o.s.b.f.s.DefaultListableBeanFactory     : Creating shared instance of singleton bean 'stringHttpMessageConverter'
2025-12-03T10:53:38.977Z DEBUG 15034 --- [           main] o.s.b.f.s.DefaultListableBeanFactory     : Creating shared instance of singleton bean 'org.springframework.boot.autoconfigure.http.HttpMessageConvertersAutoConfiguration$StringHttpMessageConverterConfiguration'
2025-12-03T10:53:38.977Z DEBUG 15034 --- [           main] o.s.b.f.s.DefaultListableBeanFactory     : Autowiring by type from bean name 'stringHttpMessageConverter' via factory method to bean named 'environment'
2025-12-03T10:53:38.980Z DEBUG 15034 --- [           main] o.s.b.f.s.DefaultListableBeanFactory     : Creating shared instance of singleton bean 'mappingJackson2HttpMessageConverter'
2025-12-03T10:53:38.980Z DEBUG 15034 --- [           main] o.s.b.f.s.DefaultListableBeanFactory     : Creating shared instance of singleton bean 'org.springframework.boot.autoconfigure.http.JacksonHttpMessageConvertersConfiguration$MappingJackson2HttpMessageConverterConfiguration'
2025-12-03T10:53:38.981Z DEBUG 15034 --- [           main] o.s.b.f.s.DefaultListableBeanFactory     : Creating shared instance of singleton bean 'jacksonObjectMapper'
2025-12-03T10:53:38.981Z DEBUG 15034 --- [           main] o.s.b.f.s.DefaultListableBeanFactory     : Creating shared instance of singleton bean 'org.springframework.boot.autoconfigure.jackson.JacksonAutoConfiguration$JacksonObjectMapperConfiguration'
2025-12-03T10:53:38.981Z DEBUG 15034 --- [           main] o.s.b.f.s.DefaultListableBeanFactory     : Creating shared instance of singleton bean 'org.springframework.boot.autoconfigure.jackson.JacksonAutoConfiguration$JacksonObjectMapperBuilderConfiguration'
2025-12-03T10:53:38.982Z DEBUG 15034 --- [           main] o.s.b.f.s.DefaultListableBeanFactory     : Creating shared instance of singleton bean 'standardJacksonObjectMapperBuilderCustomizer'
2025-12-03T10:53:38.982Z DEBUG 15034 --- [           main] o.s.b.f.s.DefaultListableBeanFactory     : Creating shared instance of singleton bean 'org.springframework.boot.autoconfigure.jackson.JacksonAutoConfiguration$Jackson2ObjectMapperBuilderCustomizerConfiguration'
2025-12-03T10:53:38.983Z DEBUG 15034 --- [           main] o.s.b.f.s.DefaultListableBeanFactory     : Creating shared instance of singleton bean 'spring.jackson-org.springframework.boot.autoconfigure.jackson.JacksonProperties'
2025-12-03T10:53:38.985Z DEBUG 15034 --- [           main] o.s.b.f.s.DefaultListableBeanFactory     : Autowiring by type from bean name 'standardJacksonObjectMapperBuilderCustomizer' via factory method to bean named 'spring.jackson-org.springframework.boot.autoconfigure.jackson.JacksonProperties'
2025-12-03T10:53:38.985Z DEBUG 15034 --- [           main] o.s.b.f.s.DefaultListableBeanFactory     : Creating shared instance of singleton bean 'parameterNamesModule'
2025-12-03T10:53:38.985Z DEBUG 15034 --- [           main] o.s.b.f.s.DefaultListableBeanFactory     : Creating shared instance of singleton bean 'org.springframework.boot.autoconfigure.jackson.JacksonAutoConfiguration$ParameterNamesModuleConfiguration'
2025-12-03T10:53:38.989Z DEBUG 15034 --- [           main] o.s.b.f.s.DefaultListableBeanFactory     : Creating shared instance of singleton bean 'jsonMixinModule'
2025-12-03T10:53:38.989Z DEBUG 15034 --- [           main] o.s.b.f.s.DefaultListableBeanFactory     : Creating shared instance of singleton bean 'org.springframework.boot.autoconfigure.jackson.JacksonAutoConfiguration$JacksonMixinConfiguration'
2025-12-03T10:53:38.989Z DEBUG 15034 --- [           main] o.s.b.f.s.DefaultListableBeanFactory     : Creating shared instance of singleton bean 'jsonMixinModuleEntries'
2025-12-03T10:53:38.989Z DEBUG 15034 --- [           main] o.s.b.f.s.DefaultListableBeanFactory     : Autowiring by type from bean name 'jsonMixinModuleEntries' via factory method to bean named 'org.springframework.boot.web.servlet.context.AnnotationConfigServletWebServerApplicationContext@73a8da0f'
2025-12-03T10:53:38.992Z DEBUG 15034 --- [           main] o.s.b.f.s.DefaultListableBeanFactory     : Autowiring by type from bean name 'jsonMixinModule' via factory method to bean named 'org.springframework.boot.web.servlet.context.AnnotationConfigServletWebServerApplicationContext@73a8da0f'
2025-12-03T10:53:38.992Z DEBUG 15034 --- [           main] o.s.b.f.s.DefaultListableBeanFactory     : Autowiring by type from bean name 'jsonMixinModule' via factory method to bean named 'jsonMixinModuleEntries'
2025-12-03T10:53:38.993Z DEBUG 15034 --- [           main] o.s.b.f.s.DefaultListableBeanFactory     : Creating shared instance of singleton bean 'jsonComponentModule'
2025-12-03T10:53:38.993Z DEBUG 15034 --- [           main] o.s.b.f.s.DefaultListableBeanFactory     : Creating shared instance of singleton bean 'org.springframework.boot.autoconfigure.jackson.JacksonAutoConfiguration'
2025-12-03T10:53:38.997Z DEBUG 15034 --- [           main] o.s.b.f.s.DefaultListableBeanFactory     : Creating shared instance of singleton bean 'jacksonGeoModule'
2025-12-03T10:53:38.997Z DEBUG 15034 --- [           main] o.s.b.f.s.DefaultListableBeanFactory     : Creating shared instance of singleton bean 'org.springframework.data.web.config.SpringDataJacksonConfiguration'
2025-12-03T10:53:39.000Z DEBUG 15034 --- [           main] o.s.b.f.s.DefaultListableBeanFactory     : Autowiring by type from bean name 'jacksonObjectMapperBuilder' via factory method to bean named 'org.springframework.boot.web.servlet.context.AnnotationConfigServletWebServerApplicationContext@73a8da0f'
2025-12-03T10:53:39.001Z DEBUG 15034 --- [           main] o.s.b.f.s.DefaultListableBeanFactory     : Autowiring by type from bean name 'jacksonObjectMapperBuilder' via factory method to bean named 'standardJacksonObjectMapperBuilderCustomizer'
2025-12-03T10:53:39.004Z DEBUG 15034 --- [           main] o.s.b.f.s.DefaultListableBeanFactory     : Autowiring by type from bean name 'jacksonObjectMapper' via factory method to bean named 'jacksonObjectMapperBuilder'
2025-12-03T10:53:39.028Z DEBUG 15034 --- [           main] o.s.b.f.s.DefaultListableBeanFactory     : Autowiring by type from bean name 'mappingJackson2HttpMessageConverter' via factory method to bean named 'jacksonObjectMapper'
2025-12-03T10:53:39.041Z DEBUG 15034 --- [           main] o.s.b.f.s.DefaultListableBeanFactory     : Creating shared instance of singleton bean 'resourceHandlerMapping'
2025-12-03T10:53:39.041Z DEBUG 15034 --- [           main] o.s.b.f.s.DefaultListableBeanFactory     : Autowiring by type from bean name 'resourceHandlerMapping' via factory method to bean named 'mvcContentNegotiationManager'
2025-12-03T10:53:39.041Z DEBUG 15034 --- [           main] o.s.b.f.s.DefaultListableBeanFactory     : Autowiring by type from bean name 'resourceHandlerMapping' via factory method to bean named 'mvcConversionService'
2025-12-03T10:53:39.041Z DEBUG 15034 --- [           main] o.s.b.f.s.DefaultListableBeanFactory     : Autowiring by type from bean name 'resourceHandlerMapping' via factory method to bean named 'mvcResourceUrlProvider'
2025-12-03T10:53:39.045Z DEBUG 15034 --- [           main] o.s.w.s.handler.SimpleUrlHandlerMapping  : Patterns [/webjars/**, /**, /swagger-ui*/*swagger-initializer.js, /swagger-ui*/**] in 'resourceHandlerMapping'
2025-12-03T10:53:39.050Z DEBUG 15034 --- [           main] o.s.b.f.s.DefaultListableBeanFactory     : Creating shared instance of singleton bean 'defaultServletHandlerMapping'
2025-12-03T10:53:39.051Z DEBUG 15034 --- [           main] o.s.b.f.s.DefaultListableBeanFactory     : Creating shared instance of singleton bean 'healthEndpointWebMvcHandlerMapping'
2025-12-03T10:53:39.051Z DEBUG 15034 --- [           main] o.s.b.f.s.DefaultListableBeanFactory     : Creating shared instance of singleton bean 'org.springframework.boot.actuate.autoconfigure.health.HealthEndpointWebExtensionConfiguration$MvcAdditionalHealthEndpointPathsConfiguration'
2025-12-03T10:53:39.052Z DEBUG 15034 --- [           main] o.s.b.f.s.DefaultListableBeanFactory     : Creating shared instance of singleton bean 'webEndpointDiscoverer'
2025-12-03T10:53:39.052Z DEBUG 15034 --- [           main] o.s.b.f.s.DefaultListableBeanFactory     : Creating shared instance of singleton bean 'endpointOperationParameterMapper'
2025-12-03T10:53:39.052Z DEBUG 15034 --- [           main] o.s.b.f.s.DefaultListableBeanFactory     : Creating shared instance of singleton bean 'org.springframework.boot.actuate.autoconfigure.endpoint.EndpointAutoConfiguration'
2025-12-03T10:53:39.054Z DEBUG 15034 --- [           main] o.s.b.f.s.DefaultListableBeanFactory     : Creating shared instance of singleton bean 'endpointMediaTypes'
2025-12-03T10:53:39.055Z DEBUG 15034 --- [           main] o.s.b.f.s.DefaultListableBeanFactory     : Autowiring by type from bean name 'webEndpointDiscoverer' via factory method to bean named 'endpointOperationParameterMapper'
2025-12-03T10:53:39.055Z DEBUG 15034 --- [           main] o.s.b.f.s.DefaultListableBeanFactory     : Autowiring by type from bean name 'webEndpointDiscoverer' via factory method to bean named 'endpointMediaTypes'
2025-12-03T10:53:39.056Z DEBUG 15034 --- [           main] o.s.b.f.s.DefaultListableBeanFactory     : Creating shared instance of singleton bean 'endpointCachingOperationInvokerAdvisor'
2025-12-03T10:53:39.056Z DEBUG 15034 --- [           main] o.s.b.f.s.DefaultListableBeanFactory     : Autowiring by type from bean name 'endpointCachingOperationInvokerAdvisor' via factory method to bean named 'environment'
2025-12-03T10:53:39.057Z DEBUG 15034 --- [           main] o.s.b.f.s.DefaultListableBeanFactory     : Creating shared instance of singleton bean 'webExposeExcludePropertyEndpointFilter'
2025-12-03T10:53:39.059Z DEBUG 15034 --- [           main] o.s.b.f.s.DefaultListableBeanFactory     : Creating shared instance of singleton bean 'healthEndpointGroups'
2025-12-03T10:53:39.059Z DEBUG 15034 --- [           main] o.s.b.f.s.DefaultListableBeanFactory     : Creating shared instance of singleton bean 'org.springframework.boot.actuate.autoconfigure.health.HealthEndpointConfiguration'
2025-12-03T10:53:39.060Z DEBUG 15034 --- [           main] o.s.b.f.s.DefaultListableBeanFactory     : Creating shared instance of singleton bean 'management.endpoint.health-org.springframework.boot.actuate.autoconfigure.health.HealthEndpointProperties'
2025-12-03T10:53:39.062Z DEBUG 15034 --- [           main] o.s.b.f.s.DefaultListableBeanFactory     : Autowiring by type from bean name 'healthEndpointGroups' via factory method to bean named 'org.springframework.boot.web.servlet.context.AnnotationConfigServletWebServerApplicationContext@73a8da0f'
2025-12-03T10:53:39.062Z DEBUG 15034 --- [           main] o.s.b.f.s.DefaultListableBeanFactory     : Autowiring by type from bean name 'healthEndpointGroups' via factory method to bean named 'management.endpoint.health-org.springframework.boot.actuate.autoconfigure.health.HealthEndpointProperties'
2025-12-03T10:53:39.062Z DEBUG 15034 --- [           main] o.s.b.f.s.DefaultListableBeanFactory     : Creating shared instance of singleton bean 'healthStatusAggregator'
2025-12-03T10:53:39.062Z DEBUG 15034 --- [           main] o.s.b.f.s.DefaultListableBeanFactory     : Autowiring by type from bean name 'healthStatusAggregator' via factory method to bean named 'management.endpoint.health-org.springframework.boot.actuate.autoconfigure.health.HealthEndpointProperties'
2025-12-03T10:53:39.064Z DEBUG 15034 --- [           main] o.s.b.f.s.DefaultListableBeanFactory     : Creating shared instance of singleton bean 'healthHttpCodeStatusMapper'
2025-12-03T10:53:39.064Z DEBUG 15034 --- [           main] o.s.b.f.s.DefaultListableBeanFactory     : Autowiring by type from bean name 'healthHttpCodeStatusMapper' via factory method to bean named 'management.endpoint.health-org.springframework.boot.actuate.autoconfigure.health.HealthEndpointProperties'
2025-12-03T10:53:39.066Z DEBUG 15034 --- [           main] o.s.b.f.s.DefaultListableBeanFactory     : Autowiring by type from bean name 'healthEndpointWebMvcHandlerMapping' via factory method to bean named 'webEndpointDiscoverer'
2025-12-03T10:53:39.066Z DEBUG 15034 --- [           main] o.s.b.f.s.DefaultListableBeanFactory     : Autowiring by type from bean name 'healthEndpointWebMvcHandlerMapping' via factory method to bean named 'healthEndpointGroups'
2025-12-03T10:53:39.070Z DEBUG 15034 --- [           main] o.s.b.f.s.DefaultListableBeanFactory     : Creating shared instance of singleton bean 'healthEndpoint'
2025-12-03T10:53:39.070Z DEBUG 15034 --- [           main] o.s.b.f.s.DefaultListableBeanFactory     : Creating shared instance of singleton bean 'healthContributorRegistry'
2025-12-03T10:53:39.070Z DEBUG 15034 --- [           main] o.s.b.f.s.DefaultListableBeanFactory     : Creating shared instance of singleton bean 'diskSpaceHealthIndicator'
2025-12-03T10:53:39.070Z DEBUG 15034 --- [           main] o.s.b.f.s.DefaultListableBeanFactory     : Creating shared instance of singleton bean 'org.springframework.boot.actuate.autoconfigure.system.DiskSpaceHealthContributorAutoConfiguration'
2025-12-03T10:53:39.071Z DEBUG 15034 --- [           main] o.s.b.f.s.DefaultListableBeanFactory     : Creating shared instance of singleton bean 'management.health.diskspace-org.springframework.boot.actuate.autoconfigure.system.DiskSpaceHealthIndicatorProperties'
2025-12-03T10:53:39.072Z DEBUG 15034 --- [           main] o.s.b.f.s.DefaultListableBeanFactory     : Autowiring by type from bean name 'diskSpaceHealthIndicator' via factory method to bean named 'management.health.diskspace-org.springframework.boot.actuate.autoconfigure.system.DiskSpaceHealthIndicatorProperties'
2025-12-03T10:53:39.073Z DEBUG 15034 --- [           main] o.s.b.f.s.DefaultListableBeanFactory     : Creating shared instance of singleton bean 'pingHealthContributor'
2025-12-03T10:53:39.073Z DEBUG 15034 --- [           main] o.s.b.f.s.DefaultListableBeanFactory     : Creating shared instance of singleton bean 'org.springframework.boot.actuate.autoconfigure.health.HealthContributorAutoConfiguration'
2025-12-03T10:53:39.074Z DEBUG 15034 --- [           main] o.s.b.f.s.DefaultListableBeanFactory     : Creating shared instance of singleton bean 'dbHealthContributor'
2025-12-03T10:53:39.074Z DEBUG 15034 --- [           main] o.s.b.f.s.DefaultListableBeanFactory     : Creating shared instance of singleton bean 'org.springframework.boot.actuate.autoconfigure.jdbc.DataSourceHealthContributorAutoConfiguration'
2025-12-03T10:53:39.075Z DEBUG 15034 --- [           main] o.s.b.f.s.DefaultListableBeanFactory     : Creating shared instance of singleton bean 'management.health.db-org.springframework.boot.actuate.autoconfigure.jdbc.DataSourceHealthIndicatorProperties'
2025-12-03T10:53:39.076Z DEBUG 15034 --- [           main] o.s.b.f.s.DefaultListableBeanFactory     : Autowiring by type from bean name 'dbHealthContributor' via factory method to bean named 'dataSource'
2025-12-03T10:53:39.076Z DEBUG 15034 --- [           main] o.s.b.f.s.DefaultListableBeanFactory     : Autowiring by type from bean name 'dbHealthContributor' via factory method to bean named 'management.health.db-org.springframework.boot.actuate.autoconfigure.jdbc.DataSourceHealthIndicatorProperties'
2025-12-03T10:53:39.078Z DEBUG 15034 --- [           main] o.s.b.f.s.DefaultListableBeanFactory     : Autowiring by type from bean name 'healthContributorRegistry' via factory method to bean named 'org.springframework.boot.web.servlet.context.AnnotationConfigServletWebServerApplicationContext@73a8da0f'
2025-12-03T10:53:39.078Z DEBUG 15034 --- [           main] o.s.b.f.s.DefaultListableBeanFactory     : Autowiring by type from bean name 'healthContributorRegistry' via factory method to bean named 'healthEndpointGroups'
2025-12-03T10:53:39.078Z DEBUG 15034 --- [           main] o.s.b.f.s.DefaultListableBeanFactory     : Autowiring by type from bean name 'healthContributorRegistry' via factory method to bean named 'diskSpaceHealthIndicator'
2025-12-03T10:53:39.078Z DEBUG 15034 --- [           main] o.s.b.f.s.DefaultListableBeanFactory     : Autowiring by type from bean name 'healthContributorRegistry' via factory method to bean named 'pingHealthContributor'
2025-12-03T10:53:39.078Z DEBUG 15034 --- [           main] o.s.b.f.s.DefaultListableBeanFactory     : Autowiring by type from bean name 'healthContributorRegistry' via factory method to bean named 'dbHealthContributor'
2025-12-03T10:53:39.081Z DEBUG 15034 --- [           main] o.s.b.f.s.DefaultListableBeanFactory     : Autowiring by type from bean name 'healthEndpoint' via factory method to bean named 'healthContributorRegistry'
2025-12-03T10:53:39.081Z DEBUG 15034 --- [           main] o.s.b.f.s.DefaultListableBeanFactory     : Autowiring by type from bean name 'healthEndpoint' via factory method to bean named 'healthEndpointGroups'
2025-12-03T10:53:39.081Z DEBUG 15034 --- [           main] o.s.b.f.s.DefaultListableBeanFactory     : Autowiring by type from bean name 'healthEndpoint' via factory method to bean named 'management.endpoint.health-org.springframework.boot.actuate.autoconfigure.health.HealthEndpointProperties'
2025-12-03T10:53:39.088Z DEBUG 15034 --- [           main] o.s.b.f.s.DefaultListableBeanFactory     : Creating shared instance of singleton bean 'healthEndpointWebExtension'
2025-12-03T10:53:39.088Z DEBUG 15034 --- [           main] o.s.b.f.s.DefaultListableBeanFactory     : Creating shared instance of singleton bean 'org.springframework.boot.actuate.autoconfigure.health.HealthEndpointWebExtensionConfiguration'
2025-12-03T10:53:39.089Z DEBUG 15034 --- [           main] o.s.b.f.s.DefaultListableBeanFactory     : Autowiring by type from bean name 'healthEndpointWebExtension' via factory method to bean named 'healthContributorRegistry'
2025-12-03T10:53:39.089Z DEBUG 15034 --- [           main] o.s.b.f.s.DefaultListableBeanFactory     : Autowiring by type from bean name 'healthEndpointWebExtension' via factory method to bean named 'healthEndpointGroups'
2025-12-03T10:53:39.089Z DEBUG 15034 --- [           main] o.s.b.f.s.DefaultListableBeanFactory     : Autowiring by type from bean name 'healthEndpointWebExtension' via factory method to bean named 'management.endpoint.health-org.springframework.boot.actuate.autoconfigure.health.HealthEndpointProperties'
2025-12-03T10:53:39.101Z DEBUG 15034 --- [           main] o.s.b.f.s.DefaultListableBeanFactory     : Creating shared instance of singleton bean 'webEndpointServletHandlerMapping'
2025-12-03T10:53:39.102Z DEBUG 15034 --- [           main] o.s.b.f.s.DefaultListableBeanFactory     : Creating shared instance of singleton bean 'org.springframework.boot.actuate.autoconfigure.endpoint.web.servlet.WebMvcEndpointManagementContextConfiguration'
2025-12-03T10:53:39.103Z DEBUG 15034 --- [           main] o.s.b.f.s.DefaultListableBeanFactory     : Creating shared instance of singleton bean 'controllerEndpointDiscoverer'
2025-12-03T10:53:39.104Z DEBUG 15034 --- [           main] o.s.b.f.s.DefaultListableBeanFactory     : Creating shared instance of singleton bean 'controllerExposeExcludePropertyEndpointFilter'
2025-12-03T10:53:39.105Z DEBUG 15034 --- [           main] o.s.b.f.s.DefaultListableBeanFactory     : Creating shared instance of singleton bean 'management.endpoints.web.cors-org.springframework.boot.actuate.autoconfigure.endpoint.web.CorsEndpointProperties'
2025-12-03T10:53:39.107Z DEBUG 15034 --- [           main] o.s.b.f.s.DefaultListableBeanFactory     : Autowiring by type from bean name 'webEndpointServletHandlerMapping' via factory method to bean named 'webEndpointDiscoverer'
2025-12-03T10:53:39.107Z DEBUG 15034 --- [           main] o.s.b.f.s.DefaultListableBeanFactory     : Autowiring by type from bean name 'webEndpointServletHandlerMapping' via factory method to bean named 'servletEndpointDiscoverer'
2025-12-03T10:53:39.107Z DEBUG 15034 --- [           main] o.s.b.f.s.DefaultListableBeanFactory     : Autowiring by type from bean name 'webEndpointServletHandlerMapping' via factory method to bean named 'controllerEndpointDiscoverer'
2025-12-03T10:53:39.108Z DEBUG 15034 --- [           main] o.s.b.f.s.DefaultListableBeanFactory     : Autowiring by type from bean name 'webEndpointServletHandlerMapping' via factory method to bean named 'endpointMediaTypes'
2025-12-03T10:53:39.108Z DEBUG 15034 --- [           main] o.s.b.f.s.DefaultListableBeanFactory     : Autowiring by type from bean name 'webEndpointServletHandlerMapping' via factory method to bean named 'management.endpoints.web.cors-org.springframework.boot.actuate.autoconfigure.endpoint.web.CorsEndpointProperties'
2025-12-03T10:53:39.108Z DEBUG 15034 --- [           main] o.s.b.f.s.DefaultListableBeanFactory     : Autowiring by type from bean name 'webEndpointServletHandlerMapping' via factory method to bean named 'management.endpoints.web-org.springframework.boot.actuate.autoconfigure.endpoint.web.WebEndpointProperties'
2025-12-03T10:53:39.108Z DEBUG 15034 --- [           main] o.s.b.f.s.DefaultListableBeanFactory     : Autowiring by type from bean name 'webEndpointServletHandlerMapping' via factory method to bean named 'environment'
2025-12-03T10:53:39.113Z  INFO 15034 --- [           main] o.s.b.a.e.web.EndpointLinksResolver      : Exposing 1 endpoint(s) beneath base path '/actuator'
2025-12-03T10:53:39.123Z DEBUG 15034 --- [           main] o.s.b.f.s.DefaultListableBeanFactory     : Creating shared instance of singleton bean 'controllerEndpointHandlerMapping'
2025-12-03T10:53:39.123Z DEBUG 15034 --- [           main] o.s.b.f.s.DefaultListableBeanFactory     : Autowiring by type from bean name 'controllerEndpointHandlerMapping' via factory method to bean named 'controllerEndpointDiscoverer'
2025-12-03T10:53:39.123Z DEBUG 15034 --- [           main] o.s.b.f.s.DefaultListableBeanFactory     : Autowiring by type from bean name 'controllerEndpointHandlerMapping' via factory method to bean named 'management.endpoints.web.cors-org.springframework.boot.actuate.autoconfigure.endpoint.web.CorsEndpointProperties'
2025-12-03T10:53:39.123Z DEBUG 15034 --- [           main] o.s.b.f.s.DefaultListableBeanFactory     : Autowiring by type from bean name 'controllerEndpointHandlerMapping' via factory method to bean named 'management.endpoints.web-org.springframework.boot.actuate.autoconfigure.endpoint.web.WebEndpointProperties'
2025-12-03T10:53:39.168Z  INFO 15034 --- [           main] o.s.s.web.DefaultSecurityFilterChain     : Will secure any request with [org.springframework.security.web.session.DisableEncodeUrlFilter@4203190, org.springframework.security.web.context.request.async.WebAsyncManagerIntegrationFilter@6add8aac, org.springframework.security.web.context.SecurityContextHolderFilter@1eff74f2, org.springframework.security.web.header.HeaderWriterFilter@641001c2, org.springframework.web.filter.CorsFilter@72f5fb36, org.springframework.security.web.authentication.logout.LogoutFilter@323b5264, com.sparkage.timebeam.infrastructure.external.JwtAuthenticationFilter@2049e582, org.springframework.security.web.savedrequest.RequestCacheAwareFilter@45cce4c2, org.springframework.security.web.servletapi.SecurityContextHolderAwareRequestFilter@3c0becae, org.springframework.security.web.authentication.AnonymousAuthenticationFilter@300b839c, org.springframework.security.web.session.SessionManagementFilter@e10809f, org.springframework.security.web.access.ExceptionTranslationFilter@28c38eeb, org.springframework.security.web.access.intercept.AuthorizationFilter@51577fc8]
2025-12-03T10:53:39.170Z DEBUG 15034 --- [           main] o.s.b.f.s.DefaultListableBeanFactory     : Creating shared instance of singleton bean 'authenticationManager'
2025-12-03T10:53:39.170Z DEBUG 15034 --- [           main] o.s.b.f.s.DefaultListableBeanFactory     : Autowiring by type from bean name 'authenticationManager' via factory method to bean named 'org.springframework.security.config.annotation.authentication.configuration.AuthenticationConfiguration'
2025-12-03T10:53:39.173Z DEBUG 15034 --- [           main] o.s.b.f.s.DefaultListableBeanFactory     : Creating shared instance of singleton bean 'org.springframework.boot.autoconfigure.context.PropertyPlaceholderAutoConfiguration'
2025-12-03T10:53:39.177Z DEBUG 15034 --- [           main] o.s.b.f.s.DefaultListableBeanFactory     : Creating shared instance of singleton bean 'org.springframework.boot.autoconfigure.websocket.servlet.WebSocketServletAutoConfiguration'
2025-12-03T10:53:39.178Z DEBUG 15034 --- [           main] o.s.b.f.s.DefaultListableBeanFactory     : Creating shared instance of singleton bean 'org.springframework.boot.autoconfigure.web.servlet.DispatcherServletAutoConfiguration'
2025-12-03T10:53:39.178Z DEBUG 15034 --- [           main] o.s.b.f.s.DefaultListableBeanFactory     : Creating shared instance of singleton bean 'org.springframework.boot.autoconfigure.task.TaskExecutorConfigurations$ThreadPoolTaskExecutorBuilderConfiguration'
2025-12-03T10:53:39.180Z DEBUG 15034 --- [           main] o.s.b.f.s.DefaultListableBeanFactory     : Creating shared instance of singleton bean 'threadPoolTaskExecutorBuilder'
2025-12-03T10:53:39.181Z DEBUG 15034 --- [           main] o.s.b.f.s.DefaultListableBeanFactory     : Creating shared instance of singleton bean 'spring.task.execution-org.springframework.boot.autoconfigure.task.TaskExecutionProperties'
2025-12-03T10:53:39.182Z DEBUG 15034 --- [           main] o.s.b.f.s.DefaultListableBeanFactory     : Autowiring by type from bean name 'threadPoolTaskExecutorBuilder' via factory method to bean named 'spring.task.execution-org.springframework.boot.autoconfigure.task.TaskExecutionProperties'
2025-12-03T10:53:39.184Z DEBUG 15034 --- [           main] o.s.b.f.s.DefaultListableBeanFactory     : Creating shared instance of singleton bean 'org.springframework.boot.autoconfigure.task.TaskExecutorConfigurations$TaskExecutorBuilderConfiguration'
2025-12-03T10:53:39.184Z DEBUG 15034 --- [           main] o.s.b.f.s.DefaultListableBeanFactory     : Creating shared instance of singleton bean 'taskExecutorBuilder'
2025-12-03T10:53:39.184Z DEBUG 15034 --- [           main] o.s.b.f.s.DefaultListableBeanFactory     : Autowiring by type from bean name 'taskExecutorBuilder' via factory method to bean named 'spring.task.execution-org.springframework.boot.autoconfigure.task.TaskExecutionProperties'
2025-12-03T10:53:39.186Z DEBUG 15034 --- [           main] o.s.b.f.s.DefaultListableBeanFactory     : Creating shared instance of singleton bean 'org.springframework.boot.autoconfigure.task.TaskExecutorConfigurations$SimpleAsyncTaskExecutorBuilderConfiguration'
2025-12-03T10:53:39.186Z DEBUG 15034 --- [           main] o.s.b.f.s.DefaultListableBeanFactory     : Autowiring by type from bean name 'org.springframework.boot.autoconfigure.task.TaskExecutorConfigurations$SimpleAsyncTaskExecutorBuilderConfiguration' via constructor to bean named 'spring.task.execution-org.springframework.boot.autoconfigure.task.TaskExecutionProperties'
2025-12-03T10:53:39.186Z DEBUG 15034 --- [           main] o.s.b.f.s.DefaultListableBeanFactory     : Creating shared instance of singleton bean 'simpleAsyncTaskExecutorBuilder'
2025-12-03T10:53:39.192Z DEBUG 15034 --- [           main] o.s.b.f.s.DefaultListableBeanFactory     : Creating shared instance of singleton bean 'org.springframework.boot.autoconfigure.task.TaskExecutorConfigurations$TaskExecutorConfiguration'
2025-12-03T10:53:39.192Z DEBUG 15034 --- [           main] o.s.b.f.s.DefaultListableBeanFactory     : Creating shared instance of singleton bean 'org.springframework.boot.autoconfigure.task.TaskExecutionAutoConfiguration'
2025-12-03T10:53:39.193Z DEBUG 15034 --- [           main] o.s.b.f.s.DefaultListableBeanFactory     : Creating shared instance of singleton bean 'org.springframework.boot.autoconfigure.validation.ValidationAutoConfiguration'
2025-12-03T10:53:39.193Z DEBUG 15034 --- [           main] o.s.b.f.s.DefaultListableBeanFactory     : Creating shared instance of singleton bean 'defaultValidator'
2025-12-03T10:53:39.194Z DEBUG 15034 --- [           main] o.s.b.f.s.DefaultListableBeanFactory     : Autowiring by type from bean name 'defaultValidator' via factory method to bean named 'org.springframework.boot.web.servlet.context.AnnotationConfigServletWebServerApplicationContext@73a8da0f'
2025-12-03T10:53:39.202Z DEBUG 15034 --- [           main] o.s.b.f.s.DefaultListableBeanFactory     : Creating shared instance of singleton bean 'org.springframework.boot.autoconfigure.web.servlet.error.ErrorMvcAutoConfiguration$WhitelabelErrorViewConfiguration'
2025-12-03T10:53:39.203Z DEBUG 15034 --- [           main] o.s.b.f.s.DefaultListableBeanFactory     : Creating shared instance of singleton bean 'error'
2025-12-03T10:53:39.204Z DEBUG 15034 --- [           main] o.s.b.f.s.DefaultListableBeanFactory     : Creating shared instance of singleton bean 'beanNameViewResolver'
2025-12-03T10:53:39.205Z DEBUG 15034 --- [           main] o.s.b.f.s.DefaultListableBeanFactory     : Creating shared instance of singleton bean 'org.springframework.boot.autoconfigure.web.servlet.error.ErrorMvcAutoConfiguration$DefaultErrorViewResolverConfiguration'
2025-12-03T10:53:39.205Z DEBUG 15034 --- [           main] o.s.b.f.s.DefaultListableBeanFactory     : Autowiring by type from bean name 'org.springframework.boot.autoconfigure.web.servlet.error.ErrorMvcAutoConfiguration$DefaultErrorViewResolverConfiguration' via constructor to bean named 'org.springframework.boot.web.servlet.context.AnnotationConfigServletWebServerApplicationContext@73a8da0f'
2025-12-03T10:53:39.205Z DEBUG 15034 --- [           main] o.s.b.f.s.DefaultListableBeanFactory     : Autowiring by type from bean name 'org.springframework.boot.autoconfigure.web.servlet.error.ErrorMvcAutoConfiguration$DefaultErrorViewResolverConfiguration' via constructor to bean named 'spring.web-org.springframework.boot.autoconfigure.web.WebProperties'
2025-12-03T10:53:39.205Z DEBUG 15034 --- [           main] o.s.b.f.s.DefaultListableBeanFactory     : Creating shared instance of singleton bean 'conventionErrorViewResolver'
2025-12-03T10:53:39.206Z DEBUG 15034 --- [           main] o.s.b.f.s.DefaultListableBeanFactory     : Creating shared instance of singleton bean 'errorAttributes'
2025-12-03T10:53:39.207Z DEBUG 15034 --- [           main] o.s.b.f.s.DefaultListableBeanFactory     : Creating shared instance of singleton bean 'basicErrorController'
2025-12-03T10:53:39.208Z DEBUG 15034 --- [           main] o.s.b.f.s.DefaultListableBeanFactory     : Autowiring by type from bean name 'basicErrorController' via factory method to bean named 'errorAttributes'
2025-12-03T10:53:39.209Z DEBUG 15034 --- [           main] o.s.b.f.s.DefaultListableBeanFactory     : Creating shared instance of singleton bean 'localeResolver'
2025-12-03T10:53:39.210Z DEBUG 15034 --- [           main] o.s.b.f.s.DefaultListableBeanFactory     : Creating shared instance of singleton bean 'themeResolver'
2025-12-03T10:53:39.211Z DEBUG 15034 --- [           main] o.s.b.f.s.DefaultListableBeanFactory     : Creating shared instance of singleton bean 'flashMapManager'
2025-12-03T10:53:39.213Z DEBUG 15034 --- [           main] o.s.b.f.s.DefaultListableBeanFactory     : Creating shared instance of singleton bean 'mvcValidator'
2025-12-03T10:53:39.215Z DEBUG 15034 --- [           main] o.s.b.f.s.DefaultListableBeanFactory     : Creating shared instance of singleton bean 'mvcPatternParser'
2025-12-03T10:53:39.215Z DEBUG 15034 --- [           main] o.s.b.f.s.DefaultListableBeanFactory     : Creating shared instance of singleton bean 'mvcUrlPathHelper'
2025-12-03T10:53:39.217Z DEBUG 15034 --- [           main] o.s.b.f.s.DefaultListableBeanFactory     : Creating shared instance of singleton bean 'mvcPathMatcher'
2025-12-03T10:53:39.218Z DEBUG 15034 --- [           main] o.s.b.f.s.DefaultListableBeanFactory     : Creating shared instance of singleton bean 'requestMappingHandlerAdapter'
2025-12-03T10:53:39.218Z DEBUG 15034 --- [           main] o.s.b.f.s.DefaultListableBeanFactory     : Autowiring by type from bean name 'requestMappingHandlerAdapter' via factory method to bean named 'mvcContentNegotiationManager'
2025-12-03T10:53:39.218Z DEBUG 15034 --- [           main] o.s.b.f.s.DefaultListableBeanFactory     : Autowiring by type from bean name 'requestMappingHandlerAdapter' via factory method to bean named 'mvcConversionService'
2025-12-03T10:53:39.218Z DEBUG 15034 --- [           main] o.s.b.f.s.DefaultListableBeanFactory     : Autowiring by type from bean name 'requestMappingHandlerAdapter' via factory method to bean named 'mvcValidator'
2025-12-03T10:53:39.221Z DEBUG 15034 --- [           main] o.s.b.f.s.DefaultListableBeanFactory     : Creating shared instance of singleton bean 'sortResolver'
2025-12-03T10:53:39.222Z DEBUG 15034 --- [           main] o.s.b.f.s.DefaultListableBeanFactory     : Creating shared instance of singleton bean 'sortCustomizer'
2025-12-03T10:53:39.222Z DEBUG 15034 --- [           main] o.s.b.f.s.DefaultListableBeanFactory     : Creating shared instance of singleton bean 'org.springframework.boot.autoconfigure.data.web.SpringDataWebAutoConfiguration'
2025-12-03T10:53:39.222Z DEBUG 15034 --- [           main] o.s.b.f.s.DefaultListableBeanFactory     : Creating shared instance of singleton bean 'spring.data.web-org.springframework.boot.autoconfigure.data.web.SpringDataWebProperties'
2025-12-03T10:53:39.223Z DEBUG 15034 --- [           main] o.s.b.f.s.DefaultListableBeanFactory     : Autowiring by type from bean name 'org.springframework.boot.autoconfigure.data.web.SpringDataWebAutoConfiguration' via constructor to bean named 'spring.data.web-org.springframework.boot.autoconfigure.data.web.SpringDataWebProperties'
2025-12-03T10:53:39.226Z DEBUG 15034 --- [           main] o.s.b.f.s.DefaultListableBeanFactory     : Creating shared instance of singleton bean 'pageableResolver'
2025-12-03T10:53:39.226Z DEBUG 15034 --- [           main] o.s.b.f.s.DefaultListableBeanFactory     : Creating shared instance of singleton bean 'pageableCustomizer'
2025-12-03T10:53:39.230Z DEBUG 15034 --- [           main] o.s.b.f.s.DefaultListableBeanFactory     : Creating shared instance of singleton bean 'applicationTaskExecutor'
2025-12-03T10:53:39.231Z DEBUG 15034 --- [           main] o.s.b.f.s.DefaultListableBeanFactory     : Autowiring by type from bean name 'applicationTaskExecutor' via factory method to bean named 'taskExecutorBuilder'
2025-12-03T10:53:39.233Z DEBUG 15034 --- [           main] o.s.s.concurrent.ThreadPoolTaskExecutor  : Initializing ExecutorService 'applicationTaskExecutor'
2025-12-03T10:53:39.247Z DEBUG 15034 --- [           main] o.s.b.f.s.DefaultListableBeanFactory     : Creating shared instance of singleton bean 'org.springdoc.core.configuration.SpringDocConfiguration$OpenApiResourceAdvice'
2025-12-03T10:53:39.248Z DEBUG 15034 --- [           main] o.s.b.f.s.DefaultListableBeanFactory     : Autowiring by type from bean name 'org.springdoc.core.configuration.SpringDocConfiguration$OpenApiResourceAdvice' via constructor to bean named 'org.springdoc.core.configuration.SpringDocConfiguration'
2025-12-03T10:53:39.250Z DEBUG 15034 --- [           main] s.w.s.m.m.a.RequestMappingHandlerAdapter : ControllerAdvice beans: 0 @ModelAttribute, 0 @InitBinder, 1 RequestBodyAdvice, 1 ResponseBodyAdvice
2025-12-03T10:53:39.266Z DEBUG 15034 --- [           main] o.s.b.f.s.DefaultListableBeanFactory     : Creating shared instance of singleton bean 'handlerFunctionAdapter'
2025-12-03T10:53:39.267Z DEBUG 15034 --- [           main] o.s.b.f.s.DefaultListableBeanFactory     : Creating shared instance of singleton bean 'mvcUriComponentsContributor'
2025-12-03T10:53:39.268Z DEBUG 15034 --- [           main] o.s.b.f.s.DefaultListableBeanFactory     : Autowiring by type from bean name 'mvcUriComponentsContributor' via factory method to bean named 'mvcConversionService'
2025-12-03T10:53:39.268Z DEBUG 15034 --- [           main] o.s.b.f.s.DefaultListableBeanFactory     : Autowiring by type from bean name 'mvcUriComponentsContributor' via factory method to bean named 'requestMappingHandlerAdapter'
2025-12-03T10:53:39.268Z DEBUG 15034 --- [           main] o.s.b.f.s.DefaultListableBeanFactory     : Creating shared instance of singleton bean 'httpRequestHandlerAdapter'
2025-12-03T10:53:39.269Z DEBUG 15034 --- [           main] o.s.b.f.s.DefaultListableBeanFactory     : Creating shared instance of singleton bean 'simpleControllerHandlerAdapter'
2025-12-03T10:53:39.269Z DEBUG 15034 --- [           main] o.s.b.f.s.DefaultListableBeanFactory     : Creating shared instance of singleton bean 'handlerExceptionResolver'
2025-12-03T10:53:39.269Z DEBUG 15034 --- [           main] o.s.b.f.s.DefaultListableBeanFactory     : Autowiring by type from bean name 'handlerExceptionResolver' via factory method to bean named 'mvcContentNegotiationManager'
2025-12-03T10:53:39.272Z DEBUG 15034 --- [           main] .m.m.a.ExceptionHandlerExceptionResolver : ControllerAdvice beans: 2 @ExceptionHandler, 1 ResponseBodyAdvice
2025-12-03T10:53:39.273Z DEBUG 15034 --- [           main] o.s.b.f.s.DefaultListableBeanFactory     : Creating shared instance of singleton bean 'mvcViewResolver'
2025-12-03T10:53:39.273Z DEBUG 15034 --- [           main] o.s.b.f.s.DefaultListableBeanFactory     : Autowiring by type from bean name 'mvcViewResolver' via factory method to bean named 'mvcContentNegotiationManager'
2025-12-03T10:53:39.274Z DEBUG 15034 --- [           main] o.s.b.f.s.DefaultListableBeanFactory     : Creating shared instance of singleton bean 'viewNameTranslator'
2025-12-03T10:53:39.275Z DEBUG 15034 --- [           main] o.s.b.f.s.DefaultListableBeanFactory     : Creating shared instance of singleton bean 'defaultViewResolver'
2025-12-03T10:53:39.281Z DEBUG 15034 --- [           main] o.s.b.f.s.DefaultListableBeanFactory     : Creating shared instance of singleton bean 'viewResolver'
2025-12-03T10:53:39.282Z DEBUG 15034 --- [           main] o.s.b.f.s.DefaultListableBeanFactory     : Autowiring by type from bean name 'viewResolver' via factory method to bean named 'org.springframework.beans.factory.support.DefaultListableBeanFactory@35a9782c'
2025-12-03T10:53:39.282Z DEBUG 15034 --- [           main] o.s.b.f.s.DefaultListableBeanFactory     : Creating shared instance of singleton bean 'viewResolver'
2025-12-03T10:53:39.284Z DEBUG 15034 --- [           main] o.s.b.f.s.DefaultListableBeanFactory     : Creating shared instance of singleton bean 'org.springdoc.core.configuration.SpringDocConfiguration$SpringDocSpringDataWebPropertiesProvider'
2025-12-03T10:53:39.284Z DEBUG 15034 --- [           main] o.s.b.f.s.DefaultListableBeanFactory     : Creating shared instance of singleton bean 'springDataWebPropertiesProvider'
2025-12-03T10:53:39.285Z DEBUG 15034 --- [           main] o.s.b.f.s.DefaultListableBeanFactory     : Creating shared instance of singleton bean 'org.springdoc.core.configuration.SpringDocConfiguration$WebConversionServiceConfiguration'
2025-12-03T10:53:39.285Z DEBUG 15034 --- [           main] o.s.b.f.s.DefaultListableBeanFactory     : Creating shared instance of singleton bean 'webConversionServiceProvider'
2025-12-03T10:53:39.286Z DEBUG 15034 --- [           main] o.s.b.f.s.DefaultListableBeanFactory     : Creating shared instance of singleton bean 'localSpringDocParameterNameDiscoverer'
2025-12-03T10:53:39.287Z DEBUG 15034 --- [           main] o.s.b.f.s.DefaultListableBeanFactory     : Creating shared instance of singleton bean 'additionalModelsConverter'
2025-12-03T10:53:39.287Z DEBUG 15034 --- [           main] o.s.b.f.s.DefaultListableBeanFactory     : Autowiring by type from bean name 'additionalModelsConverter' via factory method to bean named 'objectMapperProvider'
2025-12-03T10:53:39.288Z DEBUG 15034 --- [           main] o.s.b.f.s.DefaultListableBeanFactory     : Creating shared instance of singleton bean 'fileSupportConverter'
2025-12-03T10:53:39.288Z DEBUG 15034 --- [           main] o.s.b.f.s.DefaultListableBeanFactory     : Autowiring by type from bean name 'fileSupportConverter' via factory method to bean named 'objectMapperProvider'
2025-12-03T10:53:39.288Z DEBUG 15034 --- [           main] o.s.b.f.s.DefaultListableBeanFactory     : Creating shared instance of singleton bean 'responseSupportConverter'
2025-12-03T10:53:39.288Z DEBUG 15034 --- [           main] o.s.b.f.s.DefaultListableBeanFactory     : Autowiring by type from bean name 'responseSupportConverter' via factory method to bean named 'objectMapperProvider'
2025-12-03T10:53:39.288Z DEBUG 15034 --- [           main] o.s.b.f.s.DefaultListableBeanFactory     : Creating shared instance of singleton bean 'schemaPropertyDeprecatingConverter'
2025-12-03T10:53:39.289Z DEBUG 15034 --- [           main] o.s.b.f.s.DefaultListableBeanFactory     : Creating shared instance of singleton bean 'polymorphicModelConverter'
2025-12-03T10:53:39.289Z DEBUG 15034 --- [           main] o.s.b.f.s.DefaultListableBeanFactory     : Autowiring by type from bean name 'polymorphicModelConverter' via factory method to bean named 'objectMapperProvider'
2025-12-03T10:53:39.290Z DEBUG 15034 --- [           main] o.s.b.f.s.DefaultListableBeanFactory     : Creating shared instance of singleton bean 'openAPIBuilder'
2025-12-03T10:53:39.290Z DEBUG 15034 --- [           main] o.s.b.f.s.DefaultListableBeanFactory     : Creating shared instance of singleton bean 'securityParser'
2025-12-03T10:53:39.290Z DEBUG 15034 --- [           main] o.s.b.f.s.DefaultListableBeanFactory     : Creating shared instance of singleton bean 'propertyResolverUtils'
2025-12-03T10:53:39.291Z DEBUG 15034 --- [           main] o.s.b.f.s.DefaultListableBeanFactory     : Autowiring by type from bean name 'propertyResolverUtils' via factory method to bean named 'org.springframework.beans.factory.support.DefaultListableBeanFactory@35a9782c'
2025-12-03T10:53:39.291Z DEBUG 15034 --- [           main] o.s.b.f.s.DefaultListableBeanFactory     : Autowiring by type from bean name 'propertyResolverUtils' via factory method to bean named 'messageSource'
2025-12-03T10:53:39.291Z DEBUG 15034 --- [           main] o.s.b.f.s.DefaultListableBeanFactory     : Autowiring by type from bean name 'propertyResolverUtils' via factory method to bean named 'org.springdoc.core.properties.SpringDocConfigProperties'
2025-12-03T10:53:39.291Z DEBUG 15034 --- [           main] o.s.b.f.s.DefaultListableBeanFactory     : Autowiring by type from bean name 'securityParser' via factory method to bean named 'propertyResolverUtils'
2025-12-03T10:53:39.293Z DEBUG 15034 --- [           main] o.s.b.f.s.DefaultListableBeanFactory     : Autowiring by type from bean name 'openAPIBuilder' via factory method to bean named 'securityParser'
2025-12-03T10:53:39.293Z DEBUG 15034 --- [           main] o.s.b.f.s.DefaultListableBeanFactory     : Autowiring by type from bean name 'openAPIBuilder' via factory method to bean named 'org.springdoc.core.properties.SpringDocConfigProperties'
2025-12-03T10:53:39.293Z DEBUG 15034 --- [           main] o.s.b.f.s.DefaultListableBeanFactory     : Autowiring by type from bean name 'openAPIBuilder' via factory method to bean named 'propertyResolverUtils'
2025-12-03T10:53:39.297Z DEBUG 15034 --- [           main] o.s.b.f.s.DefaultListableBeanFactory     : Creating shared instance of singleton bean 'modelConverterRegistrar'
2025-12-03T10:53:39.297Z DEBUG 15034 --- [           main] o.s.b.f.s.DefaultListableBeanFactory     : Creating shared instance of singleton bean 'pageableOpenAPIConverter'
2025-12-03T10:53:39.297Z DEBUG 15034 --- [           main] o.s.b.f.s.DefaultListableBeanFactory     : Creating shared instance of singleton bean 'org.springdoc.core.configuration.SpringDocPageableConfiguration'
2025-12-03T10:53:39.297Z DEBUG 15034 --- [           main] o.s.b.f.s.DefaultListableBeanFactory     : Autowiring by type from bean name 'pageableOpenAPIConverter' via factory method to bean named 'objectMapperProvider'
2025-12-03T10:53:39.298Z DEBUG 15034 --- [           main] o.s.b.f.s.DefaultListableBeanFactory     : Creating shared instance of singleton bean 'sortOpenAPIConverter'
2025-12-03T10:53:39.298Z DEBUG 15034 --- [           main] o.s.b.f.s.DefaultListableBeanFactory     : Creating shared instance of singleton bean 'org.springdoc.core.configuration.SpringDocSortConfiguration'
2025-12-03T10:53:39.299Z DEBUG 15034 --- [           main] o.s.b.f.s.DefaultListableBeanFactory     : Autowiring by type from bean name 'sortOpenAPIConverter' via factory method to bean named 'objectMapperProvider'
2025-12-03T10:53:39.304Z DEBUG 15034 --- [           main] o.s.b.f.s.DefaultListableBeanFactory     : Creating shared instance of singleton bean 'operationBuilder'
2025-12-03T10:53:39.304Z DEBUG 15034 --- [           main] o.s.b.f.s.DefaultListableBeanFactory     : Creating shared instance of singleton bean 'parameterBuilder'
2025-12-03T10:53:39.304Z DEBUG 15034 --- [           main] o.s.b.f.s.DefaultListableBeanFactory     : Creating shared instance of singleton bean 'delegatingMethodParameterCustomizer'
2025-12-03T10:53:39.306Z DEBUG 15034 --- [           main] o.s.b.f.s.DefaultListableBeanFactory     : Autowiring by type from bean name 'parameterBuilder' via factory method to bean named 'propertyResolverUtils'
2025-12-03T10:53:39.306Z DEBUG 15034 --- [           main] o.s.b.f.s.DefaultListableBeanFactory     : Autowiring by type from bean name 'parameterBuilder' via factory method to bean named 'objectMapperProvider'
2025-12-03T10:53:39.308Z DEBUG 15034 --- [           main] o.s.b.f.s.DefaultListableBeanFactory     : Creating shared instance of singleton bean 'requestBodyBuilder'
2025-12-03T10:53:39.308Z DEBUG 15034 --- [           main] o.s.b.f.s.DefaultListableBeanFactory     : Autowiring by type from bean name 'requestBodyBuilder' via factory method to bean named 'parameterBuilder'
2025-12-03T10:53:39.309Z DEBUG 15034 --- [           main] o.s.b.f.s.DefaultListableBeanFactory     : Autowiring by type from bean name 'operationBuilder' via factory method to bean named 'parameterBuilder'
2025-12-03T10:53:39.309Z DEBUG 15034 --- [           main] o.s.b.f.s.DefaultListableBeanFactory     : Autowiring by type from bean name 'operationBuilder' via factory method to bean named 'requestBodyBuilder'
2025-12-03T10:53:39.309Z DEBUG 15034 --- [           main] o.s.b.f.s.DefaultListableBeanFactory     : Autowiring by type from bean name 'operationBuilder' via factory method to bean named 'securityParser'
2025-12-03T10:53:39.309Z DEBUG 15034 --- [           main] o.s.b.f.s.DefaultListableBeanFactory     : Autowiring by type from bean name 'operationBuilder' via factory method to bean named 'propertyResolverUtils'
2025-12-03T10:53:39.311Z DEBUG 15034 --- [           main] o.s.b.f.s.DefaultListableBeanFactory     : Creating shared instance of singleton bean 'genericReturnTypeParser'
2025-12-03T10:53:39.312Z DEBUG 15034 --- [           main] o.s.b.f.s.DefaultListableBeanFactory     : Creating shared instance of singleton bean 'springDocProviders'
2025-12-03T10:53:39.312Z DEBUG 15034 --- [           main] o.s.b.f.s.DefaultListableBeanFactory     : Creating shared instance of singleton bean 'routerFunctionProvider'
2025-12-03T10:53:39.312Z DEBUG 15034 --- [           main] o.s.b.f.s.DefaultListableBeanFactory     : Creating shared instance of singleton bean 'org.springdoc.webmvc.core.configuration.SpringDocWebMvcConfiguration$SpringDocWebMvcRouterConfiguration'
2025-12-03T10:53:39.313Z DEBUG 15034 --- [           main] o.s.b.f.s.DefaultListableBeanFactory     : Autowiring by type from bean name 'springDocProviders' via factory method to bean named 'objectMapperProvider'
2025-12-03T10:53:39.314Z DEBUG 15034 --- [           main] o.s.b.f.s.DefaultListableBeanFactory     : Creating shared instance of singleton bean 'springDocCustomizers'
2025-12-03T10:53:39.317Z DEBUG 15034 --- [           main] o.s.b.f.s.DefaultListableBeanFactory     : Creating shared instance of singleton bean 'org.springdoc.core.configuration.SpringDocSecurityConfiguration$SpringSecurityLoginEndpointConfiguration'
2025-12-03T10:53:39.318Z DEBUG 15034 --- [           main] o.s.b.f.s.DefaultListableBeanFactory     : Creating shared instance of singleton bean 'org.springdoc.core.configuration.SpringDocSecurityConfiguration'
2025-12-03T10:53:39.320Z DEBUG 15034 --- [           main] o.s.b.f.s.DefaultListableBeanFactory     : Autowiring by type from bean name 'org.springdoc.core.configuration.SpringDocSecurityConfiguration$SpringSecurityLoginEndpointConfiguration' via constructor to bean named 'org.springdoc.core.configuration.SpringDocSecurityConfiguration'
2025-12-03T10:53:39.321Z DEBUG 15034 --- [           main] o.s.b.f.s.DefaultListableBeanFactory     : Creating shared instance of singleton bean 'org.springdoc.core.configuration.SpringDocUIConfiguration'
2025-12-03T10:53:39.321Z DEBUG 15034 --- [           main] o.s.b.f.s.DefaultListableBeanFactory     : Creating shared instance of singleton bean 'org.springdoc.webmvc.core.configuration.SpringDocWebMvcConfiguration$SpringDocWebMvcActuatorConfiguration'
2025-12-03T10:53:39.322Z DEBUG 15034 --- [           main] o.s.b.f.s.DefaultListableBeanFactory     : Creating shared instance of singleton bean 'openApiResource'
2025-12-03T10:53:39.323Z DEBUG 15034 --- [           main] o.s.b.f.s.DefaultListableBeanFactory     : Creating shared instance of singleton bean 'requestBuilder'
2025-12-03T10:53:39.323Z DEBUG 15034 --- [           main] o.s.b.f.s.DefaultListableBeanFactory     : Autowiring by type from bean name 'requestBuilder' via factory method to bean named 'parameterBuilder'
2025-12-03T10:53:39.323Z DEBUG 15034 --- [           main] o.s.b.f.s.DefaultListableBeanFactory     : Autowiring by type from bean name 'requestBuilder' via factory method to bean named 'requestBodyBuilder'
2025-12-03T10:53:39.323Z DEBUG 15034 --- [           main] o.s.b.f.s.DefaultListableBeanFactory     : Autowiring by type from bean name 'requestBuilder' via factory method to bean named 'operationBuilder'
2025-12-03T10:53:39.323Z DEBUG 15034 --- [           main] o.s.b.f.s.DefaultListableBeanFactory     : Autowiring by type from bean name 'requestBuilder' via factory method to bean named 'localSpringDocParameterNameDiscoverer'
2025-12-03T10:53:39.326Z DEBUG 15034 --- [           main] o.s.b.f.s.DefaultListableBeanFactory     : Creating shared instance of singleton bean 'responseBuilder'
2025-12-03T10:53:39.326Z DEBUG 15034 --- [           main] o.s.b.f.s.DefaultListableBeanFactory     : Autowiring by type from bean name 'responseBuilder' via factory method to bean named 'operationBuilder'
2025-12-03T10:53:39.326Z DEBUG 15034 --- [           main] o.s.b.f.s.DefaultListableBeanFactory     : Autowiring by type from bean name 'responseBuilder' via factory method to bean named 'genericReturnTypeParser'
2025-12-03T10:53:39.326Z DEBUG 15034 --- [           main] o.s.b.f.s.DefaultListableBeanFactory     : Autowiring by type from bean name 'responseBuilder' via factory method to bean named 'org.springdoc.core.properties.SpringDocConfigProperties'
2025-12-03T10:53:39.326Z DEBUG 15034 --- [           main] o.s.b.f.s.DefaultListableBeanFactory     : Autowiring by type from bean name 'responseBuilder' via factory method to bean named 'propertyResolverUtils'
2025-12-03T10:53:39.329Z DEBUG 15034 --- [           main] o.s.b.f.s.DefaultListableBeanFactory     : Autowiring by type from bean name 'openApiResource' via factory method to bean named 'requestBuilder'
2025-12-03T10:53:39.329Z DEBUG 15034 --- [           main] o.s.b.f.s.DefaultListableBeanFactory     : Autowiring by type from bean name 'openApiResource' via factory method to bean named 'responseBuilder'
2025-12-03T10:53:39.329Z DEBUG 15034 --- [           main] o.s.b.f.s.DefaultListableBeanFactory     : Autowiring by type from bean name 'openApiResource' via factory method to bean named 'operationBuilder'
2025-12-03T10:53:39.329Z DEBUG 15034 --- [           main] o.s.b.f.s.DefaultListableBeanFactory     : Autowiring by type from bean name 'openApiResource' via factory method to bean named 'org.springdoc.core.properties.SpringDocConfigProperties'
2025-12-03T10:53:39.329Z DEBUG 15034 --- [           main] o.s.b.f.s.DefaultListableBeanFactory     : Autowiring by type from bean name 'openApiResource' via factory method to bean named 'springDocProviders'
2025-12-03T10:53:39.329Z DEBUG 15034 --- [           main] o.s.b.f.s.DefaultListableBeanFactory     : Autowiring by type from bean name 'openApiResource' via factory method to bean named 'springDocCustomizers'
2025-12-03T10:53:39.335Z DEBUG 15034 --- [           main] o.s.b.f.s.DefaultListableBeanFactory     : Creating shared instance of singleton bean 'swaggerConfigResource'
2025-12-03T10:53:39.335Z DEBUG 15034 --- [           main] o.s.b.f.s.DefaultListableBeanFactory     : Autowiring by type from bean name 'swaggerConfigResource' via factory method to bean named 'swaggerWelcome'
2025-12-03T10:53:39.336Z DEBUG 15034 --- [           main] o.s.b.f.s.DefaultListableBeanFactory     : Creating shared instance of singleton bean 'org.springframework.boot.autoconfigure.availability.ApplicationAvailabilityAutoConfiguration'
2025-12-03T10:53:39.336Z DEBUG 15034 --- [           main] o.s.b.f.s.DefaultListableBeanFactory     : Creating shared instance of singleton bean 'applicationAvailability'
2025-12-03T10:53:39.337Z DEBUG 15034 --- [           main] o.s.b.f.s.DefaultListableBeanFactory     : Creating shared instance of singleton bean 'org.springframework.boot.actuate.autoconfigure.availability.AvailabilityHealthContributorAutoConfiguration'
2025-12-03T10:53:39.338Z DEBUG 15034 --- [           main] o.s.b.f.s.DefaultListableBeanFactory     : Creating shared instance of singleton bean 'org.springframework.boot.autoconfigure.transaction.jta.JtaAutoConfiguration'
2025-12-03T10:53:39.338Z DEBUG 15034 --- [           main] o.s.b.f.s.DefaultListableBeanFactory     : Creating shared instance of singleton bean 'org.springframework.boot.autoconfigure.jdbc.DataSourceJmxConfiguration$Hikari'
2025-12-03T10:53:39.338Z DEBUG 15034 --- [           main] o.s.b.f.s.DefaultListableBeanFactory     : Autowiring by type from bean name 'org.springframework.boot.autoconfigure.jdbc.DataSourceJmxConfiguration$Hikari' via constructor to bean named 'dataSource'
2025-12-03T10:53:39.339Z DEBUG 15034 --- [           main] o.s.b.f.s.DefaultListableBeanFactory     : Creating shared instance of singleton bean 'org.springframework.boot.autoconfigure.jdbc.DataSourceJmxConfiguration'
2025-12-03T10:53:39.339Z DEBUG 15034 --- [           main] o.s.b.f.s.DefaultListableBeanFactory     : Creating shared instance of singleton bean 'org.springframework.boot.autoconfigure.jdbc.metadata.DataSourcePoolMetadataProvidersConfiguration'
2025-12-03T10:53:39.339Z DEBUG 15034 --- [           main] o.s.b.f.s.DefaultListableBeanFactory     : Creating shared instance of singleton bean 'org.springframework.boot.autoconfigure.jdbc.DataSourceAutoConfiguration'
2025-12-03T10:53:39.339Z DEBUG 15034 --- [           main] o.s.b.f.s.DefaultListableBeanFactory     : Creating shared instance of singleton bean 'org.springframework.boot.autoconfigure.transaction.TransactionManagerCustomizationAutoConfiguration'
2025-12-03T10:53:39.340Z DEBUG 15034 --- [           main] o.s.b.f.s.DefaultListableBeanFactory     : Creating shared instance of singleton bean 'platformTransactionManagerCustomizers'
2025-12-03T10:53:39.340Z DEBUG 15034 --- [           main] o.s.b.f.s.DefaultListableBeanFactory     : Creating shared instance of singleton bean 'transactionExecutionListeners'
2025-12-03T10:53:39.341Z DEBUG 15034 --- [           main] o.s.b.f.s.DefaultListableBeanFactory     : Creating shared instance of singleton bean 'spring.transaction-org.springframework.boot.autoconfigure.transaction.TransactionProperties'
2025-12-03T10:53:39.346Z DEBUG 15034 --- [           main] o.s.b.f.s.DefaultListableBeanFactory     : Creating shared instance of singleton bean 'org.springframework.boot.autoconfigure.orm.jpa.JpaBaseConfiguration$PersistenceManagedTypesConfiguration'
2025-12-03T10:53:39.347Z DEBUG 15034 --- [           main] o.s.b.f.s.DefaultListableBeanFactory     : Creating shared instance of singleton bean 'transactionManager'
2025-12-03T10:53:39.356Z DEBUG 15034 --- [           main] o.s.b.f.s.DefaultListableBeanFactory     : Creating shared instance of singleton bean 'org.springframework.boot.autoconfigure.orm.jpa.HibernateJpaAutoConfiguration'
2025-12-03T10:53:39.357Z DEBUG 15034 --- [           main] o.s.b.f.s.DefaultListableBeanFactory     : Creating shared instance of singleton bean 'org.springframework.boot.actuate.autoconfigure.web.servlet.ServletManagementContextAutoConfiguration'
2025-12-03T10:53:39.357Z DEBUG 15034 --- [           main] o.s.b.f.s.DefaultListableBeanFactory     : Creating shared instance of singleton bean 'servletWebChildContextFactory'
2025-12-03T10:53:39.358Z DEBUG 15034 --- [           main] o.s.b.f.s.DefaultListableBeanFactory     : Creating shared instance of singleton bean 'managementServletContext'
2025-12-03T10:53:39.358Z DEBUG 15034 --- [           main] o.s.b.f.s.DefaultListableBeanFactory     : Autowiring by type from bean name 'managementServletContext' via factory method to bean named 'management.endpoints.web-org.springframework.boot.actuate.autoconfigure.endpoint.web.WebEndpointProperties'
2025-12-03T10:53:39.359Z DEBUG 15034 --- [           main] o.s.b.f.s.DefaultListableBeanFactory     : Creating shared instance of singleton bean 'healthEndpointGroupMembershipValidator'
2025-12-03T10:53:39.359Z DEBUG 15034 --- [           main] o.s.b.f.s.DefaultListableBeanFactory     : Autowiring by type from bean name 'healthEndpointGroupMembershipValidator' via factory method to bean named 'management.endpoint.health-org.springframework.boot.actuate.autoconfigure.health.HealthEndpointProperties'
2025-12-03T10:53:39.359Z DEBUG 15034 --- [           main] o.s.b.f.s.DefaultListableBeanFactory     : Autowiring by type from bean name 'healthEndpointGroupMembershipValidator' via factory method to bean named 'healthContributorRegistry'
2025-12-03T10:53:39.360Z DEBUG 15034 --- [           main] o.s.b.f.s.DefaultListableBeanFactory     : Creating shared instance of singleton bean 'org.springframework.boot.actuate.autoconfigure.health.HealthEndpointAutoConfiguration'
2025-12-03T10:53:39.360Z DEBUG 15034 --- [           main] o.s.b.f.s.DefaultListableBeanFactory     : Creating shared instance of singleton bean 'org.springframework.boot.autoconfigure.info.ProjectInfoAutoConfiguration'
2025-12-03T10:53:39.361Z DEBUG 15034 --- [           main] o.s.b.f.s.DefaultListableBeanFactory     : Creating shared instance of singleton bean 'spring.info-org.springframework.boot.autoconfigure.info.ProjectInfoProperties'
2025-12-03T10:53:39.361Z DEBUG 15034 --- [           main] o.s.b.f.s.DefaultListableBeanFactory     : Autowiring by type from bean name 'org.springframework.boot.autoconfigure.info.ProjectInfoAutoConfiguration' via constructor to bean named 'spring.info-org.springframework.boot.autoconfigure.info.ProjectInfoProperties'
2025-12-03T10:53:39.362Z DEBUG 15034 --- [           main] o.s.b.f.s.DefaultListableBeanFactory     : Creating shared instance of singleton bean 'org.springframework.boot.actuate.autoconfigure.info.InfoContributorAutoConfiguration'
2025-12-03T10:53:39.366Z DEBUG 15034 --- [           main] o.s.b.f.s.DefaultListableBeanFactory     : Creating shared instance of singleton bean 'management.info-org.springframework.boot.actuate.autoconfigure.info.InfoContributorProperties'
2025-12-03T10:53:39.367Z DEBUG 15034 --- [           main] o.s.b.f.s.DefaultListableBeanFactory     : Creating shared instance of singleton bean 'pathMappedEndpoints'
2025-12-03T10:53:39.367Z DEBUG 15034 --- [           main] o.s.b.f.s.DefaultListableBeanFactory     : Autowiring by type from bean name 'pathMappedEndpoints' via factory method to bean named 'servletEndpointDiscoverer'
2025-12-03T10:53:39.367Z DEBUG 15034 --- [           main] o.s.b.f.s.DefaultListableBeanFactory     : Autowiring by type from bean name 'pathMappedEndpoints' via factory method to bean named 'webEndpointDiscoverer'
2025-12-03T10:53:39.367Z DEBUG 15034 --- [           main] o.s.b.f.s.DefaultListableBeanFactory     : Autowiring by type from bean name 'pathMappedEndpoints' via factory method to bean named 'controllerEndpointDiscoverer'
2025-12-03T10:53:39.368Z DEBUG 15034 --- [           main] o.s.b.f.s.DefaultListableBeanFactory     : Creating shared instance of singleton bean 'meterRegistryCloser'
2025-12-03T10:53:39.369Z DEBUG 15034 --- [           main] o.s.b.f.s.DefaultListableBeanFactory     : Creating shared instance of singleton bean 'org.springframework.boot.actuate.autoconfigure.metrics.CompositeMeterRegistryAutoConfiguration'
2025-12-03T10:53:39.369Z DEBUG 15034 --- [           main] o.s.b.f.s.DefaultListableBeanFactory     : Creating shared instance of singleton bean 'org.springframework.boot.actuate.autoconfigure.metrics.JvmMetricsAutoConfiguration'
2025-12-03T10:53:39.370Z DEBUG 15034 --- [           main] o.s.b.f.s.DefaultListableBeanFactory     : Creating shared instance of singleton bean 'jvmGcMetrics'
2025-12-03T10:53:39.375Z DEBUG 15034 --- [           main] o.s.b.f.s.DefaultListableBeanFactory     : Creating shared instance of singleton bean 'jvmHeapPressureMetrics'
2025-12-03T10:53:39.377Z DEBUG 15034 --- [           main] o.s.b.f.s.DefaultListableBeanFactory     : Creating shared instance of singleton bean 'jvmMemoryMetrics'
2025-12-03T10:53:39.378Z DEBUG 15034 --- [           main] o.s.b.f.s.DefaultListableBeanFactory     : Creating shared instance of singleton bean 'jvmThreadMetrics'
2025-12-03T10:53:39.379Z DEBUG 15034 --- [           main] o.s.b.f.s.DefaultListableBeanFactory     : Creating shared instance of singleton bean 'classLoaderMetrics'
2025-12-03T10:53:39.379Z DEBUG 15034 --- [           main] o.s.b.f.s.DefaultListableBeanFactory     : Creating shared instance of singleton bean 'jvmInfoMetrics'
2025-12-03T10:53:39.380Z DEBUG 15034 --- [           main] o.s.b.f.s.DefaultListableBeanFactory     : Creating shared instance of singleton bean 'jvmCompilationMetrics'
2025-12-03T10:53:39.380Z DEBUG 15034 --- [           main] o.s.b.f.s.DefaultListableBeanFactory     : Creating shared instance of singleton bean 'org.springframework.boot.actuate.autoconfigure.metrics.LogbackMetricsAutoConfiguration'
2025-12-03T10:53:39.380Z DEBUG 15034 --- [           main] o.s.b.f.s.DefaultListableBeanFactory     : Creating shared instance of singleton bean 'logbackMetrics'
2025-12-03T10:53:39.381Z DEBUG 15034 --- [           main] o.s.b.f.s.DefaultListableBeanFactory     : Creating shared instance of singleton bean 'org.springframework.boot.actuate.autoconfigure.metrics.MetricsAspectsAutoConfiguration'
2025-12-03T10:53:39.382Z DEBUG 15034 --- [           main] o.s.b.f.s.DefaultListableBeanFactory     : Creating shared instance of singleton bean 'countedAspect'
2025-12-03T10:53:39.382Z DEBUG 15034 --- [           main] o.s.b.f.s.DefaultListableBeanFactory     : Autowiring by type from bean name 'countedAspect' via factory method to bean named 'simpleMeterRegistry'
2025-12-03T10:53:39.382Z DEBUG 15034 --- [           main] o.s.b.f.s.DefaultListableBeanFactory     : Creating shared instance of singleton bean 'timedAspect'
2025-12-03T10:53:39.382Z DEBUG 15034 --- [           main] o.s.b.f.s.DefaultListableBeanFactory     : Autowiring by type from bean name 'timedAspect' via factory method to bean named 'simpleMeterRegistry'
2025-12-03T10:53:39.382Z DEBUG 15034 --- [           main] o.s.b.f.s.DefaultListableBeanFactory     : Creating shared instance of singleton bean 'org.springframework.boot.actuate.autoconfigure.metrics.SystemMetricsAutoConfiguration'
2025-12-03T10:53:39.383Z DEBUG 15034 --- [           main] o.s.b.f.s.DefaultListableBeanFactory     : Creating shared instance of singleton bean 'uptimeMetrics'
2025-12-03T10:53:39.383Z DEBUG 15034 --- [           main] o.s.b.f.s.DefaultListableBeanFactory     : Creating shared instance of singleton bean 'processorMetrics'
2025-12-03T10:53:39.386Z DEBUG 15034 --- [           main] o.s.b.f.s.DefaultListableBeanFactory     : Creating shared instance of singleton bean 'fileDescriptorMetrics'
2025-12-03T10:53:39.386Z DEBUG 15034 --- [           main] o.s.b.f.s.DefaultListableBeanFactory     : Creating shared instance of singleton bean 'diskSpaceMetrics'
2025-12-03T10:53:39.386Z DEBUG 15034 --- [           main] o.s.b.f.s.DefaultListableBeanFactory     : Autowiring by type from bean name 'diskSpaceMetrics' via factory method to bean named 'management.metrics-org.springframework.boot.actuate.autoconfigure.metrics.MetricsProperties'
2025-12-03T10:53:39.387Z DEBUG 15034 --- [           main] o.s.b.f.s.DefaultListableBeanFactory     : Creating shared instance of singleton bean 'org.springframework.boot.actuate.autoconfigure.metrics.integration.IntegrationMetricsAutoConfiguration'
2025-12-03T10:53:39.387Z DEBUG 15034 --- [           main] o.s.b.f.s.DefaultListableBeanFactory     : Creating shared instance of singleton bean 'org.springframework.boot.actuate.autoconfigure.metrics.jdbc.DataSourcePoolMetricsAutoConfiguration$HikariDataSourceMetricsConfiguration'
2025-12-03T10:53:39.387Z DEBUG 15034 --- [           main] o.s.b.f.s.DefaultListableBeanFactory     : Creating shared instance of singleton bean 'hikariDataSourceMeterBinder'
2025-12-03T10:53:39.388Z DEBUG 15034 --- [           main] o.s.b.f.s.DefaultListableBeanFactory     : Creating shared instance of singleton bean 'org.springframework.boot.actuate.autoconfigure.metrics.jdbc.DataSourcePoolMetricsAutoConfiguration$DataSourcePoolMetadataMetricsConfiguration'
2025-12-03T10:53:39.388Z DEBUG 15034 --- [           main] o.s.b.f.s.DefaultListableBeanFactory     : Creating shared instance of singleton bean 'dataSourcePoolMetadataMeterBinder'
2025-12-03T10:53:39.388Z DEBUG 15034 --- [           main] o.s.b.f.s.DefaultListableBeanFactory     : Autowiring by type from bean name 'dataSourcePoolMetadataMeterBinder' via factory method to bean named 'dataSource'
2025-12-03T10:53:39.389Z DEBUG 15034 --- [           main] o.s.b.f.s.DefaultListableBeanFactory     : Creating shared instance of singleton bean 'org.springframework.boot.actuate.autoconfigure.metrics.jdbc.DataSourcePoolMetricsAutoConfiguration'
2025-12-03T10:53:39.389Z DEBUG 15034 --- [           main] o.s.b.f.s.DefaultListableBeanFactory     : Creating shared instance of singleton bean 'org.springframework.boot.actuate.autoconfigure.metrics.startup.StartupTimeMetricsListenerAutoConfiguration'
2025-12-03T10:53:39.389Z DEBUG 15034 --- [           main] o.s.b.f.s.DefaultListableBeanFactory     : Creating shared instance of singleton bean 'startupTimeMetrics'
2025-12-03T10:53:39.389Z DEBUG 15034 --- [           main] o.s.b.f.s.DefaultListableBeanFactory     : Autowiring by type from bean name 'startupTimeMetrics' via factory method to bean named 'simpleMeterRegistry'
2025-12-03T10:53:39.390Z DEBUG 15034 --- [           main] o.s.b.f.s.DefaultListableBeanFactory     : Creating shared instance of singleton bean 'org.springframework.boot.autoconfigure.task.TaskSchedulingConfigurations$ThreadPoolTaskSchedulerBuilderConfiguration'
2025-12-03T10:53:39.391Z DEBUG 15034 --- [           main] o.s.b.f.s.DefaultListableBeanFactory     : Creating shared instance of singleton bean 'threadPoolTaskSchedulerBuilder'
2025-12-03T10:53:39.391Z DEBUG 15034 --- [           main] o.s.b.f.s.DefaultListableBeanFactory     : Creating shared instance of singleton bean 'spring.task.scheduling-org.springframework.boot.autoconfigure.task.TaskSchedulingProperties'
2025-12-03T10:53:39.392Z DEBUG 15034 --- [           main] o.s.b.f.s.DefaultListableBeanFactory     : Autowiring by type from bean name 'threadPoolTaskSchedulerBuilder' via factory method to bean named 'spring.task.scheduling-org.springframework.boot.autoconfigure.task.TaskSchedulingProperties'
2025-12-03T10:53:39.393Z DEBUG 15034 --- [           main] o.s.b.f.s.DefaultListableBeanFactory     : Creating shared instance of singleton bean 'org.springframework.boot.autoconfigure.task.TaskSchedulingConfigurations$TaskSchedulerBuilderConfiguration'
2025-12-03T10:53:39.393Z DEBUG 15034 --- [           main] o.s.b.f.s.DefaultListableBeanFactory     : Creating shared instance of singleton bean 'taskSchedulerBuilder'
2025-12-03T10:53:39.393Z DEBUG 15034 --- [           main] o.s.b.f.s.DefaultListableBeanFactory     : Autowiring by type from bean name 'taskSchedulerBuilder' via factory method to bean named 'spring.task.scheduling-org.springframework.boot.autoconfigure.task.TaskSchedulingProperties'
2025-12-03T10:53:39.394Z DEBUG 15034 --- [           main] o.s.b.f.s.DefaultListableBeanFactory     : Creating shared instance of singleton bean 'org.springframework.boot.autoconfigure.task.TaskSchedulingConfigurations$SimpleAsyncTaskSchedulerBuilderConfiguration'
2025-12-03T10:53:39.394Z DEBUG 15034 --- [           main] o.s.b.f.s.DefaultListableBeanFactory     : Autowiring by type from bean name 'org.springframework.boot.autoconfigure.task.TaskSchedulingConfigurations$SimpleAsyncTaskSchedulerBuilderConfiguration' via constructor to bean named 'spring.task.scheduling-org.springframework.boot.autoconfigure.task.TaskSchedulingProperties'
2025-12-03T10:53:39.395Z DEBUG 15034 --- [           main] o.s.b.f.s.DefaultListableBeanFactory     : Creating shared instance of singleton bean 'simpleAsyncTaskSchedulerBuilder'
2025-12-03T10:53:39.396Z DEBUG 15034 --- [           main] o.s.b.f.s.DefaultListableBeanFactory     : Creating shared instance of singleton bean 'org.springframework.boot.autoconfigure.task.TaskSchedulingAutoConfiguration'
2025-12-03T10:53:39.396Z DEBUG 15034 --- [           main] o.s.b.f.s.DefaultListableBeanFactory     : Creating shared instance of singleton bean 'org.springframework.boot.actuate.autoconfigure.metrics.task.TaskExecutorMetricsAutoConfiguration'
2025-12-03T10:53:39.400Z DEBUG 15034 --- [           main] o.s.b.f.s.DefaultListableBeanFactory     : Creating shared instance of singleton bean 'eagerTaskExecutorMetrics'
2025-12-03T10:53:39.401Z DEBUG 15034 --- [           main] o.s.b.f.s.DefaultListableBeanFactory     : Creating shared instance of singleton bean 'org.springframework.boot.actuate.autoconfigure.metrics.web.tomcat.TomcatMetricsAutoConfiguration'
2025-12-03T10:53:39.401Z DEBUG 15034 --- [           main] o.s.b.f.s.DefaultListableBeanFactory     : Creating shared instance of singleton bean 'tomcatMetricsBinder'
2025-12-03T10:53:39.401Z DEBUG 15034 --- [           main] o.s.b.f.s.DefaultListableBeanFactory     : Autowiring by type from bean name 'tomcatMetricsBinder' via factory method to bean named 'simpleMeterRegistry'
2025-12-03T10:53:39.402Z DEBUG 15034 --- [           main] o.s.b.f.s.DefaultListableBeanFactory     : Creating shared instance of singleton bean 'org.springframework.boot.actuate.autoconfigure.observation.ObservationAutoConfiguration$ObservedAspectConfiguration'
2025-12-03T10:53:39.402Z DEBUG 15034 --- [           main] o.s.b.f.s.DefaultListableBeanFactory     : Creating shared instance of singleton bean 'observedAspect'
2025-12-03T10:53:39.402Z DEBUG 15034 --- [           main] o.s.b.f.s.DefaultListableBeanFactory     : Autowiring by type from bean name 'observedAspect' via factory method to bean named 'observationRegistry'
2025-12-03T10:53:39.403Z DEBUG 15034 --- [           main] o.s.b.f.s.DefaultListableBeanFactory     : Creating shared instance of singleton bean 'org.springframework.boot.actuate.autoconfigure.observation.ObservationAutoConfiguration$MeterObservationHandlerConfiguration'
2025-12-03T10:53:39.403Z DEBUG 15034 --- [           main] o.s.b.f.s.DefaultListableBeanFactory     : Creating shared instance of singleton bean 'org.springframework.boot.autoconfigure.gson.GsonAutoConfiguration'
2025-12-03T10:53:39.403Z DEBUG 15034 --- [           main] o.s.b.f.s.DefaultListableBeanFactory     : Creating shared instance of singleton bean 'gsonBuilder'
2025-12-03T10:53:39.404Z DEBUG 15034 --- [           main] o.s.b.f.s.DefaultListableBeanFactory     : Creating shared instance of singleton bean 'standardGsonBuilderCustomizer'
2025-12-03T10:53:39.404Z DEBUG 15034 --- [           main] o.s.b.f.s.DefaultListableBeanFactory     : Creating shared instance of singleton bean 'spring.gson-org.springframework.boot.autoconfigure.gson.GsonProperties'
2025-12-03T10:53:39.405Z DEBUG 15034 --- [           main] o.s.b.f.s.DefaultListableBeanFactory     : Autowiring by type from bean name 'standardGsonBuilderCustomizer' via factory method to bean named 'spring.gson-org.springframework.boot.autoconfigure.gson.GsonProperties'
2025-12-03T10:53:39.406Z DEBUG 15034 --- [           main] o.s.b.f.s.DefaultListableBeanFactory     : Autowiring by type from bean name 'gsonBuilder' via factory method to bean named 'standardGsonBuilderCustomizer'
2025-12-03T10:53:39.412Z DEBUG 15034 --- [           main] o.s.b.f.s.DefaultListableBeanFactory     : Creating shared instance of singleton bean 'gson'
2025-12-03T10:53:39.412Z DEBUG 15034 --- [           main] o.s.b.f.s.DefaultListableBeanFactory     : Autowiring by type from bean name 'gson' via factory method to bean named 'gsonBuilder'
2025-12-03T10:53:39.421Z DEBUG 15034 --- [           main] o.s.b.f.s.DefaultListableBeanFactory     : Creating shared instance of singleton bean 'org.springframework.boot.autoconfigure.http.JacksonHttpMessageConvertersConfiguration'
2025-12-03T10:53:39.422Z DEBUG 15034 --- [           main] o.s.b.f.s.DefaultListableBeanFactory     : Creating shared instance of singleton bean 'org.springframework.boot.autoconfigure.http.GsonHttpMessageConvertersConfiguration'
2025-12-03T10:53:39.422Z DEBUG 15034 --- [           main] o.s.b.f.s.DefaultListableBeanFactory     : Creating shared instance of singleton bean 'org.springframework.boot.autoconfigure.web.client.RestTemplateAutoConfiguration'
2025-12-03T10:53:39.422Z DEBUG 15034 --- [           main] o.s.b.f.s.DefaultListableBeanFactory     : Creating shared instance of singleton bean 'org.springframework.boot.autoconfigure.web.client.RestClientAutoConfiguration'
2025-12-03T10:53:39.423Z DEBUG 15034 --- [           main] o.s.b.f.s.DefaultListableBeanFactory     : Creating shared instance of singleton bean 'httpMessageConvertersRestClientCustomizer'
2025-12-03T10:53:39.423Z DEBUG 15034 --- [           main] o.s.b.f.s.DefaultListableBeanFactory     : Creating shared instance of singleton bean 'restClientSsl'
2025-12-03T10:53:39.424Z DEBUG 15034 --- [           main] o.s.b.f.s.DefaultListableBeanFactory     : Autowiring by type from bean name 'restClientSsl' via factory method to bean named 'sslBundleRegistry'
2025-12-03T10:53:39.424Z DEBUG 15034 --- [           main] o.s.b.f.s.DefaultListableBeanFactory     : Creating shared instance of singleton bean 'restClientBuilderConfigurer'
2025-12-03T10:53:39.424Z DEBUG 15034 --- [           main] o.s.b.f.s.DefaultListableBeanFactory     : Creating shared instance of singleton bean 'observationRestClientCustomizer'
2025-12-03T10:53:39.424Z DEBUG 15034 --- [           main] o.s.b.f.s.DefaultListableBeanFactory     : Creating shared instance of singleton bean 'org.springframework.boot.actuate.autoconfigure.observation.web.client.RestClientObservationConfiguration'
2025-12-03T10:53:39.425Z DEBUG 15034 --- [           main] o.s.b.f.s.DefaultListableBeanFactory     : Autowiring by type from bean name 'observationRestClientCustomizer' via factory method to bean named 'observationRegistry'
2025-12-03T10:53:39.425Z DEBUG 15034 --- [           main] o.s.b.f.s.DefaultListableBeanFactory     : Autowiring by type from bean name 'observationRestClientCustomizer' via factory method to bean named 'management.observations-org.springframework.boot.actuate.autoconfigure.observation.ObservationProperties'
2025-12-03T10:53:39.427Z DEBUG 15034 --- [           main] o.s.b.f.s.DefaultListableBeanFactory     : Creating shared instance of singleton bean 'org.springframework.boot.actuate.autoconfigure.observation.web.client.RestTemplateObservationConfiguration'
2025-12-03T10:53:39.428Z DEBUG 15034 --- [           main] o.s.b.f.s.DefaultListableBeanFactory     : Creating shared instance of singleton bean 'observationRestTemplateCustomizer'
2025-12-03T10:53:39.428Z DEBUG 15034 --- [           main] o.s.b.f.s.DefaultListableBeanFactory     : Autowiring by type from bean name 'observationRestTemplateCustomizer' via factory method to bean named 'observationRegistry'
2025-12-03T10:53:39.428Z DEBUG 15034 --- [           main] o.s.b.f.s.DefaultListableBeanFactory     : Autowiring by type from bean name 'observationRestTemplateCustomizer' via factory method to bean named 'management.observations-org.springframework.boot.actuate.autoconfigure.observation.ObservationProperties'
2025-12-03T10:53:39.428Z DEBUG 15034 --- [           main] o.s.b.f.s.DefaultListableBeanFactory     : Creating shared instance of singleton bean 'org.springframework.boot.actuate.autoconfigure.observation.web.client.HttpClientObservationsAutoConfiguration'
2025-12-03T10:53:39.429Z DEBUG 15034 --- [           main] o.s.b.f.s.DefaultListableBeanFactory     : Creating shared instance of singleton bean 'org.springframework.boot.actuate.autoconfigure.scheduling.ScheduledTasksObservabilityAutoConfiguration'
2025-12-03T10:53:39.429Z DEBUG 15034 --- [           main] o.s.b.f.s.DefaultListableBeanFactory     : Creating shared instance of singleton bean 'observabilitySchedulingConfigurer'
2025-12-03T10:53:39.429Z DEBUG 15034 --- [           main] o.s.b.f.s.DefaultListableBeanFactory     : Autowiring by type from bean name 'observabilitySchedulingConfigurer' via factory method to bean named 'observationRegistry'
2025-12-03T10:53:39.430Z DEBUG 15034 --- [           main] o.s.b.f.s.DefaultListableBeanFactory     : Creating shared instance of singleton bean 'org.springframework.boot.autoconfigure.aop.AopAutoConfiguration$AspectJAutoProxyingConfiguration$CglibAutoProxyConfiguration'
2025-12-03T10:53:39.430Z DEBUG 15034 --- [           main] o.s.b.f.s.DefaultListableBeanFactory     : Creating shared instance of singleton bean 'org.springframework.boot.autoconfigure.aop.AopAutoConfiguration$AspectJAutoProxyingConfiguration'
2025-12-03T10:53:39.431Z DEBUG 15034 --- [           main] o.s.b.f.s.DefaultListableBeanFactory     : Creating shared instance of singleton bean 'org.springframework.boot.autoconfigure.aop.AopAutoConfiguration'
2025-12-03T10:53:39.431Z DEBUG 15034 --- [           main] o.s.b.f.s.DefaultListableBeanFactory     : Creating shared instance of singleton bean 'org.springframework.boot.autoconfigure.context.ConfigurationPropertiesAutoConfiguration'
2025-12-03T10:53:39.431Z DEBUG 15034 --- [           main] o.s.b.f.s.DefaultListableBeanFactory     : Creating shared instance of singleton bean 'org.springframework.boot.autoconfigure.context.LifecycleAutoConfiguration'
2025-12-03T10:53:39.431Z DEBUG 15034 --- [           main] o.s.b.f.s.DefaultListableBeanFactory     : Creating shared instance of singleton bean 'lifecycleProcessor'
2025-12-03T10:53:39.432Z DEBUG 15034 --- [           main] o.s.b.f.s.DefaultListableBeanFactory     : Creating shared instance of singleton bean 'spring.lifecycle-org.springframework.boot.autoconfigure.context.LifecycleProperties'
2025-12-03T10:53:39.432Z DEBUG 15034 --- [           main] o.s.b.f.s.DefaultListableBeanFactory     : Autowiring by type from bean name 'lifecycleProcessor' via factory method to bean named 'spring.lifecycle-org.springframework.boot.autoconfigure.context.LifecycleProperties'
2025-12-03T10:53:39.434Z DEBUG 15034 --- [           main] o.s.b.f.s.DefaultListableBeanFactory     : Creating shared instance of singleton bean 'org.springframework.boot.autoconfigure.dao.PersistenceExceptionTranslationAutoConfiguration'
2025-12-03T10:53:39.434Z DEBUG 15034 --- [           main] o.s.b.f.s.DefaultListableBeanFactory     : Creating shared instance of singleton bean 'org.springframework.boot.autoconfigure.data.jpa.JpaRepositoriesAutoConfiguration'
2025-12-03T10:53:39.435Z DEBUG 15034 --- [           main] o.s.b.f.s.DefaultListableBeanFactory     : Creating shared instance of singleton bean 'org.springframework.data.jpa.util.JpaMetamodelCacheCleanup'
2025-12-03T10:53:39.435Z DEBUG 15034 --- [           main] o.s.b.f.s.DefaultListableBeanFactory     : Creating shared instance of singleton bean 'org.springframework.data.jpa.repository.support.JpaEvaluationContextExtension'
2025-12-03T10:53:39.436Z DEBUG 15034 --- [           main] o.s.b.f.s.DefaultListableBeanFactory     : Creating shared instance of singleton bean 'data-jpa.repository-aot-processor#0'
2025-12-03T10:53:39.439Z DEBUG 15034 --- [           main] o.s.b.f.s.DefaultListableBeanFactory     : Creating shared instance of singleton bean 'org.springframework.data.web.config.ProjectingArgumentResolverRegistrar'
2025-12-03T10:53:39.440Z DEBUG 15034 --- [           main] o.s.b.f.s.DefaultListableBeanFactory     : Creating shared instance of singleton bean 'offsetResolver'
2025-12-03T10:53:39.441Z DEBUG 15034 --- [           main] o.s.b.f.s.DefaultListableBeanFactory     : Creating shared instance of singleton bean 'org.springframework.boot.autoconfigure.jdbc.NamedParameterJdbcTemplateConfiguration'
2025-12-03T10:53:39.441Z DEBUG 15034 --- [           main] o.s.b.f.s.DefaultListableBeanFactory     : Creating shared instance of singleton bean 'namedParameterJdbcTemplate'
2025-12-03T10:53:39.441Z DEBUG 15034 --- [           main] o.s.b.f.s.DefaultListableBeanFactory     : Autowiring by type from bean name 'namedParameterJdbcTemplate' via factory method to bean named 'jdbcTemplate'
2025-12-03T10:53:39.445Z DEBUG 15034 --- [           main] o.s.b.f.s.DefaultListableBeanFactory     : Creating shared instance of singleton bean 'org.springframework.boot.autoconfigure.jdbc.JdbcTemplateAutoConfiguration'
2025-12-03T10:53:39.445Z DEBUG 15034 --- [           main] o.s.b.f.s.DefaultListableBeanFactory     : Creating shared instance of singleton bean 'org.springframework.boot.autoconfigure.jdbc.JdbcClientAutoConfiguration'
2025-12-03T10:53:39.446Z DEBUG 15034 --- [           main] o.s.b.f.s.DefaultListableBeanFactory     : Creating shared instance of singleton bean 'jdbcClient'
2025-12-03T10:53:39.446Z DEBUG 15034 --- [           main] o.s.b.f.s.DefaultListableBeanFactory     : Autowiring by type from bean name 'jdbcClient' via factory method to bean named 'namedParameterJdbcTemplate'
2025-12-03T10:53:39.446Z DEBUG 15034 --- [           main] o.s.b.f.s.DefaultListableBeanFactory     : Creating shared instance of singleton bean 'org.springframework.boot.autoconfigure.netty.NettyAutoConfiguration'
2025-12-03T10:53:39.447Z DEBUG 15034 --- [           main] o.s.b.f.s.DefaultListableBeanFactory     : Creating shared instance of singleton bean 'spring.netty-org.springframework.boot.autoconfigure.netty.NettyProperties'
2025-12-03T10:53:39.447Z DEBUG 15034 --- [           main] o.s.b.f.s.DefaultListableBeanFactory     : Autowiring by type from bean name 'org.springframework.boot.autoconfigure.netty.NettyAutoConfiguration' via constructor to bean named 'spring.netty-org.springframework.boot.autoconfigure.netty.NettyProperties'
2025-12-03T10:53:39.447Z DEBUG 15034 --- [           main] o.s.b.f.s.DefaultListableBeanFactory     : Creating shared instance of singleton bean 'org.springframework.security.config.annotation.web.configuration.WebSecurityConfiguration'
2025-12-03T10:53:39.455Z DEBUG 15034 --- [           main] o.s.b.f.s.DefaultListableBeanFactory     : Creating shared instance of singleton bean 'delegatingApplicationListener'
2025-12-03T10:53:39.456Z DEBUG 15034 --- [           main] o.s.b.f.s.DefaultListableBeanFactory     : Creating shared instance of singleton bean 'springSecurityFilterChain'
2025-12-03T10:53:39.460Z DEBUG 15034 --- [           main] o.s.b.f.s.DefaultListableBeanFactory     : Creating shared instance of singleton bean 'webSecurityExpressionHandler'
2025-12-03T10:53:39.461Z DEBUG 15034 --- [           main] o.s.b.f.s.DefaultListableBeanFactory     : Creating shared instance of singleton bean 'privilegeEvaluator'
2025-12-03T10:53:39.461Z DEBUG 15034 --- [           main] o.s.b.f.s.DefaultListableBeanFactory     : Creating shared instance of singleton bean 'requestDataValueProcessor'
2025-12-03T10:53:39.462Z DEBUG 15034 --- [           main] o.s.b.f.s.DefaultListableBeanFactory     : Creating shared instance of singleton bean 'org.springframework.boot.autoconfigure.security.servlet.SpringBootWebSecurityConfiguration'
2025-12-03T10:53:39.462Z DEBUG 15034 --- [           main] o.s.b.f.s.DefaultListableBeanFactory     : Creating shared instance of singleton bean 'org.springframework.boot.autoconfigure.sql.init.SqlInitializationAutoConfiguration'
2025-12-03T10:53:39.462Z DEBUG 15034 --- [           main] o.s.b.f.s.DefaultListableBeanFactory     : Creating shared instance of singleton bean 'org.springframework.boot.autoconfigure.jdbc.DataSourceTransactionManagerAutoConfiguration$JdbcTransactionManagerConfiguration'
2025-12-03T10:53:39.463Z DEBUG 15034 --- [           main] o.s.b.f.s.DefaultListableBeanFactory     : Creating shared instance of singleton bean 'org.springframework.boot.autoconfigure.jdbc.DataSourceTransactionManagerAutoConfiguration'
2025-12-03T10:53:39.464Z DEBUG 15034 --- [           main] o.s.b.f.s.DefaultListableBeanFactory     : Creating shared instance of singleton bean 'org.springframework.boot.autoconfigure.transaction.TransactionAutoConfiguration$EnableTransactionManagementConfiguration$CglibAutoProxyConfiguration'
2025-12-03T10:53:39.464Z DEBUG 15034 --- [           main] o.s.b.f.s.DefaultListableBeanFactory     : Creating shared instance of singleton bean 'org.springframework.boot.autoconfigure.transaction.TransactionAutoConfiguration$EnableTransactionManagementConfiguration'
2025-12-03T10:53:39.464Z DEBUG 15034 --- [           main] o.s.b.f.s.DefaultListableBeanFactory     : Creating shared instance of singleton bean 'org.springframework.boot.autoconfigure.transaction.TransactionAutoConfiguration$TransactionTemplateConfiguration'
2025-12-03T10:53:39.464Z DEBUG 15034 --- [           main] o.s.b.f.s.DefaultListableBeanFactory     : Creating shared instance of singleton bean 'transactionTemplate'
2025-12-03T10:53:39.465Z DEBUG 15034 --- [           main] o.s.b.f.s.DefaultListableBeanFactory     : Autowiring by type from bean name 'transactionTemplate' via factory method to bean named 'transactionManager'
2025-12-03T10:53:39.467Z DEBUG 15034 --- [           main] o.s.b.f.s.DefaultListableBeanFactory     : Creating shared instance of singleton bean 'org.springframework.boot.autoconfigure.transaction.TransactionAutoConfiguration'
2025-12-03T10:53:39.468Z DEBUG 15034 --- [           main] o.s.b.f.s.DefaultListableBeanFactory     : Creating shared instance of singleton bean 'org.springframework.boot.autoconfigure.web.embedded.EmbeddedWebServerFactoryCustomizerAutoConfiguration'
2025-12-03T10:53:39.468Z DEBUG 15034 --- [           main] o.s.b.f.s.DefaultListableBeanFactory     : Creating shared instance of singleton bean 'multipartResolver'
2025-12-03T10:53:39.469Z DEBUG 15034 --- [           main] o.s.b.f.s.DefaultListableBeanFactory     : Creating shared instance of singleton bean 'org.springframework.boot.actuate.autoconfigure.security.servlet.SecurityRequestMatchersManagementContextConfiguration$MvcRequestMatcherConfiguration'
2025-12-03T10:53:39.469Z DEBUG 15034 --- [           main] o.s.b.f.s.DefaultListableBeanFactory     : Creating shared instance of singleton bean 'requestMatcherProvider'
2025-12-03T10:53:39.469Z DEBUG 15034 --- [           main] o.s.b.f.s.DefaultListableBeanFactory     : Autowiring by type from bean name 'requestMatcherProvider' via factory method to bean named 'dispatcherServletRegistration'
2025-12-03T10:53:39.470Z DEBUG 15034 --- [           main] o.s.b.f.s.DefaultListableBeanFactory     : Creating shared instance of singleton bean 'org.springframework.boot.actuate.autoconfigure.security.servlet.SecurityRequestMatchersManagementContextConfiguration'
2025-12-03T10:53:39.470Z DEBUG 15034 --- [           main] o.s.b.f.s.DefaultListableBeanFactory     : Creating shared instance of singleton bean 'org.springframework.boot.actuate.autoconfigure.web.server.ManagementContextAutoConfiguration$SameManagementContextConfiguration$EnableSameManagementContextConfiguration'
2025-12-03T10:53:39.471Z DEBUG 15034 --- [           main] o.s.b.f.s.DefaultListableBeanFactory     : Creating shared instance of singleton bean 'org.springframework.boot.actuate.autoconfigure.web.server.ManagementContextAutoConfiguration$SameManagementContextConfiguration'
2025-12-03T10:53:39.471Z DEBUG 15034 --- [           main] o.s.b.f.s.DefaultListableBeanFactory     : Autowiring by type from bean name 'org.springframework.boot.actuate.autoconfigure.web.server.ManagementContextAutoConfiguration$SameManagementContextConfiguration' via constructor to bean named 'environment'
2025-12-03T10:53:39.471Z DEBUG 15034 --- [           main] o.s.b.f.s.DefaultListableBeanFactory     : Creating shared instance of singleton bean 'org.springframework.boot.actuate.autoconfigure.web.server.ManagementContextAutoConfiguration'
2025-12-03T10:53:39.472Z DEBUG 15034 --- [           main] o.s.b.f.s.DefaultListableBeanFactory     : Creating shared instance of singleton bean 'management.server-org.springframework.boot.actuate.autoconfigure.web.server.ManagementServerProperties'
2025-12-03T10:53:39.494Z DEBUG 15034 --- [           main] o.s.c.support.DefaultLifecycleProcessor  : Starting beans in phase -2147483647
2025-12-03T10:53:39.494Z DEBUG 15034 --- [           main] o.s.c.support.DefaultLifecycleProcessor  : Successfully started bean 'springBootLoggingLifecycle'
2025-12-03T10:53:39.494Z DEBUG 15034 --- [           main] o.s.c.support.DefaultLifecycleProcessor  : Starting beans in phase 2147481599
2025-12-03T10:53:39.505Z  INFO 15034 --- [           main] o.s.b.w.embedded.tomcat.TomcatWebServer  : Tomcat started on port 8080 (http) with context path ''
2025-12-03T10:53:39.505Z DEBUG 15034 --- [           main] o.s.c.support.DefaultLifecycleProcessor  : Successfully started bean 'webServerStartStop'
2025-12-03T10:53:39.505Z DEBUG 15034 --- [           main] o.s.c.support.DefaultLifecycleProcessor  : Starting beans in phase 2147482623
2025-12-03T10:53:39.505Z DEBUG 15034 --- [           main] o.s.c.support.DefaultLifecycleProcessor  : Successfully started bean 'webServerGracefulShutdown'
2025-12-03T10:53:39.505Z DEBUG 15034 --- [           main] o.s.c.support.DefaultLifecycleProcessor  : Starting beans in phase 2147483647
2025-12-03T10:53:39.517Z DEBUG 15034 --- [           main] .s.b.a.l.ConditionEvaluationReportLogger : 


============================
CONDITIONS EVALUATION REPORT
============================


Positive matches:
-----------------

   AopAutoConfiguration matched:
      - @ConditionalOnProperty (spring.aop.auto=true) matched (OnPropertyCondition)

   AopAutoConfiguration.AspectJAutoProxyingConfiguration matched:
      - @ConditionalOnClass found required class 'org.aspectj.weaver.Advice' (OnClassCondition)

   AopAutoConfiguration.AspectJAutoProxyingConfiguration.CglibAutoProxyConfiguration matched:
      - @ConditionalOnProperty (spring.aop.proxy-target-class=true) matched (OnPropertyCondition)

   ApplicationAvailabilityAutoConfiguration#applicationAvailability matched:
      - @ConditionalOnMissingBean (types: org.springframework.boot.availability.ApplicationAvailability; SearchStrategy: all) did not find any beans (OnBeanCondition)

   CacheMeterBinderProvidersConfiguration matched:
      - @ConditionalOnClass found required class 'io.micrometer.core.instrument.binder.MeterBinder' (OnClassCondition)

   CompositeMeterRegistryAutoConfiguration matched:
      - @ConditionalOnClass found required class 'io.micrometer.core.instrument.composite.CompositeMeterRegistry' (OnClassCondition)

   DataSourceAutoConfiguration matched:
      - @ConditionalOnClass found required classes 'javax.sql.DataSource', 'org.springframework.jdbc.datasource.embedded.EmbeddedDatabaseType' (OnClassCondition)
      - @ConditionalOnMissingBean (types: io.r2dbc.spi.ConnectionFactory; SearchStrategy: all) did not find any beans (OnBeanCondition)

   DataSourceAutoConfiguration.PooledDataSourceConfiguration matched:
      - AnyNestedCondition 1 matched 1 did not; NestedCondition on DataSourceAutoConfiguration.PooledDataSourceCondition.PooledDataSourceAvailable PooledDataSource found supported DataSource; NestedCondition on DataSourceAutoConfiguration.PooledDataSourceCondition.ExplicitType @ConditionalOnProperty (spring.datasource.type) did not find property 'type' (DataSourceAutoConfiguration.PooledDataSourceCondition)
      - @ConditionalOnMissingBean (types: javax.sql.DataSource,javax.sql.XADataSource; SearchStrategy: all) did not find any beans (OnBeanCondition)

   DataSourceAutoConfiguration.PooledDataSourceConfiguration#jdbcConnectionDetails matched:
      - @ConditionalOnMissingBean (types: org.springframework.boot.autoconfigure.jdbc.JdbcConnectionDetails; SearchStrategy: all) did not find any beans (OnBeanCondition)

   DataSourceConfiguration.Hikari matched:
      - @ConditionalOnClass found required class 'com.zaxxer.hikari.HikariDataSource' (OnClassCondition)
      - @ConditionalOnProperty (spring.datasource.type=com.zaxxer.hikari.HikariDataSource) matched (OnPropertyCondition)
      - @ConditionalOnMissingBean (types: javax.sql.DataSource; SearchStrategy: all) did not find any beans (OnBeanCondition)

   DataSourceHealthContributorAutoConfiguration matched:
      - @ConditionalOnClass found required classes 'org.springframework.jdbc.core.JdbcTemplate', 'org.springframework.jdbc.datasource.lookup.AbstractRoutingDataSource' (OnClassCondition)
      - @ConditionalOnEnabledHealthIndicator management.health.defaults.enabled is considered true (OnEnabledHealthIndicatorCondition)
      - @ConditionalOnBean (types: javax.sql.DataSource; SearchStrategy: all) found bean 'dataSource' (OnBeanCondition)

   DataSourceHealthContributorAutoConfiguration#dbHealthContributor matched:
      - @ConditionalOnMissingBean (names: dbHealthIndicator,dbHealthContributor; SearchStrategy: all) did not find any beans (OnBeanCondition)

   DataSourceInitializationConfiguration matched:
      - @ConditionalOnClass found required class 'org.springframework.jdbc.datasource.init.DatabasePopulator' (OnClassCondition)
      - @ConditionalOnSingleCandidate (types: javax.sql.DataSource; SearchStrategy: all) found a single bean 'dataSource'; @ConditionalOnMissingBean (types: org.springframework.boot.autoconfigure.sql.init.SqlDataSourceScriptDatabaseInitializer,org.springframework.boot.autoconfigure.sql.init.SqlR2dbcScriptDatabaseInitializer; SearchStrategy: all) did not find any beans (OnBeanCondition)

   DataSourceJmxConfiguration matched:
      - @ConditionalOnProperty (spring.jmx.enabled=true) matched (OnPropertyCondition)

   DataSourceJmxConfiguration.Hikari matched:
      - @ConditionalOnClass found required class 'com.zaxxer.hikari.HikariDataSource' (OnClassCondition)
      - @ConditionalOnSingleCandidate (types: javax.sql.DataSource; SearchStrategy: all) found a single bean 'dataSource' (OnBeanCondition)

   DataSourcePoolMetadataProvidersConfiguration.HikariPoolDataSourceMetadataProviderConfiguration matched:
      - @ConditionalOnClass found required class 'com.zaxxer.hikari.HikariDataSource' (OnClassCondition)

   DataSourcePoolMetricsAutoConfiguration matched:
      - @ConditionalOnClass found required classes 'javax.sql.DataSource', 'io.micrometer.core.instrument.MeterRegistry' (OnClassCondition)
      - @ConditionalOnBean (types: javax.sql.DataSource,io.micrometer.core.instrument.MeterRegistry; SearchStrategy: all) found beans 'simpleMeterRegistry', 'dataSource' (OnBeanCondition)

   DataSourcePoolMetricsAutoConfiguration.DataSourcePoolMetadataMetricsConfiguration matched:
      - @ConditionalOnBean (types: org.springframework.boot.jdbc.metadata.DataSourcePoolMetadataProvider; SearchStrategy: all) found bean 'hikariPoolDataSourceMetadataProvider' (OnBeanCondition)

   DataSourcePoolMetricsAutoConfiguration.HikariDataSourceMetricsConfiguration matched:
      - @ConditionalOnClass found required class 'com.zaxxer.hikari.HikariDataSource' (OnClassCondition)

   DataSourceTransactionManagerAutoConfiguration matched:
      - @ConditionalOnClass found required classes 'org.springframework.jdbc.core.JdbcTemplate', 'org.springframework.transaction.TransactionManager' (OnClassCondition)

   DataSourceTransactionManagerAutoConfiguration.JdbcTransactionManagerConfiguration matched:
      - @ConditionalOnSingleCandidate (types: javax.sql.DataSource; SearchStrategy: all) found a single bean 'dataSource' (OnBeanCondition)

   DiskSpaceHealthContributorAutoConfiguration matched:
      - @ConditionalOnEnabledHealthIndicator management.health.defaults.enabled is considered true (OnEnabledHealthIndicatorCondition)

   DiskSpaceHealthContributorAutoConfiguration#diskSpaceHealthIndicator matched:
      - @ConditionalOnMissingBean (names: diskSpaceHealthIndicator; SearchStrategy: all) did not find any beans (OnBeanCondition)

   DispatcherServletAutoConfiguration matched:
      - @ConditionalOnClass found required class 'org.springframework.web.servlet.DispatcherServlet' (OnClassCondition)
      - found 'session' scope (OnWebApplicationCondition)

   DispatcherServletAutoConfiguration.DispatcherServletConfiguration matched:
      - @ConditionalOnClass found required class 'jakarta.servlet.ServletRegistration' (OnClassCondition)
      - Default DispatcherServlet did not find dispatcher servlet beans (DispatcherServletAutoConfiguration.DefaultDispatcherServletCondition)

   DispatcherServletAutoConfiguration.DispatcherServletRegistrationConfiguration matched:
      - @ConditionalOnClass found required class 'jakarta.servlet.ServletRegistration' (OnClassCondition)
      - DispatcherServlet Registration did not find servlet registration bean (DispatcherServletAutoConfiguration.DispatcherServletRegistrationCondition)

   DispatcherServletAutoConfiguration.DispatcherServletRegistrationConfiguration#dispatcherServletRegistration matched:
      - @ConditionalOnBean (names: dispatcherServlet types: org.springframework.web.servlet.DispatcherServlet; SearchStrategy: all) found bean 'dispatcherServlet' (OnBeanCondition)

   EmbeddedWebServerFactoryCustomizerAutoConfiguration matched:
      - @ConditionalOnWebApplication (required) found 'session' scope (OnWebApplicationCondition)
      - @ConditionalOnWarDeployment the application is not deployed as a WAR file. (OnWarDeploymentCondition)

   EmbeddedWebServerFactoryCustomizerAutoConfiguration.TomcatWebServerFactoryCustomizerConfiguration matched:
      - @ConditionalOnClass found required classes 'org.apache.catalina.startup.Tomcat', 'org.apache.coyote.UpgradeProtocol' (OnClassCondition)

   EndpointAutoConfiguration#endpointCachingOperationInvokerAdvisor matched:
      - @ConditionalOnMissingBean (types: org.springframework.boot.actuate.endpoint.invoker.cache.CachingOperationInvokerAdvisor; SearchStrategy: all) did not find any beans (OnBeanCondition)

   EndpointAutoConfiguration#endpointOperationParameterMapper matched:
      - @ConditionalOnMissingBean (types: org.springframework.boot.actuate.endpoint.invoke.ParameterValueMapper; SearchStrategy: all) did not find any beans (OnBeanCondition)

   ErrorMvcAutoConfiguration matched:
      - @ConditionalOnClass found required classes 'jakarta.servlet.Servlet', 'org.springframework.web.servlet.DispatcherServlet' (OnClassCondition)
      - found 'session' scope (OnWebApplicationCondition)

   ErrorMvcAutoConfiguration#basicErrorController matched:
      - @ConditionalOnMissingBean (types: org.springframework.boot.web.servlet.error.ErrorController; SearchStrategy: current) did not find any beans (OnBeanCondition)

   ErrorMvcAutoConfiguration#errorAttributes matched:
      - @ConditionalOnMissingBean (types: org.springframework.boot.web.servlet.error.ErrorAttributes; SearchStrategy: current) did not find any beans (OnBeanCondition)

   ErrorMvcAutoConfiguration.DefaultErrorViewResolverConfiguration#conventionErrorViewResolver matched:
      - @ConditionalOnBean (types: org.springframework.web.servlet.DispatcherServlet; SearchStrategy: all) found bean 'dispatcherServlet'; @ConditionalOnMissingBean (types: org.springframework.boot.autoconfigure.web.servlet.error.ErrorViewResolver; SearchStrategy: all) did not find any beans (OnBeanCondition)

   ErrorMvcAutoConfiguration.WhitelabelErrorViewConfiguration matched:
      - @ConditionalOnProperty (server.error.whitelabel.enabled) matched (OnPropertyCondition)
      - ErrorTemplate Missing did not find error template view (ErrorMvcAutoConfiguration.ErrorTemplateMissingCondition)

   ErrorMvcAutoConfiguration.WhitelabelErrorViewConfiguration#beanNameViewResolver matched:
      - @ConditionalOnMissingBean (types: org.springframework.web.servlet.view.BeanNameViewResolver; SearchStrategy: all) did not find any beans (OnBeanCondition)

   ErrorMvcAutoConfiguration.WhitelabelErrorViewConfiguration#defaultErrorView matched:
      - @ConditionalOnMissingBean (names: error; SearchStrategy: all) did not find any beans (OnBeanCondition)

   GenericCacheConfiguration matched:
      - Cache org.springframework.boot.autoconfigure.cache.GenericCacheConfiguration automatic cache type (CacheCondition)

   GsonAutoConfiguration matched:
      - @ConditionalOnClass found required class 'com.google.gson.Gson' (OnClassCondition)

   GsonAutoConfiguration#gson matched:
      - @ConditionalOnMissingBean (types: com.google.gson.Gson; SearchStrategy: all) did not find any beans (OnBeanCondition)

   GsonAutoConfiguration#gsonBuilder matched:
      - @ConditionalOnMissingBean (types: com.google.gson.GsonBuilder; SearchStrategy: all) did not find any beans (OnBeanCondition)

   GsonHttpMessageConvertersConfiguration matched:
      - @ConditionalOnClass found required class 'com.google.gson.Gson' (OnClassCondition)

   HealthContributorAutoConfiguration#pingHealthContributor matched:
      - @ConditionalOnEnabledHealthIndicator management.health.defaults.enabled is considered true (OnEnabledHealthIndicatorCondition)

   HealthEndpointAutoConfiguration matched:
      - @ConditionalOnAvailableEndpoint marked as exposed by a 'management.endpoints.web.exposure' property (OnAvailableEndpointCondition)

   HealthEndpointConfiguration#healthContributorRegistry matched:
      - @ConditionalOnMissingBean (types: org.springframework.boot.actuate.health.HealthContributorRegistry; SearchStrategy: all) did not find any beans (OnBeanCondition)

   HealthEndpointConfiguration#healthEndpoint matched:
      - @ConditionalOnMissingBean (types: org.springframework.boot.actuate.health.HealthEndpoint; SearchStrategy: all) did not find any beans (OnBeanCondition)

   HealthEndpointConfiguration#healthEndpointGroupMembershipValidator matched:
      - @ConditionalOnProperty (management.endpoint.health.validate-group-membership=true) matched (OnPropertyCondition)

   HealthEndpointConfiguration#healthEndpointGroups matched:
      - @ConditionalOnMissingBean (types: org.springframework.boot.actuate.health.HealthEndpointGroups; SearchStrategy: all) did not find any beans (OnBeanCondition)

   HealthEndpointConfiguration#healthHttpCodeStatusMapper matched:
      - @ConditionalOnMissingBean (types: org.springframework.boot.actuate.health.HttpCodeStatusMapper; SearchStrategy: all) did not find any beans (OnBeanCondition)

   HealthEndpointConfiguration#healthStatusAggregator matched:
      - @ConditionalOnMissingBean (types: org.springframework.boot.actuate.health.StatusAggregator; SearchStrategy: all) did not find any beans (OnBeanCondition)

   HealthEndpointWebExtensionConfiguration matched:
      - found 'session' scope (OnWebApplicationCondition)
      - @ConditionalOnAvailableEndpoint marked as exposed by a 'management.endpoints.web.exposure' property (OnAvailableEndpointCondition)
      - @ConditionalOnBean (types: org.springframework.boot.actuate.health.HealthEndpoint; SearchStrategy: all) found bean 'healthEndpoint' (OnBeanCondition)

   HealthEndpointWebExtensionConfiguration#healthEndpointWebExtension matched:
      - @ConditionalOnMissingBean (types: org.springframework.boot.actuate.health.HealthEndpointWebExtension; SearchStrategy: all) did not find any beans (OnBeanCondition)

   HealthEndpointWebExtensionConfiguration.MvcAdditionalHealthEndpointPathsConfiguration matched:
      - @ConditionalOnAvailableEndpoint marked as exposed by a 'management.endpoints.web.exposure' property (OnAvailableEndpointCondition)
      - @ConditionalOnBean (types: org.springframework.web.servlet.DispatcherServlet; SearchStrategy: all) found bean 'dispatcherServlet' (OnBeanCondition)

   HibernateJpaAutoConfiguration matched:
      - @ConditionalOnClass found required classes 'org.springframework.orm.jpa.LocalContainerEntityManagerFactoryBean', 'jakarta.persistence.EntityManager', 'org.hibernate.engine.spi.SessionImplementor' (OnClassCondition)

   HibernateJpaConfiguration matched:
      - @ConditionalOnSingleCandidate (types: javax.sql.DataSource; SearchStrategy: all) found a single bean 'dataSource' (OnBeanCondition)

   HttpClientObservationsAutoConfiguration matched:
      - @ConditionalOnClass found required class 'io.micrometer.observation.Observation' (OnClassCondition)
      - @ConditionalOnBean (types: io.micrometer.observation.ObservationRegistry; SearchStrategy: all) found bean 'observationRegistry' (OnBeanCondition)

   HttpClientObservationsAutoConfiguration.MeterFilterConfiguration matched:
      - @ConditionalOnClass found required class 'io.micrometer.core.instrument.MeterRegistry' (OnClassCondition)
      - @ConditionalOnBean (types: io.micrometer.core.instrument.MeterRegistry; SearchStrategy: all) found bean 'simpleMeterRegistry' (OnBeanCondition)

   HttpEncodingAutoConfiguration matched:
      - @ConditionalOnClass found required class 'org.springframework.web.filter.CharacterEncodingFilter' (OnClassCondition)
      - found 'session' scope (OnWebApplicationCondition)
      - @ConditionalOnProperty (server.servlet.encoding.enabled) matched (OnPropertyCondition)

   HttpEncodingAutoConfiguration#characterEncodingFilter matched:
      - @ConditionalOnMissingBean (types: org.springframework.web.filter.CharacterEncodingFilter; SearchStrategy: all) did not find any beans (OnBeanCondition)

   HttpMessageConvertersAutoConfiguration matched:
      - @ConditionalOnClass found required class 'org.springframework.http.converter.HttpMessageConverter' (OnClassCondition)
      - NoneNestedConditions 0 matched 1 did not; NestedCondition on HttpMessageConvertersAutoConfiguration.NotReactiveWebApplicationCondition.ReactiveWebApplication did not find reactive web application classes (HttpMessageConvertersAutoConfiguration.NotReactiveWebApplicationCondition)

   HttpMessageConvertersAutoConfiguration#messageConverters matched:
      - @ConditionalOnMissingBean (types: org.springframework.boot.autoconfigure.http.HttpMessageConverters; SearchStrategy: all) did not find any beans (OnBeanCondition)

   HttpMessageConvertersAutoConfiguration.StringHttpMessageConverterConfiguration matched:
      - @ConditionalOnClass found required class 'org.springframework.http.converter.StringHttpMessageConverter' (OnClassCondition)

   HttpMessageConvertersAutoConfiguration.StringHttpMessageConverterConfiguration#stringHttpMessageConverter matched:
      - @ConditionalOnMissingBean (types: org.springframework.http.converter.StringHttpMessageConverter; SearchStrategy: all) did not find any beans (OnBeanCondition)

   JacksonAutoConfiguration matched:
      - @ConditionalOnClass found required class 'com.fasterxml.jackson.databind.ObjectMapper' (OnClassCondition)

   JacksonAutoConfiguration.Jackson2ObjectMapperBuilderCustomizerConfiguration matched:
      - @ConditionalOnClass found required class 'org.springframework.http.converter.json.Jackson2ObjectMapperBuilder' (OnClassCondition)

   JacksonAutoConfiguration.JacksonObjectMapperBuilderConfiguration matched:
      - @ConditionalOnClass found required class 'org.springframework.http.converter.json.Jackson2ObjectMapperBuilder' (OnClassCondition)

   JacksonAutoConfiguration.JacksonObjectMapperBuilderConfiguration#jacksonObjectMapperBuilder matched:
      - @ConditionalOnMissingBean (types: org.springframework.http.converter.json.Jackson2ObjectMapperBuilder; SearchStrategy: all) did not find any beans (OnBeanCondition)

   JacksonAutoConfiguration.JacksonObjectMapperConfiguration matched:
      - @ConditionalOnClass found required class 'org.springframework.http.converter.json.Jackson2ObjectMapperBuilder' (OnClassCondition)

   JacksonAutoConfiguration.JacksonObjectMapperConfiguration#jacksonObjectMapper matched:
      - @ConditionalOnMissingBean (types: com.fasterxml.jackson.databind.ObjectMapper; SearchStrategy: all) did not find any beans (OnBeanCondition)

   JacksonAutoConfiguration.ParameterNamesModuleConfiguration matched:
      - @ConditionalOnClass found required class 'com.fasterxml.jackson.module.paramnames.ParameterNamesModule' (OnClassCondition)

   JacksonAutoConfiguration.ParameterNamesModuleConfiguration#parameterNamesModule matched:
      - @ConditionalOnMissingBean (types: com.fasterxml.jackson.module.paramnames.ParameterNamesModule; SearchStrategy: all) did not find any beans (OnBeanCondition)

   JacksonEndpointAutoConfiguration#endpointObjectMapper matched:
      - @ConditionalOnClass found required classes 'com.fasterxml.jackson.databind.ObjectMapper', 'org.springframework.http.converter.json.Jackson2ObjectMapperBuilder' (OnClassCondition)
      - @ConditionalOnProperty (management.endpoints.jackson.isolated-object-mapper) matched (OnPropertyCondition)

   JacksonHttpMessageConvertersConfiguration.MappingJackson2HttpMessageConverterConfiguration matched:
      - @ConditionalOnClass found required class 'com.fasterxml.jackson.databind.ObjectMapper' (OnClassCondition)
      - @ConditionalOnProperty (spring.mvc.converters.preferred-json-mapper=jackson) matched (OnPropertyCondition)
      - @ConditionalOnBean (types: com.fasterxml.jackson.databind.ObjectMapper; SearchStrategy: all) found bean 'jacksonObjectMapper' (OnBeanCondition)

   JacksonHttpMessageConvertersConfiguration.MappingJackson2HttpMessageConverterConfiguration#mappingJackson2HttpMessageConverter matched:
      - @ConditionalOnMissingBean (types: org.springframework.http.converter.json.MappingJackson2HttpMessageConverter ignored: org.springframework.hateoas.server.mvc.TypeConstrainedMappingJackson2HttpMessageConverter,org.springframework.data.rest.webmvc.alps.AlpsJsonHttpMessageConverter; SearchStrategy: all) did not find any beans (OnBeanCondition)

   JdbcClientAutoConfiguration matched:
      - @ConditionalOnSingleCandidate (types: org.springframework.jdbc.core.namedparam.NamedParameterJdbcTemplate; SearchStrategy: all) found a single bean 'namedParameterJdbcTemplate'; @ConditionalOnMissingBean (types: org.springframework.jdbc.core.simple.JdbcClient; SearchStrategy: all) did not find any beans (OnBeanCondition)

   JdbcTemplateAutoConfiguration matched:
      - @ConditionalOnClass found required classes 'javax.sql.DataSource', 'org.springframework.jdbc.core.JdbcTemplate' (OnClassCondition)
      - @ConditionalOnSingleCandidate (types: javax.sql.DataSource; SearchStrategy: all) found a single bean 'dataSource' (OnBeanCondition)

   JdbcTemplateConfiguration matched:
      - @ConditionalOnMissingBean (types: org.springframework.jdbc.core.JdbcOperations; SearchStrategy: all) did not find any beans (OnBeanCondition)

   JpaBaseConfiguration#entityManagerFactory matched:
      - @ConditionalOnMissingBean (types: org.springframework.orm.jpa.LocalContainerEntityManagerFactoryBean,jakarta.persistence.EntityManagerFactory; SearchStrategy: all) did not find any beans (OnBeanCondition)

   JpaBaseConfiguration#entityManagerFactoryBuilder matched:
      - @ConditionalOnMissingBean (types: org.springframework.boot.orm.jpa.EntityManagerFactoryBuilder; SearchStrategy: all) did not find any beans (OnBeanCondition)

   JpaBaseConfiguration#jpaVendorAdapter matched:
      - @ConditionalOnMissingBean (types: org.springframework.orm.jpa.JpaVendorAdapter; SearchStrategy: all) did not find any beans (OnBeanCondition)

   JpaBaseConfiguration#transactionManager matched:
      - @ConditionalOnMissingBean (types: org.springframework.transaction.TransactionManager; SearchStrategy: all) did not find any beans (OnBeanCondition)

   JpaBaseConfiguration.JpaWebConfiguration matched:
      - @ConditionalOnClass found required class 'org.springframework.web.servlet.config.annotation.WebMvcConfigurer' (OnClassCondition)
      - found 'session' scope (OnWebApplicationCondition)
      - @ConditionalOnProperty (spring.jpa.open-in-view=true) matched (OnPropertyCondition)
      - @ConditionalOnMissingBean (types: org.springframework.orm.jpa.support.OpenEntityManagerInViewInterceptor,org.springframework.orm.jpa.support.OpenEntityManagerInViewFilter; SearchStrategy: all) did not find any beans (OnBeanCondition)

   JpaBaseConfiguration.PersistenceManagedTypesConfiguration matched:
      - @ConditionalOnMissingBean (types: org.springframework.orm.jpa.LocalContainerEntityManagerFactoryBean,jakarta.persistence.EntityManagerFactory; SearchStrategy: all) did not find any beans (OnBeanCondition)

   JpaBaseConfiguration.PersistenceManagedTypesConfiguration#persistenceManagedTypes matched:
      - @ConditionalOnMissingBean (types: org.springframework.orm.jpa.persistenceunit.PersistenceManagedTypes; SearchStrategy: all) did not find any beans (OnBeanCondition)

   JpaRepositoriesAutoConfiguration matched:
      - @ConditionalOnClass found required class 'org.springframework.data.jpa.repository.JpaRepository' (OnClassCondition)
      - @ConditionalOnProperty (spring.data.jpa.repositories.enabled=true) matched (OnPropertyCondition)
      - @ConditionalOnBean (types: javax.sql.DataSource; SearchStrategy: all) found bean 'dataSource'; @ConditionalOnMissingBean (types: org.springframework.data.jpa.repository.support.JpaRepositoryFactoryBean,org.springframework.data.jpa.repository.config.JpaRepositoryConfigExtension; SearchStrategy: all) did not find any beans (OnBeanCondition)

   JtaAutoConfiguration matched:
      - @ConditionalOnClass found required class 'jakarta.transaction.Transaction' (OnClassCondition)
      - @ConditionalOnProperty (spring.jta.enabled) matched (OnPropertyCondition)

   JvmMetricsAutoConfiguration matched:
      - @ConditionalOnClass found required class 'io.micrometer.core.instrument.MeterRegistry' (OnClassCondition)
      - @ConditionalOnBean (types: io.micrometer.core.instrument.MeterRegistry; SearchStrategy: all) found bean 'simpleMeterRegistry' (OnBeanCondition)

   JvmMetricsAutoConfiguration#classLoaderMetrics matched:
      - @ConditionalOnMissingBean (types: io.micrometer.core.instrument.binder.jvm.ClassLoaderMetrics; SearchStrategy: all) did not find any beans (OnBeanCondition)

   JvmMetricsAutoConfiguration#jvmCompilationMetrics matched:
      - @ConditionalOnMissingBean (types: io.micrometer.core.instrument.binder.jvm.JvmCompilationMetrics; SearchStrategy: all) did not find any beans (OnBeanCondition)

   JvmMetricsAutoConfiguration#jvmGcMetrics matched:
      - @ConditionalOnMissingBean (types: io.micrometer.core.instrument.binder.jvm.JvmGcMetrics; SearchStrategy: all) did not find any beans (OnBeanCondition)

   JvmMetricsAutoConfiguration#jvmHeapPressureMetrics matched:
      - @ConditionalOnMissingBean (types: io.micrometer.core.instrument.binder.jvm.JvmHeapPressureMetrics; SearchStrategy: all) did not find any beans (OnBeanCondition)

   JvmMetricsAutoConfiguration#jvmInfoMetrics matched:
      - @ConditionalOnMissingBean (types: io.micrometer.core.instrument.binder.jvm.JvmInfoMetrics; SearchStrategy: all) did not find any beans (OnBeanCondition)

   JvmMetricsAutoConfiguration#jvmMemoryMetrics matched:
      - @ConditionalOnMissingBean (types: io.micrometer.core.instrument.binder.jvm.JvmMemoryMetrics; SearchStrategy: all) did not find any beans (OnBeanCondition)

   JvmMetricsAutoConfiguration#jvmThreadMetrics matched:
      - @ConditionalOnMissingBean (types: io.micrometer.core.instrument.binder.jvm.JvmThreadMetrics; SearchStrategy: all) did not find any beans (OnBeanCondition)

   LifecycleAutoConfiguration#defaultLifecycleProcessor matched:
      - @ConditionalOnMissingBean (names: lifecycleProcessor; SearchStrategy: current) did not find any beans (OnBeanCondition)

   LogbackMetricsAutoConfiguration matched:
      - @ConditionalOnClass found required classes 'io.micrometer.core.instrument.MeterRegistry', 'ch.qos.logback.classic.LoggerContext', 'org.slf4j.LoggerFactory' (OnClassCondition)
      - LogbackLoggingCondition ILoggerFactory is a Logback LoggerContext (LogbackMetricsAutoConfiguration.LogbackLoggingCondition)
      - @ConditionalOnBean (types: io.micrometer.core.instrument.MeterRegistry; SearchStrategy: all) found bean 'simpleMeterRegistry' (OnBeanCondition)

   LogbackMetricsAutoConfiguration#logbackMetrics matched:
      - @ConditionalOnMissingBean (types: io.micrometer.core.instrument.binder.logging.LogbackMetrics; SearchStrategy: all) did not find any beans (OnBeanCondition)

   ManagementContextAutoConfiguration.SameManagementContextConfiguration matched:
      - Management Port actual port type (SAME) matched required type (OnManagementPortCondition)

   MetricsAspectsAutoConfiguration matched:
      - @ConditionalOnClass found required classes 'io.micrometer.core.instrument.MeterRegistry', 'org.aspectj.weaver.Advice' (OnClassCondition)
      - @ConditionalOnBean (types: io.micrometer.core.instrument.MeterRegistry; SearchStrategy: all) found bean 'simpleMeterRegistry' (OnBeanCondition)

   MetricsAspectsAutoConfiguration#countedAspect matched:
      - @ConditionalOnMissingBean (types: io.micrometer.core.aop.CountedAspect; SearchStrategy: all) did not find any beans (OnBeanCondition)

   MetricsAspectsAutoConfiguration#timedAspect matched:
      - @ConditionalOnMissingBean (types: io.micrometer.core.aop.TimedAspect; SearchStrategy: all) did not find any beans (OnBeanCondition)

   MetricsAutoConfiguration matched:
      - @ConditionalOnClass found required class 'io.micrometer.core.annotation.Timed' (OnClassCondition)

   MetricsAutoConfiguration#micrometerClock matched:
      - @ConditionalOnMissingBean (types: io.micrometer.core.instrument.Clock; SearchStrategy: all) did not find any beans (OnBeanCondition)

   MultipartAutoConfiguration matched:
      - @ConditionalOnClass found required classes 'jakarta.servlet.Servlet', 'org.springframework.web.multipart.support.StandardServletMultipartResolver', 'jakarta.servlet.MultipartConfigElement' (OnClassCondition)
      - found 'session' scope (OnWebApplicationCondition)
      - @ConditionalOnProperty (spring.servlet.multipart.enabled) matched (OnPropertyCondition)

   MultipartAutoConfiguration#multipartConfigElement matched:
      - @ConditionalOnMissingBean (types: jakarta.servlet.MultipartConfigElement; SearchStrategy: all) did not find any beans (OnBeanCondition)

   MultipartAutoConfiguration#multipartResolver matched:
      - @ConditionalOnMissingBean (types: org.springframework.web.multipart.MultipartResolver; SearchStrategy: all) did not find any beans (OnBeanCondition)

   NamedParameterJdbcTemplateConfiguration matched:
      - @ConditionalOnSingleCandidate (types: org.springframework.jdbc.core.JdbcTemplate; SearchStrategy: all) found a single bean 'jdbcTemplate'; @ConditionalOnMissingBean (types: org.springframework.jdbc.core.namedparam.NamedParameterJdbcOperations; SearchStrategy: all) did not find any beans (OnBeanCondition)

   NettyAutoConfiguration matched:
      - @ConditionalOnClass found required class 'io.netty.util.NettyRuntime' (OnClassCondition)

   NoOpCacheConfiguration matched:
      - Cache org.springframework.boot.autoconfigure.cache.NoOpCacheConfiguration automatic cache type (CacheCondition)

   ObservationAutoConfiguration matched:
      - @ConditionalOnClass found required class 'io.micrometer.observation.ObservationRegistry' (OnClassCondition)

   ObservationAutoConfiguration#observationRegistry matched:
      - @ConditionalOnMissingBean (types: io.micrometer.observation.ObservationRegistry; SearchStrategy: all) did not find any beans (OnBeanCondition)

   ObservationAutoConfiguration.MeterObservationHandlerConfiguration matched:
      - @ConditionalOnBean (types: io.micrometer.core.instrument.MeterRegistry; SearchStrategy: all) found bean 'simpleMeterRegistry'; @ConditionalOnMissingBean (types: io.micrometer.core.instrument.observation.MeterObservationHandler; SearchStrategy: all) did not find any beans (OnBeanCondition)

   ObservationAutoConfiguration.MeterObservationHandlerConfiguration.OnlyMetricsMeterObservationHandlerConfiguration matched:
      - @ConditionalOnMissingBean (types: io.micrometer.tracing.Tracer; SearchStrategy: all) did not find any beans (OnBeanCondition)

   ObservationAutoConfiguration.ObservedAspectConfiguration matched:
      - @ConditionalOnClass found required class 'org.aspectj.weaver.Advice' (OnClassCondition)

   ObservationAutoConfiguration.ObservedAspectConfiguration#observedAspect matched:
      - @ConditionalOnMissingBean (types: io.micrometer.observation.aop.ObservedAspect; SearchStrategy: all) did not find any beans (OnBeanCondition)

   ObservationAutoConfiguration.OnlyMetricsConfiguration matched:
      - @ConditionalOnClass found required class 'io.micrometer.core.instrument.MeterRegistry'; @ConditionalOnMissingClass did not find unwanted class 'io.micrometer.tracing.Tracer' (OnClassCondition)

   PersistenceExceptionTranslationAutoConfiguration matched:
      - @ConditionalOnClass found required class 'org.springframework.dao.annotation.PersistenceExceptionTranslationPostProcessor' (OnClassCondition)

   PersistenceExceptionTranslationAutoConfiguration#persistenceExceptionTranslationPostProcessor matched:
      - @ConditionalOnProperty (spring.dao.exceptiontranslation.enabled) matched (OnPropertyCondition)
      - @ConditionalOnMissingBean (types: org.springframework.dao.annotation.PersistenceExceptionTranslationPostProcessor; SearchStrategy: all) did not find any beans (OnBeanCondition)

   PropertyPlaceholderAutoConfiguration#propertySourcesPlaceholderConfigurer matched:
      - @ConditionalOnMissingBean (types: org.springframework.context.support.PropertySourcesPlaceholderConfigurer; SearchStrategy: current) did not find any beans (OnBeanCondition)

   RepositoryMetricsAutoConfiguration matched:
      - @ConditionalOnClass found required class 'org.springframework.data.repository.Repository' (OnClassCondition)
      - @ConditionalOnBean (types: io.micrometer.core.instrument.MeterRegistry; SearchStrategy: all) found bean 'simpleMeterRegistry' (OnBeanCondition)

   RepositoryMetricsAutoConfiguration#metricsRepositoryMethodInvocationListener matched:
      - @ConditionalOnMissingBean (types: org.springframework.boot.actuate.metrics.data.MetricsRepositoryMethodInvocationListener; SearchStrategy: all) did not find any beans (OnBeanCondition)

   RepositoryMetricsAutoConfiguration#repositoryTagsProvider matched:
      - @ConditionalOnMissingBean (types: org.springframework.boot.actuate.metrics.data.RepositoryTagsProvider; SearchStrategy: all) did not find any beans (OnBeanCondition)

   RestClientAutoConfiguration matched:
      - @ConditionalOnClass found required class 'org.springframework.web.client.RestClient' (OnClassCondition)
      - NoneNestedConditions 0 matched 1 did not; NestedCondition on NotReactiveWebApplicationCondition.ReactiveWebApplication did not find reactive web application classes (NotReactiveWebApplicationCondition)

   RestClientAutoConfiguration#httpMessageConvertersRestClientCustomizer matched:
      - @ConditionalOnMissingBean (types: org.springframework.boot.autoconfigure.web.client.HttpMessageConvertersRestClientCustomizer; SearchStrategy: all) did not find any beans (OnBeanCondition)

   RestClientAutoConfiguration#restClientBuilder matched:
      - @ConditionalOnMissingBean (types: org.springframework.web.client.RestClient$Builder; SearchStrategy: all) did not find any beans (OnBeanCondition)

   RestClientAutoConfiguration#restClientBuilderConfigurer matched:
      - @ConditionalOnMissingBean (types: org.springframework.boot.autoconfigure.web.client.RestClientBuilderConfigurer; SearchStrategy: all) did not find any beans (OnBeanCondition)

   RestClientAutoConfiguration#restClientSsl matched:
      - @ConditionalOnBean (types: org.springframework.boot.ssl.SslBundles; SearchStrategy: all) found bean 'sslBundleRegistry'; @ConditionalOnMissingBean (types: org.springframework.boot.autoconfigure.web.client.RestClientSsl; SearchStrategy: all) did not find any beans (OnBeanCondition)

   RestClientObservationConfiguration matched:
      - @ConditionalOnClass found required class 'org.springframework.web.client.RestClient' (OnClassCondition)
      - @ConditionalOnBean (types: org.springframework.web.client.RestClient$Builder; SearchStrategy: all) found bean 'restClientBuilder' (OnBeanCondition)

   RestTemplateAutoConfiguration matched:
      - @ConditionalOnClass found required class 'org.springframework.web.client.RestTemplate' (OnClassCondition)
      - NoneNestedConditions 0 matched 1 did not; NestedCondition on NotReactiveWebApplicationCondition.ReactiveWebApplication did not find reactive web application classes (NotReactiveWebApplicationCondition)

   RestTemplateAutoConfiguration#restTemplateBuilder matched:
      - @ConditionalOnMissingBean (types: org.springframework.boot.web.client.RestTemplateBuilder; SearchStrategy: all) did not find any beans (OnBeanCondition)

   RestTemplateObservationConfiguration matched:
      - @ConditionalOnClass found required class 'org.springframework.web.client.RestTemplate' (OnClassCondition)
      - @ConditionalOnBean (types: org.springframework.boot.web.client.RestTemplateBuilder; SearchStrategy: all) found bean 'restTemplateBuilder' (OnBeanCondition)

   ScheduledTasksObservabilityAutoConfiguration matched:
      - @ConditionalOnClass found required class 'org.springframework.scheduling.concurrent.ThreadPoolTaskScheduler' (OnClassCondition)
      - @ConditionalOnBean (types: io.micrometer.observation.ObservationRegistry; SearchStrategy: all) found bean 'observationRegistry' (OnBeanCondition)

   SecurityAutoConfiguration matched:
      - @ConditionalOnClass found required class 'org.springframework.security.authentication.DefaultAuthenticationEventPublisher' (OnClassCondition)

   SecurityAutoConfiguration#authenticationEventPublisher matched:
      - @ConditionalOnMissingBean (types: org.springframework.security.authentication.AuthenticationEventPublisher; SearchStrategy: all) did not find any beans (OnBeanCondition)

   SecurityFilterAutoConfiguration matched:
      - @ConditionalOnClass found required classes 'org.springframework.security.web.context.AbstractSecurityWebApplicationInitializer', 'org.springframework.security.config.http.SessionCreationPolicy' (OnClassCondition)
      - found 'session' scope (OnWebApplicationCondition)

   SecurityFilterAutoConfiguration#securityFilterChainRegistration matched:
      - @ConditionalOnBean (names: springSecurityFilterChain; SearchStrategy: all) found bean 'springSecurityFilterChain' (OnBeanCondition)

   SecurityRequestMatchersManagementContextConfiguration matched:
      - @ConditionalOnClass found required class 'org.springframework.security.web.util.matcher.RequestMatcher' (OnClassCondition)
      - found 'session' scope (OnWebApplicationCondition)

   SecurityRequestMatchersManagementContextConfiguration.MvcRequestMatcherConfiguration matched:
      - @ConditionalOnClass found required class 'org.springframework.web.servlet.DispatcherServlet' (OnClassCondition)
      - @ConditionalOnBean (types: org.springframework.boot.autoconfigure.web.servlet.DispatcherServletPath; SearchStrategy: all) found bean 'dispatcherServletRegistration' (OnBeanCondition)

   SecurityRequestMatchersManagementContextConfiguration.MvcRequestMatcherConfiguration#requestMatcherProvider matched:
      - @ConditionalOnClass found required class 'org.springframework.web.servlet.DispatcherServlet' (OnClassCondition)
      - @ConditionalOnMissingBean (types: org.springframework.boot.autoconfigure.security.servlet.RequestMatcherProvider; SearchStrategy: all) did not find any beans (OnBeanCondition)

   ServletEndpointManagementContextConfiguration matched:
      - found 'session' scope (OnWebApplicationCondition)

   ServletEndpointManagementContextConfiguration.WebMvcServletEndpointManagementContextConfiguration matched:
      - @ConditionalOnClass found required class 'org.springframework.web.servlet.DispatcherServlet' (OnClassCondition)

   ServletManagementContextAutoConfiguration matched:
      - @ConditionalOnClass found required class 'jakarta.servlet.Servlet' (OnClassCondition)
      - found 'session' scope (OnWebApplicationCondition)

   ServletWebServerFactoryAutoConfiguration matched:
      - @ConditionalOnClass found required class 'jakarta.servlet.ServletRequest' (OnClassCondition)
      - found 'session' scope (OnWebApplicationCondition)

   ServletWebServerFactoryAutoConfiguration#tomcatServletWebServerFactoryCustomizer matched:
      - @ConditionalOnClass found required class 'org.apache.catalina.startup.Tomcat' (OnClassCondition)

   ServletWebServerFactoryConfiguration.EmbeddedTomcat matched:
      - @ConditionalOnClass found required classes 'jakarta.servlet.Servlet', 'org.apache.catalina.startup.Tomcat', 'org.apache.coyote.UpgradeProtocol' (OnClassCondition)
      - @ConditionalOnMissingBean (types: org.springframework.boot.web.servlet.server.ServletWebServerFactory; SearchStrategy: current) did not find any beans (OnBeanCondition)

   SimpleCacheConfiguration matched:
      - Cache org.springframework.boot.autoconfigure.cache.SimpleCacheConfiguration automatic cache type (CacheCondition)

   SimpleMetricsExportAutoConfiguration matched:
      - @ConditionalOnEnabledMetricsExport management.defaults.metrics.export.enabled is considered true (OnMetricsExportEnabledCondition)
      - @ConditionalOnBean (types: io.micrometer.core.instrument.Clock; SearchStrategy: all) found bean 'micrometerClock'; @ConditionalOnMissingBean (types: io.micrometer.core.instrument.MeterRegistry; SearchStrategy: all) did not find any beans (OnBeanCondition)

   SimpleMetricsExportAutoConfiguration#simpleConfig matched:
      - @ConditionalOnMissingBean (types: io.micrometer.core.instrument.simple.SimpleConfig; SearchStrategy: all) did not find any beans (OnBeanCondition)

   SpringBootWebSecurityConfiguration matched:
      - found 'session' scope (OnWebApplicationCondition)

   SpringBootWebSecurityConfiguration.WebSecurityEnablerConfiguration matched:
      - @ConditionalOnClass found required class 'org.springframework.security.config.annotation.web.configuration.EnableWebSecurity' (OnClassCondition)
      - @ConditionalOnMissingBean (names: springSecurityFilterChain; SearchStrategy: all) did not find any beans (OnBeanCondition)

   SpringDataWebAutoConfiguration matched:
      - @ConditionalOnClass found required classes 'org.springframework.data.web.PageableHandlerMethodArgumentResolver', 'org.springframework.web.servlet.config.annotation.WebMvcConfigurer' (OnClassCondition)
      - found 'session' scope (OnWebApplicationCondition)
      - @ConditionalOnMissingBean (types: org.springframework.data.web.PageableHandlerMethodArgumentResolver; SearchStrategy: all) did not find any beans (OnBeanCondition)

   SpringDataWebAutoConfiguration#pageableCustomizer matched:
      - @ConditionalOnMissingBean (types: org.springframework.data.web.config.PageableHandlerMethodArgumentResolverCustomizer; SearchStrategy: all) did not find any beans (OnBeanCondition)

   SpringDataWebAutoConfiguration#sortCustomizer matched:
      - @ConditionalOnMissingBean (types: org.springframework.data.web.config.SortHandlerMethodArgumentResolverCustomizer; SearchStrategy: all) did not find any beans (OnBeanCondition)

   SpringDocConfigProperties matched:
      - @ConditionalOnProperty (springdoc.api-docs.enabled) matched (OnPropertyCondition)
      - @ConditionalOnBean (types: org.springdoc.core.configuration.SpringDocConfiguration; SearchStrategy: all) found bean 'org.springdoc.core.configuration.SpringDocConfiguration' (OnBeanCondition)

   SpringDocConfiguration matched:
      - @ConditionalOnWebApplication (required) found 'session' scope (OnWebApplicationCondition)
      - @ConditionalOnProperty (springdoc.api-docs.enabled) matched (OnPropertyCondition)

   SpringDocConfiguration#fileSupportConverter matched:
      - @ConditionalOnMissingBean (types: org.springdoc.core.converters.FileSupportConverter; SearchStrategy: all) did not find any beans (OnBeanCondition)

   SpringDocConfiguration#objectMapperProvider matched:
      - @ConditionalOnMissingBean (types: org.springdoc.core.providers.ObjectMapperProvider; SearchStrategy: all) did not find any beans (OnBeanCondition)

   SpringDocConfiguration#openAPIBuilder matched:
      - @ConditionalOnMissingBean (types: org.springdoc.core.service.OpenAPIService; SearchStrategy: all) did not find any beans (OnBeanCondition)

   SpringDocConfiguration#operationBuilder matched:
      - @ConditionalOnMissingBean (types: org.springdoc.core.service.OperationService; SearchStrategy: all) did not find any beans (OnBeanCondition)

   SpringDocConfiguration#parameterBuilder matched:
      - @ConditionalOnMissingBean (types: org.springdoc.core.service.GenericParameterService; SearchStrategy: all) did not find any beans (OnBeanCondition)

   SpringDocConfiguration#polymorphicModelConverter matched:
      - @ConditionalOnProperty (springdoc.model-converters.polymorphic-converter.enabled) matched (OnPropertyCondition)
      - @ConditionalOnMissingBean (types: org.springdoc.core.converters.PolymorphicModelConverter; SearchStrategy: all) did not find any beans (OnBeanCondition)

   SpringDocConfiguration#requestBodyBuilder matched:
      - @ConditionalOnMissingBean (types: org.springdoc.core.service.RequestBodyService; SearchStrategy: all) did not find any beans (OnBeanCondition)

   SpringDocConfiguration#responseSupportConverter matched:
      - @ConditionalOnMissingBean (types: org.springdoc.core.converters.ResponseSupportConverter; SearchStrategy: all) did not find any beans (OnBeanCondition)

   SpringDocConfiguration#schemaPropertyDeprecatingConverter matched:
      - @ConditionalOnProperty (springdoc.model-converters.deprecating-converter.enabled) matched (OnPropertyCondition)
      - @ConditionalOnMissingBean (types: org.springdoc.core.converters.SchemaPropertyDeprecatingConverter; SearchStrategy: all) did not find any beans (OnBeanCondition)

   SpringDocConfiguration#securityParser matched:
      - @ConditionalOnMissingBean (types: org.springdoc.core.service.SecurityService; SearchStrategy: all) did not find any beans (OnBeanCondition)

   SpringDocConfiguration#springDocCustomizers matched:
      - @ConditionalOnMissingBean (types: org.springdoc.core.customizers.SpringDocCustomizers; SearchStrategy: all) did not find any beans (OnBeanCondition)

   SpringDocConfiguration#springDocProviders matched:
      - @ConditionalOnMissingBean (types: org.springdoc.core.providers.SpringDocProviders; SearchStrategy: all) did not find any beans (OnBeanCondition)

   SpringDocConfiguration.SpringDocSpringDataWebPropertiesProvider matched:
      - @ConditionalOnClass found required class 'org.springframework.boot.autoconfigure.data.web.SpringDataWebProperties' (OnClassCondition)

   SpringDocConfiguration.SpringDocSpringDataWebPropertiesProvider#springDataWebPropertiesProvider matched:
      - @ConditionalOnMissingBean (types: org.springdoc.core.providers.SpringDataWebPropertiesProvider; SearchStrategy: all) did not find any beans (OnBeanCondition)

   SpringDocConfiguration.WebConversionServiceConfiguration matched:
      - @ConditionalOnClass found required class 'org.springframework.boot.autoconfigure.web.format.WebConversionService' (OnClassCondition)

   SpringDocPageableConfiguration matched:
      - @ConditionalOnClass found required class 'org.springframework.data.domain.Pageable' (OnClassCondition)
      - @ConditionalOnWebApplication (required) found 'session' scope (OnWebApplicationCondition)
      - @ConditionalOnProperty (springdoc.api-docs.enabled) matched (OnPropertyCondition)
      - @ConditionalOnBean (types: org.springdoc.core.configuration.SpringDocConfiguration; SearchStrategy: all) found bean 'org.springdoc.core.configuration.SpringDocConfiguration' (OnBeanCondition)

   SpringDocPageableConfiguration#delegatingMethodParameterCustomizer matched:
      - @ConditionalOnMissingBean (types: org.springdoc.core.customizers.DelegatingMethodParameterCustomizer; SearchStrategy: all) did not find any beans (OnBeanCondition)

   SpringDocPageableConfiguration#pageableOpenAPIConverter matched:
      - @ConditionalOnProperty (springdoc.model-converters.pageable-converter.enabled) matched (OnPropertyCondition)
      - @ConditionalOnMissingBean (types: org.springdoc.core.converters.PageableOpenAPIConverter; SearchStrategy: all) did not find any beans (OnBeanCondition)

   SpringDocSecurityConfiguration matched:
      - @ConditionalOnClass found required class 'org.springframework.security.web.SecurityFilterChain' (OnClassCondition)
      - @ConditionalOnWebApplication (required) found 'session' scope (OnWebApplicationCondition)
      - @ConditionalOnExpression (#{${springdoc.api-docs.enabled:true} and ${springdoc.enable-spring-security:true}}) resulted in true (OnExpressionCondition)
      - @ConditionalOnBean (types: org.springdoc.core.configuration.SpringDocConfiguration; SearchStrategy: all) found bean 'org.springdoc.core.configuration.SpringDocConfiguration' (OnBeanCondition)

   SpringDocSecurityConfiguration.SpringSecurityLoginEndpointConfiguration matched:
      - @ConditionalOnClass found required class 'jakarta.servlet.Filter' (OnClassCondition)

   SpringDocSortConfiguration matched:
      - @ConditionalOnClass found required class 'org.springframework.data.domain.Sort' (OnClassCondition)
      - @ConditionalOnWebApplication (required) found 'session' scope (OnWebApplicationCondition)
      - @ConditionalOnProperty (springdoc.api-docs.enabled) matched (OnPropertyCondition)
      - @ConditionalOnBean (types: org.springdoc.core.configuration.SpringDocConfiguration; SearchStrategy: all) found bean 'org.springdoc.core.configuration.SpringDocConfiguration' (OnBeanCondition)

   SpringDocSortConfiguration#sortOpenAPIConverter matched:
      - @ConditionalOnProperty (springdoc.model-converters.sort-converter.enabled) matched (OnPropertyCondition)
      - @ConditionalOnMissingBean (types: org.springdoc.core.converters.SortOpenAPIConverter; SearchStrategy: all) did not find any beans (OnBeanCondition)

   SpringDocUIConfiguration matched:
      - @ConditionalOnWebApplication (required) found 'session' scope (OnWebApplicationCondition)
      - @ConditionalOnExpression (#{${springdoc.api-docs.enabled:true}}) resulted in true (OnExpressionCondition)
      - @ConditionalOnBean (types: org.springdoc.core.configuration.SpringDocConfiguration; SearchStrategy: all) found bean 'org.springdoc.core.configuration.SpringDocConfiguration' (OnBeanCondition)

   SpringDocWebMvcConfiguration matched:
      - found 'session' scope (OnWebApplicationCondition)
      - @ConditionalOnProperty (springdoc.api-docs.enabled) matched (OnPropertyCondition)
      - @ConditionalOnBean (types: org.springdoc.core.configuration.SpringDocConfiguration; SearchStrategy: all) found bean 'org.springdoc.core.configuration.SpringDocConfiguration' (OnBeanCondition)

   SpringDocWebMvcConfiguration#openApiResource matched:
      - @ConditionalOnProperty (springdoc.use-management-port=false) matched (OnPropertyCondition)
      - @ConditionalOnMissingBean (types: org.springdoc.webmvc.api.OpenApiWebMvcResource; SearchStrategy: all) did not find any beans (OnBeanCondition)

   SpringDocWebMvcConfiguration#requestBuilder matched:
      - @ConditionalOnMissingBean (types: org.springdoc.webmvc.core.service.RequestService; SearchStrategy: all) did not find any beans (OnBeanCondition)

   SpringDocWebMvcConfiguration#responseBuilder matched:
      - @ConditionalOnMissingBean (types: org.springdoc.core.service.GenericResponseService; SearchStrategy: all) did not find any beans (OnBeanCondition)

   SpringDocWebMvcConfiguration#springWebProvider matched:
      - @ConditionalOnMissingBean (types: org.springdoc.core.providers.SpringWebProvider; SearchStrategy: all) did not find any beans (OnBeanCondition)

   SpringDocWebMvcConfiguration.SpringDocWebMvcActuatorConfiguration matched:
      - @ConditionalOnClass found required class 'org.springframework.boot.actuate.endpoint.web.servlet.WebMvcEndpointHandlerMapping' (OnClassCondition)

   SpringDocWebMvcConfiguration.SpringDocWebMvcRouterConfiguration matched:
      - @ConditionalOnClass found required class 'org.springframework.web.servlet.function.RouterFunction' (OnClassCondition)

   SpringDocWebMvcConfiguration.SpringDocWebMvcRouterConfiguration#routerFunctionProvider matched:
      - @ConditionalOnMissingBean (types: org.springdoc.webmvc.core.providers.RouterFunctionWebMvcProvider; SearchStrategy: all) did not find any beans (OnBeanCondition)

   SqlInitializationAutoConfiguration matched:
      - @ConditionalOnProperty (spring.sql.init.enabled) matched (OnPropertyCondition)
      - NoneNestedConditions 0 matched 1 did not; NestedCondition on SqlInitializationAutoConfiguration.SqlInitializationModeCondition.ModeIsNever @ConditionalOnProperty (spring.sql.init.mode=never) did not find property 'mode' (SqlInitializationAutoConfiguration.SqlInitializationModeCondition)

   SslAutoConfiguration#sslBundleRegistry matched:
      - @ConditionalOnMissingBean (types: org.springframework.boot.ssl.SslBundleRegistry,org.springframework.boot.ssl.SslBundles; SearchStrategy: all) did not find any beans (OnBeanCondition)

   StartupTimeMetricsListenerAutoConfiguration matched:
      - @ConditionalOnClass found required class 'io.micrometer.core.instrument.MeterRegistry' (OnClassCondition)
      - @ConditionalOnBean (types: io.micrometer.core.instrument.MeterRegistry; SearchStrategy: all) found bean 'simpleMeterRegistry' (OnBeanCondition)

   StartupTimeMetricsListenerAutoConfiguration#startupTimeMetrics matched:
      - @ConditionalOnMissingBean (types: org.springframework.boot.actuate.metrics.startup.StartupTimeMetricsListener; SearchStrategy: all) did not find any beans (OnBeanCondition)

   SwaggerConfig matched:
      - found 'session' scope (OnWebApplicationCondition)
      - @ConditionalOnProperty (springdoc.swagger-ui.enabled) matched (OnPropertyCondition)
      - @ConditionalOnBean (types: org.springdoc.core.configuration.SpringDocConfiguration; SearchStrategy: all) found bean 'org.springdoc.core.configuration.SpringDocConfiguration' (OnBeanCondition)

   SwaggerConfig#indexPageTransformer matched:
      - @ConditionalOnMissingBean (types: org.springdoc.webmvc.ui.SwaggerIndexTransformer; SearchStrategy: all) did not find any beans (OnBeanCondition)

   SwaggerConfig#swaggerConfigResource matched:
      - @ConditionalOnProperty (springdoc.use-management-port=false) matched (OnPropertyCondition)
      - @ConditionalOnMissingBean (types: org.springdoc.webmvc.ui.SwaggerConfigResource; SearchStrategy: all) did not find any beans (OnBeanCondition)

   SwaggerConfig#swaggerResourceResolver matched:
      - @ConditionalOnMissingBean (types: org.springdoc.webmvc.ui.SwaggerResourceResolver; SearchStrategy: all) did not find any beans (OnBeanCondition)

   SwaggerConfig#swaggerWebMvcConfigurer matched:
      - @ConditionalOnMissingBean (types: org.springdoc.webmvc.ui.SwaggerWebMvcConfigurer; SearchStrategy: all) did not find any beans (OnBeanCondition)

   SwaggerConfig#swaggerWelcome matched:
      - @ConditionalOnProperty (springdoc.use-management-port=false) matched (OnPropertyCondition)
      - @ConditionalOnMissingBean (types: org.springdoc.webmvc.ui.SwaggerWelcomeWebMvc; SearchStrategy: all) did not find any beans (OnBeanCondition)

   SwaggerUiConfigParameters matched:
      - @ConditionalOnProperty (springdoc.swagger-ui.enabled) matched (OnPropertyCondition)
      - @ConditionalOnBean (types: org.springdoc.core.configuration.SpringDocConfiguration; SearchStrategy: all) found bean 'org.springdoc.core.configuration.SpringDocConfiguration' (OnBeanCondition)

   SwaggerUiConfigProperties matched:
      - @ConditionalOnProperty (springdoc.swagger-ui.enabled) matched (OnPropertyCondition)
      - @ConditionalOnBean (types: org.springdoc.core.configuration.SpringDocConfiguration; SearchStrategy: all) found bean 'org.springdoc.core.configuration.SpringDocConfiguration' (OnBeanCondition)

   SwaggerUiOAuthProperties matched:
      - @ConditionalOnProperty (springdoc.swagger-ui.enabled) matched (OnPropertyCondition)
      - @ConditionalOnBean (types: org.springdoc.core.configuration.SpringDocConfiguration; SearchStrategy: all) found bean 'org.springdoc.core.configuration.SpringDocConfiguration' (OnBeanCondition)

   SystemMetricsAutoConfiguration matched:
      - @ConditionalOnClass found required class 'io.micrometer.core.instrument.MeterRegistry' (OnClassCondition)
      - @ConditionalOnBean (types: io.micrometer.core.instrument.MeterRegistry; SearchStrategy: all) found bean 'simpleMeterRegistry' (OnBeanCondition)

   SystemMetricsAutoConfiguration#diskSpaceMetrics matched:
      - @ConditionalOnMissingBean (types: org.springframework.boot.actuate.metrics.system.DiskSpaceMetricsBinder; SearchStrategy: all) did not find any beans (OnBeanCondition)

   SystemMetricsAutoConfiguration#fileDescriptorMetrics matched:
      - @ConditionalOnMissingBean (types: io.micrometer.core.instrument.binder.system.FileDescriptorMetrics; SearchStrategy: all) did not find any beans (OnBeanCondition)

   SystemMetricsAutoConfiguration#processorMetrics matched:
      - @ConditionalOnMissingBean (types: io.micrometer.core.instrument.binder.system.ProcessorMetrics; SearchStrategy: all) did not find any beans (OnBeanCondition)

   SystemMetricsAutoConfiguration#uptimeMetrics matched:
      - @ConditionalOnMissingBean (types: io.micrometer.core.instrument.binder.system.UptimeMetrics; SearchStrategy: all) did not find any beans (OnBeanCondition)

   TaskExecutionAutoConfiguration matched:
      - @ConditionalOnClass found required class 'org.springframework.scheduling.concurrent.ThreadPoolTaskExecutor' (OnClassCondition)

   TaskExecutorConfigurations.SimpleAsyncTaskExecutorBuilderConfiguration#simpleAsyncTaskExecutorBuilder matched:
      - @ConditionalOnMissingBean (types: org.springframework.boot.task.SimpleAsyncTaskExecutorBuilder; SearchStrategy: all) did not find any beans (OnBeanCondition)
      - @ConditionalOnThreading found PLATFORM (OnThreadingCondition)

   TaskExecutorConfigurations.TaskExecutorBuilderConfiguration#taskExecutorBuilder matched:
      - @ConditionalOnMissingBean (types: org.springframework.boot.task.TaskExecutorBuilder; SearchStrategy: all) did not find any beans (OnBeanCondition)

   TaskExecutorConfigurations.TaskExecutorConfiguration matched:
      - @ConditionalOnMissingBean (types: java.util.concurrent.Executor; SearchStrategy: all) did not find any beans (OnBeanCondition)

   TaskExecutorConfigurations.TaskExecutorConfiguration#applicationTaskExecutor matched:
      - @ConditionalOnThreading found PLATFORM (OnThreadingCondition)

   TaskExecutorConfigurations.ThreadPoolTaskExecutorBuilderConfiguration#threadPoolTaskExecutorBuilder matched:
      - @ConditionalOnMissingBean (types: org.springframework.boot.task.TaskExecutorBuilder,org.springframework.boot.task.ThreadPoolTaskExecutorBuilder; SearchStrategy: all) did not find any beans (OnBeanCondition)

   TaskExecutorMetricsAutoConfiguration matched:
      - @ConditionalOnClass found required class 'io.micrometer.core.instrument.binder.jvm.ExecutorServiceMetrics' (OnClassCondition)
      - @ConditionalOnBean (types: java.util.concurrent.Executor,io.micrometer.core.instrument.MeterRegistry; SearchStrategy: all) found beans 'applicationTaskExecutor', 'simpleMeterRegistry' (OnBeanCondition)

   TaskSchedulingAutoConfiguration matched:
      - @ConditionalOnClass found required class 'org.springframework.scheduling.concurrent.ThreadPoolTaskScheduler' (OnClassCondition)

   TaskSchedulingConfigurations.SimpleAsyncTaskSchedulerBuilderConfiguration#simpleAsyncTaskSchedulerBuilder matched:
      - @ConditionalOnMissingBean (types: org.springframework.boot.task.SimpleAsyncTaskSchedulerBuilder; SearchStrategy: all) did not find any beans (OnBeanCondition)
      - @ConditionalOnThreading found PLATFORM (OnThreadingCondition)

   TaskSchedulingConfigurations.TaskSchedulerBuilderConfiguration#taskSchedulerBuilder matched:
      - @ConditionalOnMissingBean (types: org.springframework.boot.task.TaskSchedulerBuilder; SearchStrategy: all) did not find any beans (OnBeanCondition)

   TaskSchedulingConfigurations.ThreadPoolTaskSchedulerBuilderConfiguration#threadPoolTaskSchedulerBuilder matched:
      - @ConditionalOnMissingBean (types: org.springframework.boot.task.TaskSchedulerBuilder,org.springframework.boot.task.ThreadPoolTaskSchedulerBuilder; SearchStrategy: all) did not find any beans (OnBeanCondition)

   TomcatMetricsAutoConfiguration matched:
      - @ConditionalOnClass found required classes 'io.micrometer.core.instrument.binder.tomcat.TomcatMetrics', 'org.apache.catalina.Manager' (OnClassCondition)
      - @ConditionalOnWebApplication (required) found 'session' scope (OnWebApplicationCondition)

   TomcatMetricsAutoConfiguration#tomcatMetricsBinder matched:
      - @ConditionalOnBean (types: io.micrometer.core.instrument.MeterRegistry; SearchStrategy: all) found bean 'simpleMeterRegistry'; @ConditionalOnMissingBean (types: io.micrometer.core.instrument.binder.tomcat.TomcatMetrics,org.springframework.boot.actuate.metrics.web.tomcat.TomcatMetricsBinder; SearchStrategy: all) did not find any beans (OnBeanCondition)

   TransactionAutoConfiguration matched:
      - @ConditionalOnClass found required class 'org.springframework.transaction.PlatformTransactionManager' (OnClassCondition)

   TransactionAutoConfiguration.EnableTransactionManagementConfiguration matched:
      - @ConditionalOnBean (types: org.springframework.transaction.TransactionManager; SearchStrategy: all) found bean 'transactionManager'; @ConditionalOnMissingBean (types: org.springframework.transaction.annotation.AbstractTransactionManagementConfiguration; SearchStrategy: all) did not find any beans (OnBeanCondition)

   TransactionAutoConfiguration.EnableTransactionManagementConfiguration.CglibAutoProxyConfiguration matched:
      - @ConditionalOnProperty (spring.aop.proxy-target-class=true) matched (OnPropertyCondition)

   TransactionAutoConfiguration.TransactionTemplateConfiguration matched:
      - @ConditionalOnSingleCandidate (types: org.springframework.transaction.PlatformTransactionManager; SearchStrategy: all) found a single bean 'transactionManager' (OnBeanCondition)

   TransactionAutoConfiguration.TransactionTemplateConfiguration#transactionTemplate matched:
      - @ConditionalOnMissingBean (types: org.springframework.transaction.support.TransactionOperations; SearchStrategy: all) did not find any beans (OnBeanCondition)

   TransactionManagerCustomizationAutoConfiguration matched:
      - @ConditionalOnClass found required class 'org.springframework.transaction.PlatformTransactionManager' (OnClassCondition)

   TransactionManagerCustomizationAutoConfiguration#platformTransactionManagerCustomizers matched:
      - @ConditionalOnMissingBean (types: org.springframework.boot.autoconfigure.transaction.TransactionManagerCustomizers; SearchStrategy: all) did not find any beans (OnBeanCondition)

   ValidationAutoConfiguration matched:
      - @ConditionalOnClass found required class 'jakarta.validation.executable.ExecutableValidator' (OnClassCondition)
      - @ConditionalOnResource found location classpath:META-INF/services/jakarta.validation.spi.ValidationProvider (OnResourceCondition)

   ValidationAutoConfiguration#defaultValidator matched:
      - @ConditionalOnMissingBean (types: jakarta.validation.Validator; SearchStrategy: all) did not find any beans (OnBeanCondition)

   ValidationAutoConfiguration#methodValidationPostProcessor matched:
      - @ConditionalOnMissingBean (types: org.springframework.validation.beanvalidation.MethodValidationPostProcessor; SearchStrategy: current) did not find any beans (OnBeanCondition)

   WebEndpointAutoConfiguration matched:
      - @ConditionalOnWebApplication (required) found 'session' scope (OnWebApplicationCondition)

   WebEndpointAutoConfiguration#controllerEndpointDiscoverer matched:
      - @ConditionalOnMissingBean (types: org.springframework.boot.actuate.endpoint.web.annotation.ControllerEndpointsSupplier; SearchStrategy: all) did not find any beans (OnBeanCondition)

   WebEndpointAutoConfiguration#endpointMediaTypes matched:
      - @ConditionalOnMissingBean (types: org.springframework.boot.actuate.endpoint.web.EndpointMediaTypes; SearchStrategy: all) did not find any beans (OnBeanCondition)

   WebEndpointAutoConfiguration#pathMappedEndpoints matched:
      - @ConditionalOnMissingBean (types: org.springframework.boot.actuate.endpoint.web.PathMappedEndpoints; SearchStrategy: all) did not find any beans (OnBeanCondition)

   WebEndpointAutoConfiguration#webEndpointDiscoverer matched:
      - @ConditionalOnMissingBean (types: org.springframework.boot.actuate.endpoint.web.WebEndpointsSupplier; SearchStrategy: all) did not find any beans (OnBeanCondition)

   WebEndpointAutoConfiguration.WebEndpointServletConfiguration matched:
      - found 'session' scope (OnWebApplicationCondition)

   WebEndpointAutoConfiguration.WebEndpointServletConfiguration#servletEndpointDiscoverer matched:
      - @ConditionalOnMissingBean (types: org.springframework.boot.actuate.endpoint.web.annotation.ServletEndpointsSupplier; SearchStrategy: all) did not find any beans (OnBeanCondition)

   WebMvcAutoConfiguration matched:
      - @ConditionalOnClass found required classes 'jakarta.servlet.Servlet', 'org.springframework.web.servlet.DispatcherServlet', 'org.springframework.web.servlet.config.annotation.WebMvcConfigurer' (OnClassCondition)
      - found 'session' scope (OnWebApplicationCondition)
      - @ConditionalOnMissingBean (types: org.springframework.web.servlet.config.annotation.WebMvcConfigurationSupport; SearchStrategy: all) did not find any beans (OnBeanCondition)

   WebMvcAutoConfiguration#formContentFilter matched:
      - @ConditionalOnProperty (spring.mvc.formcontent.filter.enabled) matched (OnPropertyCondition)
      - @ConditionalOnMissingBean (types: org.springframework.web.filter.FormContentFilter; SearchStrategy: all) did not find any beans (OnBeanCondition)

   WebMvcAutoConfiguration.EnableWebMvcConfiguration#flashMapManager matched:
      - @ConditionalOnMissingBean (names: flashMapManager; SearchStrategy: all) did not find any beans (OnBeanCondition)

   WebMvcAutoConfiguration.EnableWebMvcConfiguration#localeResolver matched:
      - @ConditionalOnMissingBean (names: localeResolver; SearchStrategy: all) did not find any beans (OnBeanCondition)

   WebMvcAutoConfiguration.EnableWebMvcConfiguration#themeResolver matched:
      - @ConditionalOnMissingBean (names: themeResolver; SearchStrategy: all) did not find any beans (OnBeanCondition)

   WebMvcAutoConfiguration.WebMvcAutoConfigurationAdapter#defaultViewResolver matched:
      - @ConditionalOnMissingBean (types: org.springframework.web.servlet.view.InternalResourceViewResolver; SearchStrategy: all) did not find any beans (OnBeanCondition)

   WebMvcAutoConfiguration.WebMvcAutoConfigurationAdapter#requestContextFilter matched:
      - @ConditionalOnMissingBean (types: org.springframework.web.context.request.RequestContextListener,org.springframework.web.filter.RequestContextFilter; SearchStrategy: all) did not find any beans (OnBeanCondition)

   WebMvcAutoConfiguration.WebMvcAutoConfigurationAdapter#viewResolver matched:
      - @ConditionalOnBean (types: org.springframework.web.servlet.ViewResolver; SearchStrategy: all) found beans 'defaultViewResolver', 'beanNameViewResolver', 'mvcViewResolver'; @ConditionalOnMissingBean (names: viewResolver types: org.springframework.web.servlet.view.ContentNegotiatingViewResolver; SearchStrategy: all) did not find any beans (OnBeanCondition)

   WebMvcEndpointManagementContextConfiguration matched:
      - @ConditionalOnClass found required class 'org.springframework.web.servlet.DispatcherServlet' (OnClassCondition)
      - found 'session' scope (OnWebApplicationCondition)
      - @ConditionalOnBean (types: org.springframework.web.servlet.DispatcherServlet,org.springframework.boot.actuate.endpoint.web.WebEndpointsSupplier; SearchStrategy: all) found beans 'webEndpointDiscoverer', 'dispatcherServlet' (OnBeanCondition)

   WebMvcEndpointManagementContextConfiguration#controllerEndpointHandlerMapping matched:
      - @ConditionalOnMissingBean (types: org.springframework.boot.actuate.endpoint.web.servlet.ControllerEndpointHandlerMapping; SearchStrategy: all) did not find any beans (OnBeanCondition)

   WebMvcEndpointManagementContextConfiguration#endpointObjectMapperWebMvcConfigurer matched:
      - @ConditionalOnBean (types: org.springframework.boot.actuate.endpoint.jackson.EndpointObjectMapper; SearchStrategy: all) found bean 'endpointObjectMapper' (OnBeanCondition)

   WebMvcEndpointManagementContextConfiguration#webEndpointServletHandlerMapping matched:
      - @ConditionalOnMissingBean (types: org.springframework.boot.actuate.endpoint.web.servlet.WebMvcEndpointHandlerMapping; SearchStrategy: all) did not find any beans (OnBeanCondition)

   WebMvcObservationAutoConfiguration matched:
      - @ConditionalOnClass found required classes 'org.springframework.web.servlet.DispatcherServlet', 'io.micrometer.observation.Observation' (OnClassCondition)
      - found 'session' scope (OnWebApplicationCondition)
      - @ConditionalOnBean (types: io.micrometer.observation.ObservationRegistry; SearchStrategy: all) found bean 'observationRegistry' (OnBeanCondition)

   WebMvcObservationAutoConfiguration#webMvcObservationFilter matched:
      - @ConditionalOnMissingBean (types: org.springframework.web.filter.ServerHttpObservationFilter; SearchStrategy: all) did not find any beans (OnBeanCondition)

   WebMvcObservationAutoConfiguration.MeterFilterConfiguration matched:
      - @ConditionalOnClass found required class 'io.micrometer.core.instrument.MeterRegistry' (OnClassCondition)
      - @ConditionalOnBean (types: io.micrometer.core.instrument.MeterRegistry; SearchStrategy: all) found bean 'simpleMeterRegistry' (OnBeanCondition)

   WebSocketServletAutoConfiguration matched:
      - @ConditionalOnClass found required classes 'jakarta.servlet.Servlet', 'jakarta.websocket.server.ServerContainer' (OnClassCondition)
      - found 'session' scope (OnWebApplicationCondition)

   WebSocketServletAutoConfiguration.TomcatWebSocketConfiguration matched:
      - @ConditionalOnClass found required classes 'org.apache.catalina.startup.Tomcat', 'org.apache.tomcat.websocket.server.WsSci' (OnClassCondition)

   WebSocketServletAutoConfiguration.TomcatWebSocketConfiguration#websocketServletWebServerCustomizer matched:
      - @ConditionalOnMissingBean (names: websocketServletWebServerCustomizer; SearchStrategy: all) did not find any beans (OnBeanCondition)


Negative matches:
-----------------

   ActiveMQAutoConfiguration:
      Did not match:
         - @ConditionalOnClass did not find required class 'jakarta.jms.ConnectionFactory' (OnClassCondition)

   AopAutoConfiguration.AspectJAutoProxyingConfiguration.JdkDynamicAutoProxyConfiguration:
      Did not match:
         - @ConditionalOnProperty (spring.aop.proxy-target-class=false) did not find property 'proxy-target-class' (OnPropertyCondition)

   AopAutoConfiguration.ClassProxyingConfiguration:
      Did not match:
         - @ConditionalOnMissingClass found unwanted class 'org.aspectj.weaver.Advice' (OnClassCondition)

   AppOpticsMetricsExportAutoConfiguration:
      Did not match:
         - @ConditionalOnClass did not find required class 'io.micrometer.appoptics.AppOpticsMeterRegistry' (OnClassCondition)

   ArtemisAutoConfiguration:
      Did not match:
         - @ConditionalOnClass did not find required class 'jakarta.jms.ConnectionFactory' (OnClassCondition)

   AtlasMetricsExportAutoConfiguration:
      Did not match:
         - @ConditionalOnClass did not find required class 'io.micrometer.atlas.AtlasMeterRegistry' (OnClassCondition)

   AuditAutoConfiguration:
      Did not match:
         - @ConditionalOnBean (types: org.springframework.boot.actuate.audit.AuditEventRepository; SearchStrategy: all) did not find any beans of type org.springframework.boot.actuate.audit.AuditEventRepository (OnBeanCondition)
      Matched:
         - @ConditionalOnProperty (management.auditevents.enabled) matched (OnPropertyCondition)

   AuditEventsEndpointAutoConfiguration:
      Did not match:
         - @ConditionalOnAvailableEndpoint no 'management.endpoints' property marked it as exposed (OnAvailableEndpointCondition)

   AvailabilityHealthContributorAutoConfiguration#livenessStateHealthIndicator:
      Did not match:
         - @ConditionalOnProperty (management.health.livenessstate.enabled=true) did not find property 'enabled' (OnPropertyCondition)

   AvailabilityHealthContributorAutoConfiguration#readinessStateHealthIndicator:
      Did not match:
         - @ConditionalOnProperty (management.health.readinessstate.enabled=true) did not find property 'enabled' (OnPropertyCondition)

   AvailabilityProbesAutoConfiguration:
      Did not match:
         - Probes availability not running on a supported cloud platform (AvailabilityProbesAutoConfiguration.ProbesCondition)

   BatchAutoConfiguration:
      Did not match:
         - @ConditionalOnClass did not find required class 'org.springframework.batch.core.launch.JobLauncher' (OnClassCondition)

   BatchObservationAutoConfiguration:
      Did not match:
         - @ConditionalOnClass did not find required class 'org.springframework.batch.core.configuration.annotation.BatchObservabilityBeanPostProcessor' (OnClassCondition)

   BeansEndpointAutoConfiguration:
      Did not match:
         - @ConditionalOnAvailableEndpoint no 'management.endpoints' property marked it as exposed (OnAvailableEndpointCondition)

   BraveAutoConfiguration:
      Did not match:
         - @ConditionalOnClass did not find required class 'brave.Tracer' (OnClassCondition)

   Cache2kCacheConfiguration:
      Did not match:
         - @ConditionalOnClass did not find required class 'org.cache2k.Cache2kBuilder' (OnClassCondition)

   CacheAutoConfiguration:
      Did not match:
         - @ConditionalOnBean (types: org.springframework.cache.interceptor.CacheAspectSupport; SearchStrategy: all) did not find any beans of type org.springframework.cache.interceptor.CacheAspectSupport (OnBeanCondition)
      Matched:
         - @ConditionalOnClass found required class 'org.springframework.cache.CacheManager' (OnClassCondition)

   CacheAutoConfiguration.CacheManagerEntityManagerFactoryDependsOnPostProcessor:
      Did not match:
         - Ancestor org.springframework.boot.autoconfigure.cache.CacheAutoConfiguration did not match (ConditionEvaluationReport.AncestorsMatchedCondition)
      Matched:
         - @ConditionalOnClass found required class 'org.springframework.orm.jpa.LocalContainerEntityManagerFactoryBean' (OnClassCondition)

   CacheMeterBinderProvidersConfiguration.Cache2kCacheMeterBinderProviderConfiguration:
      Did not match:
         - @ConditionalOnClass did not find required classes 'org.cache2k.Cache2kBuilder', 'org.cache2k.extra.spring.SpringCache2kCache', 'org.cache2k.extra.micrometer.Cache2kCacheMetrics' (OnClassCondition)

   CacheMeterBinderProvidersConfiguration.CaffeineCacheMeterBinderProviderConfiguration:
      Did not match:
         - @ConditionalOnClass did not find required classes 'org.springframework.cache.caffeine.CaffeineCache', 'com.github.benmanes.caffeine.cache.Cache' (OnClassCondition)

   CacheMeterBinderProvidersConfiguration.HazelcastCacheMeterBinderProviderConfiguration:
      Did not match:
         - @ConditionalOnClass did not find required classes 'com.hazelcast.spring.cache.HazelcastCache', 'com.hazelcast.core.Hazelcast' (OnClassCondition)

   CacheMeterBinderProvidersConfiguration.JCacheCacheMeterBinderProviderConfiguration:
      Did not match:
         - @ConditionalOnClass did not find required classes 'org.springframework.cache.jcache.JCacheCache', 'javax.cache.CacheManager' (OnClassCondition)

   CacheMeterBinderProvidersConfiguration.RedisCacheMeterBinderProviderConfiguration:
      Did not match:
         - @ConditionalOnClass did not find required class 'org.springframework.data.redis.cache.RedisCache' (OnClassCondition)

   CacheMetricsAutoConfiguration:
      Did not match:
         - @ConditionalOnBean (types: org.springframework.cache.CacheManager; SearchStrategy: all) did not find any beans of type org.springframework.cache.CacheManager (OnBeanCondition)

   CachesEndpointAutoConfiguration:
      Did not match:
         - @ConditionalOnAvailableEndpoint no 'management.endpoints' property marked it as exposed (OnAvailableEndpointCondition)
      Matched:
         - @ConditionalOnClass found required class 'org.springframework.cache.CacheManager' (OnClassCondition)

   CaffeineCacheConfiguration:
      Did not match:
         - @ConditionalOnClass did not find required class 'com.github.benmanes.caffeine.cache.Caffeine' (OnClassCondition)

   CassandraAutoConfiguration:
      Did not match:
         - @ConditionalOnClass did not find required class 'com.datastax.oss.driver.api.core.CqlSession' (OnClassCondition)

   CassandraDataAutoConfiguration:
      Did not match:
         - @ConditionalOnClass did not find required class 'com.datastax.oss.driver.api.core.CqlSession' (OnClassCondition)

   CassandraHealthContributorAutoConfiguration:
      Did not match:
         - @ConditionalOnClass did not find required class 'com.datastax.oss.driver.api.core.CqlSession' (OnClassCondition)

   CassandraReactiveDataAutoConfiguration:
      Did not match:
         - @ConditionalOnClass did not find required class 'com.datastax.oss.driver.api.core.CqlSession' (OnClassCondition)

   CassandraReactiveHealthContributorAutoConfiguration:
      Did not match:
         - @ConditionalOnClass did not find required class 'com.datastax.oss.driver.api.core.CqlSession' (OnClassCondition)

   CassandraReactiveRepositoriesAutoConfiguration:
      Did not match:
         - @ConditionalOnClass did not find required class 'org.springframework.data.cassandra.ReactiveSession' (OnClassCondition)

   CassandraRepositoriesAutoConfiguration:
      Did not match:
         - @ConditionalOnClass did not find required class 'com.datastax.oss.driver.api.core.CqlSession' (OnClassCondition)

   ClientHttpConnectorAutoConfiguration:
      Did not match:
         - @ConditionalOnClass did not find required class 'org.springframework.web.reactive.function.client.WebClient' (OnClassCondition)

   CloudFoundryActuatorAutoConfiguration:
      Did not match:
         - @ConditionalOnCloudPlatform did not find CLOUD_FOUNDRY (OnCloudPlatformCondition)
      Matched:
         - @ConditionalOnClass found required class 'org.springframework.web.servlet.DispatcherServlet' (OnClassCondition)
         - found 'session' scope (OnWebApplicationCondition)
         - @ConditionalOnProperty (management.cloudfoundry.enabled) matched (OnPropertyCondition)

   CodecsAutoConfiguration:
      Did not match:
         - @ConditionalOnClass did not find required class 'org.springframework.web.reactive.function.client.WebClient' (OnClassCondition)

   CompositeMeterRegistryConfiguration:
      Did not match:
         - NoneNestedConditions 1 matched 1 did not; NestedCondition on CompositeMeterRegistryConfiguration.MultipleNonPrimaryMeterRegistriesCondition.SingleInjectableMeterRegistry @ConditionalOnSingleCandidate (types: io.micrometer.core.instrument.MeterRegistry; SearchStrategy: all) found a single bean 'simpleMeterRegistry'; NestedCondition on CompositeMeterRegistryConfiguration.MultipleNonPrimaryMeterRegistriesCondition.NoMeterRegistryCondition @ConditionalOnMissingBean (types: io.micrometer.core.instrument.MeterRegistry; SearchStrategy: all) found beans of type 'io.micrometer.core.instrument.MeterRegistry' simpleMeterRegistry (CompositeMeterRegistryConfiguration.MultipleNonPrimaryMeterRegistriesCondition)

   ConditionsReportEndpointAutoConfiguration:
      Did not match:
         - @ConditionalOnAvailableEndpoint no 'management.endpoints' property marked it as exposed (OnAvailableEndpointCondition)

   ConfigurationPropertiesReportEndpointAutoConfiguration:
      Did not match:
         - @ConditionalOnAvailableEndpoint no 'management.endpoints' property marked it as exposed (OnAvailableEndpointCondition)

   ConnectionFactoryHealthContributorAutoConfiguration:
      Did not match:
         - @ConditionalOnClass did not find required class 'io.r2dbc.spi.ConnectionFactory' (OnClassCondition)

   ConnectionPoolMetricsAutoConfiguration:
      Did not match:
         - @ConditionalOnClass did not find required class 'io.r2dbc.pool.ConnectionPool' (OnClassCondition)

   CouchbaseAutoConfiguration:
      Did not match:
         - @ConditionalOnClass did not find required class 'com.couchbase.client.java.Cluster' (OnClassCondition)

   CouchbaseCacheConfiguration:
      Did not match:
         - @ConditionalOnClass did not find required class 'com.couchbase.client.java.Cluster' (OnClassCondition)

   CouchbaseDataAutoConfiguration:
      Did not match:
         - @ConditionalOnClass did not find required class 'com.couchbase.client.java.Bucket' (OnClassCondition)

   CouchbaseHealthContributorAutoConfiguration:
      Did not match:
         - @ConditionalOnClass did not find required class 'com.couchbase.client.java.Cluster' (OnClassCondition)

   CouchbaseReactiveDataAutoConfiguration:
      Did not match:
         - @ConditionalOnClass did not find required class 'com.couchbase.client.java.Cluster' (OnClassCondition)

   CouchbaseReactiveHealthContributorAutoConfiguration:
      Did not match:
         - @ConditionalOnClass did not find required class 'com.couchbase.client.java.Cluster' (OnClassCondition)

   CouchbaseReactiveRepositoriesAutoConfiguration:
      Did not match:
         - @ConditionalOnClass did not find required class 'com.couchbase.client.java.Cluster' (OnClassCondition)

   CouchbaseRepositoriesAutoConfiguration:
      Did not match:
         - @ConditionalOnClass did not find required class 'com.couchbase.client.java.Bucket' (OnClassCondition)

   DataSourceAutoConfiguration.EmbeddedDatabaseConfiguration:
      Did not match:
         - EmbeddedDataSource spring.datasource.url is set (DataSourceAutoConfiguration.EmbeddedDatabaseCondition)

   DataSourceCheckpointRestoreConfiguration:
      Did not match:
         - @ConditionalOnClass did not find required class 'org.crac.Resource' (OnClassCondition)

   DataSourceConfiguration.Dbcp2:
      Did not match:
         - @ConditionalOnClass did not find required class 'org.apache.commons.dbcp2.BasicDataSource' (OnClassCondition)

   DataSourceConfiguration.Generic:
      Did not match:
         - @ConditionalOnProperty (spring.datasource.type) did not find property 'spring.datasource.type' (OnPropertyCondition)

   DataSourceConfiguration.OracleUcp:
      Did not match:
         - @ConditionalOnClass did not find required classes 'oracle.ucp.jdbc.PoolDataSourceImpl', 'oracle.jdbc.OracleConnection' (OnClassCondition)

   DataSourceConfiguration.Tomcat:
      Did not match:
         - @ConditionalOnClass did not find required class 'org.apache.tomcat.jdbc.pool.DataSource' (OnClassCondition)

   DataSourceJmxConfiguration.TomcatDataSourceJmxConfiguration:
      Did not match:
         - @ConditionalOnClass did not find required class 'org.apache.tomcat.jdbc.pool.DataSourceProxy' (OnClassCondition)

   DataSourcePoolMetadataProvidersConfiguration.CommonsDbcp2PoolDataSourceMetadataProviderConfiguration:
      Did not match:
         - @ConditionalOnClass did not find required class 'org.apache.commons.dbcp2.BasicDataSource' (OnClassCondition)

   DataSourcePoolMetadataProvidersConfiguration.OracleUcpPoolDataSourceMetadataProviderConfiguration:
      Did not match:
         - @ConditionalOnClass did not find required classes 'oracle.ucp.jdbc.PoolDataSource', 'oracle.jdbc.OracleConnection' (OnClassCondition)

   DataSourcePoolMetadataProvidersConfiguration.TomcatDataSourcePoolMetadataProviderConfiguration:
      Did not match:
         - @ConditionalOnClass did not find required class 'org.apache.tomcat.jdbc.pool.DataSource' (OnClassCondition)

   DataSourceTransactionManagerAutoConfiguration.JdbcTransactionManagerConfiguration#transactionManager:
      Did not match:
         - @ConditionalOnMissingBean (types: org.springframework.transaction.TransactionManager; SearchStrategy: all) found beans of type 'org.springframework.transaction.TransactionManager' transactionManager (OnBeanCondition)

   DatadogMetricsExportAutoConfiguration:
      Did not match:
         - @ConditionalOnClass did not find required class 'io.micrometer.datadog.DatadogMeterRegistry' (OnClassCondition)

   DispatcherServletAutoConfiguration.DispatcherServletConfiguration#multipartResolver:
      Did not match:
         - @ConditionalOnBean (types: org.springframework.web.multipart.MultipartResolver; SearchStrategy: all) did not find any beans of type org.springframework.web.multipart.MultipartResolver (OnBeanCondition)

   DynatraceMetricsExportAutoConfiguration:
      Did not match:
         - @ConditionalOnClass did not find required class 'io.micrometer.dynatrace.DynatraceMeterRegistry' (OnClassCondition)

   ElasticMetricsExportAutoConfiguration:
      Did not match:
         - @ConditionalOnClass did not find required class 'io.micrometer.elastic.ElasticMeterRegistry' (OnClassCondition)

   ElasticsearchClientAutoConfiguration:
      Did not match:
         - @ConditionalOnClass did not find required class 'co.elastic.clients.elasticsearch.ElasticsearchClient' (OnClassCondition)

   ElasticsearchDataAutoConfiguration:
      Did not match:
         - @ConditionalOnClass did not find required class 'org.springframework.data.elasticsearch.client.elc.ElasticsearchTemplate' (OnClassCondition)

   ElasticsearchReactiveHealthContributorAutoConfiguration:
      Did not match:
         - @ConditionalOnClass did not find required class 'reactor.core.publisher.Flux' (OnClassCondition)

   ElasticsearchRepositoriesAutoConfiguration:
      Did not match:
         - @ConditionalOnClass did not find required class 'org.springframework.data.elasticsearch.repository.ElasticsearchRepository' (OnClassCondition)

   ElasticsearchRestClientAutoConfiguration:
      Did not match:
         - @ConditionalOnClass did not find required class 'org.elasticsearch.client.RestClientBuilder' (OnClassCondition)

   ElasticsearchRestHealthContributorAutoConfiguration:
      Did not match:
         - @ConditionalOnClass did not find required class 'org.elasticsearch.client.RestClient' (OnClassCondition)

   EmbeddedLdapAutoConfiguration:
      Did not match:
         - @ConditionalOnClass did not find required class 'com.unboundid.ldap.listener.InMemoryDirectoryServer' (OnClassCondition)

   EmbeddedWebServerFactoryCustomizerAutoConfiguration.JettyWebServerFactoryCustomizerConfiguration:
      Did not match:
         - @ConditionalOnClass did not find required classes 'org.eclipse.jetty.server.Server', 'org.eclipse.jetty.util.Loader', 'org.eclipse.jetty.ee10.webapp.WebAppContext' (OnClassCondition)

   EmbeddedWebServerFactoryCustomizerAutoConfiguration.NettyWebServerFactoryCustomizerConfiguration:
      Did not match:
         - @ConditionalOnClass did not find required class 'reactor.netty.http.server.HttpServer' (OnClassCondition)

   EmbeddedWebServerFactoryCustomizerAutoConfiguration.TomcatWebServerFactoryCustomizerConfiguration#tomcatVirtualThreadsProtocolHandlerCustomizer:
      Did not match:
         - @ConditionalOnThreading did not find VIRTUAL (OnThreadingCondition)

   EmbeddedWebServerFactoryCustomizerAutoConfiguration.UndertowWebServerFactoryCustomizerConfiguration:
      Did not match:
         - @ConditionalOnClass did not find required classes 'io.undertow.Undertow', 'org.xnio.SslClientAuthMode' (OnClassCondition)

   EnvironmentEndpointAutoConfiguration:
      Did not match:
         - @ConditionalOnAvailableEndpoint no 'management.endpoints' property marked it as exposed (OnAvailableEndpointCondition)

   ErrorWebFluxAutoConfiguration:
      Did not match:
         - @ConditionalOnClass did not find required class 'org.springframework.web.reactive.config.WebFluxConfigurer' (OnClassCondition)

   FlywayAutoConfiguration:
      Did not match:
         - @ConditionalOnClass did not find required class 'org.flywaydb.core.Flyway' (OnClassCondition)

   FlywayEndpointAutoConfiguration:
      Did not match:
         - @ConditionalOnClass did not find required class 'org.flywaydb.core.Flyway' (OnClassCondition)

   FreeMarkerAutoConfiguration:
      Did not match:
         - @ConditionalOnClass did not find required class 'freemarker.template.Configuration' (OnClassCondition)

   GangliaMetricsExportAutoConfiguration:
      Did not match:
         - @ConditionalOnClass did not find required class 'io.micrometer.ganglia.GangliaMeterRegistry' (OnClassCondition)

   GraphQlAutoConfiguration:
      Did not match:
         - @ConditionalOnClass did not find required class 'graphql.GraphQL' (OnClassCondition)

   GraphQlObservationAutoConfiguration:
      Did not match:
         - @ConditionalOnClass did not find required class 'graphql.GraphQL' (OnClassCondition)

   GraphQlQueryByExampleAutoConfiguration:
      Did not match:
         - @ConditionalOnClass did not find required class 'graphql.GraphQL' (OnClassCondition)

   GraphQlQuerydslAutoConfiguration:
      Did not match:
         - @ConditionalOnClass did not find required class 'com.querydsl.core.Query' (OnClassCondition)

   GraphQlRSocketAutoConfiguration:
      Did not match:
         - @ConditionalOnClass did not find required class 'graphql.GraphQL' (OnClassCondition)

   GraphQlReactiveQueryByExampleAutoConfiguration:
      Did not match:
         - @ConditionalOnClass did not find required class 'graphql.GraphQL' (OnClassCondition)

   GraphQlReactiveQuerydslAutoConfiguration:
      Did not match:
         - @ConditionalOnClass did not find required class 'com.querydsl.core.Query' (OnClassCondition)

   GraphQlWebFluxAutoConfiguration:
      Did not match:
         - @ConditionalOnClass did not find required class 'graphql.GraphQL' (OnClassCondition)

   GraphQlWebFluxSecurityAutoConfiguration:
      Did not match:
         - @ConditionalOnClass did not find required class 'graphql.GraphQL' (OnClassCondition)

   GraphQlWebMvcAutoConfiguration:
      Did not match:
         - @ConditionalOnClass did not find required class 'graphql.GraphQL' (OnClassCondition)

   GraphQlWebMvcSecurityAutoConfiguration:
      Did not match:
         - @ConditionalOnClass did not find required class 'graphql.GraphQL' (OnClassCondition)

   GraphiteMetricsExportAutoConfiguration:
      Did not match:
         - @ConditionalOnClass did not find required class 'io.micrometer.graphite.GraphiteMeterRegistry' (OnClassCondition)

   GroovyTemplateAutoConfiguration:
      Did not match:
         - @ConditionalOnClass did not find required class 'groovy.text.markup.MarkupTemplateEngine' (OnClassCondition)

   GsonHttpMessageConvertersConfiguration.GsonHttpMessageConverterConfiguration:
      Did not match:
         - AnyNestedCondition 0 matched 2 did not; NestedCondition on GsonHttpMessageConvertersConfiguration.PreferGsonOrJacksonAndJsonbUnavailableCondition.JacksonJsonbUnavailable NoneNestedConditions 1 matched 1 did not; NestedCondition on GsonHttpMessageConvertersConfiguration.JacksonAndJsonbUnavailableCondition.JsonbPreferred @ConditionalOnProperty (spring.mvc.converters.preferred-json-mapper=jsonb) did not find property 'spring.mvc.converters.preferred-json-mapper'; NestedCondition on GsonHttpMessageConvertersConfiguration.JacksonAndJsonbUnavailableCondition.JacksonAvailable @ConditionalOnBean (types: org.springframework.http.converter.json.MappingJackson2HttpMessageConverter; SearchStrategy: all) found bean 'mappingJackson2HttpMessageConverter'; NestedCondition on GsonHttpMessageConvertersConfiguration.PreferGsonOrJacksonAndJsonbUnavailableCondition.GsonPreferred @ConditionalOnProperty (spring.mvc.converters.preferred-json-mapper=gson) did not find property 'spring.mvc.converters.preferred-json-mapper' (GsonHttpMessageConvertersConfiguration.PreferGsonOrJacksonAndJsonbUnavailableCondition)

   H2ConsoleAutoConfiguration:
      Did not match:
         - @ConditionalOnClass did not find required class 'org.h2.server.web.JakartaWebServlet' (OnClassCondition)

   HazelcastAutoConfiguration:
      Did not match:
         - @ConditionalOnClass did not find required class 'com.hazelcast.core.HazelcastInstance' (OnClassCondition)

   HazelcastCacheConfiguration:
      Did not match:
         - @ConditionalOnClass did not find required class 'com.hazelcast.core.HazelcastInstance' (OnClassCondition)

   HazelcastHealthContributorAutoConfiguration:
      Did not match:
         - @ConditionalOnClass did not find required class 'com.hazelcast.core.HazelcastInstance' (OnClassCondition)

   HazelcastJpaDependencyAutoConfiguration:
      Did not match:
         - @ConditionalOnClass did not find required class 'com.hazelcast.core.HazelcastInstance' (OnClassCondition)

   HealthEndpointReactiveWebExtensionConfiguration:
      Did not match:
         - did not find reactive web application classes (OnWebApplicationCondition)

   HealthEndpointWebExtensionConfiguration.JerseyAdditionalHealthEndpointPathsConfiguration:
      Did not match:
         - @ConditionalOnClass did not find required class 'org.glassfish.jersey.server.ResourceConfig' (OnClassCondition)

   HeapDumpWebEndpointAutoConfiguration:
      Did not match:
         - @ConditionalOnAvailableEndpoint no 'management.endpoints' property marked it as exposed (OnAvailableEndpointCondition)

   HibernateMetricsAutoConfiguration:
      Did not match:
         - @ConditionalOnClass did not find required class 'org.hibernate.stat.HibernateMetrics' (OnClassCondition)

   HttpExchangesAutoConfiguration:
      Did not match:
         - @ConditionalOnBean (types: org.springframework.boot.actuate.web.exchanges.HttpExchangeRepository; SearchStrategy: all) did not find any beans of type org.springframework.boot.actuate.web.exchanges.HttpExchangeRepository (OnBeanCondition)
      Matched:
         - @ConditionalOnWebApplication (required) found 'session' scope (OnWebApplicationCondition)
         - @ConditionalOnProperty (management.httpexchanges.recording.enabled) matched (OnPropertyCondition)

   HttpExchangesAutoConfiguration.ReactiveHttpExchangesConfiguration:
      Did not match:
         - did not find reactive web application classes (OnWebApplicationCondition)
         - Ancestor org.springframework.boot.actuate.autoconfigure.web.exchanges.HttpExchangesAutoConfiguration did not match (ConditionEvaluationReport.AncestorsMatchedCondition)

   HttpExchangesAutoConfiguration.ServletHttpExchangesConfiguration:
      Did not match:
         - Ancestor org.springframework.boot.actuate.autoconfigure.web.exchanges.HttpExchangesAutoConfiguration did not match (ConditionEvaluationReport.AncestorsMatchedCondition)
      Matched:
         - found 'session' scope (OnWebApplicationCondition)

   HttpExchangesEndpointAutoConfiguration:
      Did not match:
         - @ConditionalOnAvailableEndpoint no 'management.endpoints' property marked it as exposed (OnAvailableEndpointCondition)

   HttpHandlerAutoConfiguration:
      Did not match:
         - @ConditionalOnClass did not find required class 'org.springframework.web.reactive.DispatcherHandler' (OnClassCondition)

   HumioMetricsExportAutoConfiguration:
      Did not match:
         - @ConditionalOnClass did not find required class 'io.micrometer.humio.HumioMeterRegistry' (OnClassCondition)

   HypermediaAutoConfiguration:
      Did not match:
         - @ConditionalOnClass did not find required class 'org.springframework.hateoas.EntityModel' (OnClassCondition)

   InfinispanCacheConfiguration:
      Did not match:
         - @ConditionalOnClass did not find required class 'org.infinispan.spring.embedded.provider.SpringEmbeddedCacheManager' (OnClassCondition)

   InfluxDbAutoConfiguration:
      Did not match:
         - @ConditionalOnClass did not find required class 'org.influxdb.InfluxDB' (OnClassCondition)

   InfluxDbHealthContributorAutoConfiguration:
      Did not match:
         - @ConditionalOnClass did not find required class 'org.influxdb.InfluxDB' (OnClassCondition)

   InfluxMetricsExportAutoConfiguration:
      Did not match:
         - @ConditionalOnClass did not find required class 'io.micrometer.influx.InfluxMeterRegistry' (OnClassCondition)

   InfoContributorAutoConfiguration#buildInfoContributor:
      Did not match:
         - @ConditionalOnSingleCandidate (types: org.springframework.boot.info.BuildProperties; SearchStrategy: all) did not find any beans (OnBeanCondition)
      Matched:
         - @ConditionalOnEnabledInfoContributor management.info.defaults.enabled is considered true (OnEnabledInfoContributorCondition)

   InfoContributorAutoConfiguration#envInfoContributor:
      Did not match:
         - @ConditionalOnEnabledInfoContributor management.info.env.enabled is not true (OnEnabledInfoContributorCondition)

   InfoContributorAutoConfiguration#gitInfoContributor:
      Did not match:
         - @ConditionalOnSingleCandidate (types: org.springframework.boot.info.GitProperties; SearchStrategy: all) did not find any beans (OnBeanCondition)
      Matched:
         - @ConditionalOnEnabledInfoContributor management.info.defaults.enabled is considered true (OnEnabledInfoContributorCondition)

   InfoContributorAutoConfiguration#javaInfoContributor:
      Did not match:
         - @ConditionalOnEnabledInfoContributor management.info.java.enabled is not true (OnEnabledInfoContributorCondition)

   InfoContributorAutoConfiguration#osInfoContributor:
      Did not match:
         - @ConditionalOnEnabledInfoContributor management.info.os.enabled is not true (OnEnabledInfoContributorCondition)

   InfoEndpointAutoConfiguration:
      Did not match:
         - @ConditionalOnAvailableEndpoint no 'management.endpoints' property marked it as exposed (OnAvailableEndpointCondition)

   IntegrationAutoConfiguration:
      Did not match:
         - @ConditionalOnClass did not find required class 'org.springframework.integration.config.EnableIntegration' (OnClassCondition)

   IntegrationGraphEndpointAutoConfiguration:
      Did not match:
         - @ConditionalOnClass did not find required class 'org.springframework.integration.graph.IntegrationGraphServer' (OnClassCondition)

   JCacheCacheConfiguration:
      Did not match:
         - @ConditionalOnClass did not find required class 'javax.cache.Caching' (OnClassCondition)

   JacksonHttpMessageConvertersConfiguration.MappingJackson2XmlHttpMessageConverterConfiguration:
      Did not match:
         - @ConditionalOnClass did not find required class 'com.fasterxml.jackson.dataformat.xml.XmlMapper' (OnClassCondition)

   JdbcRepositoriesAutoConfiguration:
      Did not match:
         - @ConditionalOnClass did not find required class 'org.springframework.data.jdbc.repository.config.AbstractJdbcConfiguration' (OnClassCondition)

   JerseyAutoConfiguration:
      Did not match:
         - @ConditionalOnClass did not find required class 'org.glassfish.jersey.server.spring.SpringComponentProvider' (OnClassCondition)

   JerseySameManagementContextConfiguration:
      Did not match:
         - @ConditionalOnClass did not find required class 'org.glassfish.jersey.server.ResourceConfig' (OnClassCondition)

   JerseyServerMetricsAutoConfiguration:
      Did not match:
         - @ConditionalOnClass did not find required class 'io.micrometer.core.instrument.binder.jersey.server.MetricsApplicationEventListener' (OnClassCondition)

   JerseyWebEndpointManagementContextConfiguration:
      Did not match:
         - @ConditionalOnClass did not find required class 'org.glassfish.jersey.server.ResourceConfig' (OnClassCondition)

   JettyMetricsAutoConfiguration:
      Did not match:
         - @ConditionalOnClass did not find required class 'org.eclipse.jetty.server.Server' (OnClassCondition)

   JmsAutoConfiguration:
      Did not match:
         - @ConditionalOnClass did not find required class 'jakarta.jms.Message' (OnClassCondition)

   JmsHealthContributorAutoConfiguration:
      Did not match:
         - @ConditionalOnClass did not find required class 'jakarta.jms.ConnectionFactory' (OnClassCondition)

   JmsTemplateObservationAutoConfiguration:
      Did not match:
         - @ConditionalOnClass did not find required class 'jakarta.jms.Message' (OnClassCondition)

   JmxAutoConfiguration:
      Did not match:
         - @ConditionalOnProperty (spring.jmx.enabled=true) did not find property 'enabled' (OnPropertyCondition)
      Matched:
         - @ConditionalOnClass found required class 'org.springframework.jmx.export.MBeanExporter' (OnClassCondition)

   JmxEndpointAutoConfiguration:
      Did not match:
         - @ConditionalOnProperty (spring.jmx.enabled=true) did not find property 'enabled' (OnPropertyCondition)

   JmxMetricsExportAutoConfiguration:
      Did not match:
         - @ConditionalOnClass did not find required class 'io.micrometer.jmx.JmxMeterRegistry' (OnClassCondition)

   JndiConnectionFactoryAutoConfiguration:
      Did not match:
         - @ConditionalOnClass did not find required class 'org.springframework.jms.core.JmsTemplate' (OnClassCondition)

   JndiDataSourceAutoConfiguration:
      Did not match:
         - @ConditionalOnProperty (spring.datasource.jndi-name) did not find property 'jndi-name' (OnPropertyCondition)
      Matched:
         - @ConditionalOnClass found required classes 'javax.sql.DataSource', 'org.springframework.jdbc.datasource.embedded.EmbeddedDatabaseType' (OnClassCondition)

   JndiJtaConfiguration:
      Did not match:
         - @ConditionalOnJndi JNDI environment is not available (OnJndiCondition)
      Matched:
         - @ConditionalOnClass found required class 'org.springframework.transaction.jta.JtaTransactionManager' (OnClassCondition)

   JooqAutoConfiguration:
      Did not match:
         - @ConditionalOnClass did not find required class 'org.jooq.DSLContext' (OnClassCondition)

   JpaRepositoriesAutoConfiguration#entityManagerFactoryBootstrapExecutorCustomizer:
      Did not match:
         - AnyNestedCondition 0 matched 2 did not; NestedCondition on JpaRepositoriesAutoConfiguration.BootstrapExecutorCondition.LazyBootstrapMode @ConditionalOnProperty (spring.data.jpa.repositories.bootstrap-mode=lazy) did not find property 'bootstrap-mode'; NestedCondition on JpaRepositoriesAutoConfiguration.BootstrapExecutorCondition.DeferredBootstrapMode @ConditionalOnProperty (spring.data.jpa.repositories.bootstrap-mode=deferred) did not find property 'bootstrap-mode' (JpaRepositoriesAutoConfiguration.BootstrapExecutorCondition)

   JsonbAutoConfiguration:
      Did not match:
         - @ConditionalOnClass did not find required class 'jakarta.json.bind.Jsonb' (OnClassCondition)

   JsonbHttpMessageConvertersConfiguration:
      Did not match:
         - @ConditionalOnClass did not find required class 'jakarta.json.bind.Jsonb' (OnClassCondition)

   KafkaAutoConfiguration:
      Did not match:
         - @ConditionalOnClass did not find required class 'org.springframework.kafka.core.KafkaTemplate' (OnClassCondition)

   KafkaMetricsAutoConfiguration:
      Did not match:
         - @ConditionalOnClass did not find required class 'org.springframework.kafka.core.ProducerFactory' (OnClassCondition)

   KairosMetricsExportAutoConfiguration:
      Did not match:
         - @ConditionalOnClass did not find required class 'io.micrometer.kairos.KairosMeterRegistry' (OnClassCondition)

   LdapAutoConfiguration:
      Did not match:
         - @ConditionalOnClass did not find required class 'org.springframework.ldap.core.ContextSource' (OnClassCondition)

   LdapHealthContributorAutoConfiguration:
      Did not match:
         - @ConditionalOnClass did not find required class 'org.springframework.ldap.core.LdapOperations' (OnClassCondition)

   LdapRepositoriesAutoConfiguration:
      Did not match:
         - @ConditionalOnClass did not find required class 'org.springframework.data.ldap.repository.LdapRepository' (OnClassCondition)

   LettuceMetricsAutoConfiguration:
      Did not match:
         - @ConditionalOnClass did not find required class 'io.lettuce.core.metrics.MicrometerCommandLatencyRecorder' (OnClassCondition)

   LiquibaseAutoConfiguration:
      Did not match:
         - @ConditionalOnClass did not find required class 'liquibase.change.DatabaseChange' (OnClassCondition)

   LiquibaseEndpointAutoConfiguration:
      Did not match:
         - @ConditionalOnClass did not find required class 'liquibase.integration.spring.SpringLiquibase' (OnClassCondition)

   Log4J2MetricsAutoConfiguration:
      Did not match:
         - @ConditionalOnClass did not find required class 'org.apache.logging.log4j.core.LoggerContext' (OnClassCondition)

   LogFileWebEndpointAutoConfiguration:
      Did not match:
         - @ConditionalOnAvailableEndpoint no 'management.endpoints' property marked it as exposed (OnAvailableEndpointCondition)

   LoggersEndpointAutoConfiguration:
      Did not match:
         - @ConditionalOnAvailableEndpoint no 'management.endpoints' property marked it as exposed (OnAvailableEndpointCondition)

   MailHealthContributorAutoConfiguration:
      Did not match:
         - @ConditionalOnClass did not find required class 'org.springframework.mail.javamail.JavaMailSenderImpl' (OnClassCondition)

   MailSenderAutoConfiguration:
      Did not match:
         - @ConditionalOnClass did not find required class 'jakarta.mail.internet.MimeMessage' (OnClassCondition)

   MailSenderValidatorAutoConfiguration:
      Did not match:
         - @ConditionalOnSingleCandidate did not find required type 'org.springframework.mail.javamail.JavaMailSenderImpl' (OnBeanCondition)

   ManagementContextAutoConfiguration.DifferentManagementContextConfiguration:
      Did not match:
         - Management Port actual port type (SAME) did not match required type (DIFFERENT) (OnManagementPortCondition)

   ManagementWebSecurityAutoConfiguration:
      Did not match:
         - AllNestedConditions 1 matched 1 did not; NestedCondition on DefaultWebSecurityCondition.Beans @ConditionalOnMissingBean (types: org.springframework.security.web.SecurityFilterChain; SearchStrategy: all) found beans of type 'org.springframework.security.web.SecurityFilterChain' filterChain; NestedCondition on DefaultWebSecurityCondition.Classes @ConditionalOnClass found required classes 'org.springframework.security.web.SecurityFilterChain', 'org.springframework.security.config.annotation.web.builders.HttpSecurity' (DefaultWebSecurityCondition)
      Matched:
         - found 'session' scope (OnWebApplicationCondition)

   MappingsEndpointAutoConfiguration:
      Did not match:
         - @ConditionalOnAvailableEndpoint no 'management.endpoints' property marked it as exposed (OnAvailableEndpointCondition)

   MessageSourceAutoConfiguration:
      Did not match:
         - ResourceBundle did not find bundle with basename messages (MessageSourceAutoConfiguration.ResourceBundleCondition)

   MetricsEndpointAutoConfiguration:
      Did not match:
         - @ConditionalOnAvailableEndpoint no 'management.endpoints' property marked it as exposed (OnAvailableEndpointCondition)
      Matched:
         - @ConditionalOnClass found required class 'io.micrometer.core.annotation.Timed' (OnClassCondition)

   MicrometerTracingAutoConfiguration:
      Did not match:
         - @ConditionalOnClass did not find required class 'io.micrometer.tracing.Tracer' (OnClassCondition)

   MongoAutoConfiguration:
      Did not match:
         - @ConditionalOnClass did not find required class 'com.mongodb.client.MongoClient' (OnClassCondition)

   MongoDataAutoConfiguration:
      Did not match:
         - @ConditionalOnClass did not find required class 'com.mongodb.client.MongoClient' (OnClassCondition)

   MongoHealthContributorAutoConfiguration:
      Did not match:
         - @ConditionalOnClass did not find required class 'org.springframework.data.mongodb.core.MongoTemplate' (OnClassCondition)

   MongoMetricsAutoConfiguration:
      Did not match:
         - @ConditionalOnClass did not find required class 'com.mongodb.MongoClientSettings' (OnClassCondition)

   MongoReactiveAutoConfiguration:
      Did not match:
         - @ConditionalOnClass did not find required class 'com.mongodb.reactivestreams.client.MongoClient' (OnClassCondition)

   MongoReactiveDataAutoConfiguration:
      Did not match:
         - @ConditionalOnClass did not find required class 'com.mongodb.reactivestreams.client.MongoClient' (OnClassCondition)

   MongoReactiveHealthContributorAutoConfiguration:
      Did not match:
         - @ConditionalOnClass did not find required class 'reactor.core.publisher.Flux' (OnClassCondition)

   MongoReactiveRepositoriesAutoConfiguration:
      Did not match:
         - @ConditionalOnClass did not find required class 'com.mongodb.reactivestreams.client.MongoClient' (OnClassCondition)

   MongoRepositoriesAutoConfiguration:
      Did not match:
         - @ConditionalOnClass did not find required class 'com.mongodb.client.MongoClient' (OnClassCondition)

   MultipleOpenApiSupportConfiguration:
      Did not match:
         - AnyNestedCondition 0 matched 2 did not; NestedCondition on MultipleOpenApiSupportCondition.OnActuatorDifferentPort found non-matching nested conditions Management Port actual port type (SAME) did not match required type (DIFFERENT), @ConditionalOnProperty (springdoc.show-actuator) did not find property 'springdoc.show-actuator'; NestedCondition on MultipleOpenApiSupportCondition.OnMultipleOpenApiSupportCondition AnyNestedCondition 0 matched 2 did not; NestedCondition on MultipleOpenApiGroupsCondition.OnGroupConfigProperty @ConditionalOnProperty (springdoc.group-configs[0].group) did not find property 'springdoc.group-configs[0].group'; NestedCondition on MultipleOpenApiGroupsCondition.OnGroupedOpenApiBean @ConditionalOnBean (types: org.springdoc.core.models.GroupedOpenApi; SearchStrategy: all) did not find any beans of type org.springdoc.core.models.GroupedOpenApi (MultipleOpenApiSupportCondition)
      Matched:
         - found 'session' scope (OnWebApplicationCondition)
         - @ConditionalOnProperty (springdoc.api-docs.enabled) matched (OnPropertyCondition)

   MultipleOpenApiSupportConfiguration.SpringDocWebMvcActuatorDifferentConfiguration:
      Did not match:
         - Management Port actual port type (SAME) did not match required type (DIFFERENT) (OnManagementPortCondition)
         - Ancestor org.springdoc.webmvc.core.configuration.MultipleOpenApiSupportConfiguration did not match (ConditionEvaluationReport.AncestorsMatchedCondition)
      Matched:
         - @ConditionalOnClass found required class 'org.springframework.boot.actuate.endpoint.web.servlet.WebMvcEndpointHandlerMapping' (OnClassCondition)

   MustacheAutoConfiguration:
      Did not match:
         - @ConditionalOnClass did not find required class 'com.samskivert.mustache.Mustache' (OnClassCondition)

   Neo4jAutoConfiguration:
      Did not match:
         - @ConditionalOnClass did not find required class 'org.neo4j.driver.Driver' (OnClassCondition)

   Neo4jDataAutoConfiguration:
      Did not match:
         - @ConditionalOnClass did not find required class 'org.neo4j.driver.Driver' (OnClassCondition)

   Neo4jHealthContributorAutoConfiguration:
      Did not match:
         - @ConditionalOnClass did not find required class 'org.neo4j.driver.Driver' (OnClassCondition)

   Neo4jReactiveDataAutoConfiguration:
      Did not match:
         - @ConditionalOnClass did not find required class 'org.neo4j.driver.Driver' (OnClassCondition)

   Neo4jReactiveRepositoriesAutoConfiguration:
      Did not match:
         - @ConditionalOnClass did not find required class 'org.neo4j.driver.Driver' (OnClassCondition)

   Neo4jRepositoriesAutoConfiguration:
      Did not match:
         - @ConditionalOnClass did not find required class 'org.neo4j.driver.Driver' (OnClassCondition)

   NewRelicMetricsExportAutoConfiguration:
      Did not match:
         - @ConditionalOnClass did not find required class 'io.micrometer.newrelic.NewRelicMeterRegistry' (OnClassCondition)

   NoOpMeterRegistryConfiguration:
      Did not match:
         - @ConditionalOnMissingBean (types: io.micrometer.core.instrument.MeterRegistry; SearchStrategy: all) found beans of type 'io.micrometer.core.instrument.MeterRegistry' simpleMeterRegistry (OnBeanCondition)

   OAuth2AuthorizationServerAutoConfiguration:
      Did not match:
         - @ConditionalOnClass did not find required class 'org.springframework.security.oauth2.server.authorization.OAuth2Authorization' (OnClassCondition)

   OAuth2AuthorizationServerJwtAutoConfiguration:
      Did not match:
         - @ConditionalOnClass did not find required class 'org.springframework.security.oauth2.server.authorization.OAuth2Authorization' (OnClassCondition)

   OAuth2ClientAutoConfiguration:
      Did not match:
         - @ConditionalOnClass did not find required class 'org.springframework.security.oauth2.client.registration.ClientRegistration' (OnClassCondition)

   OAuth2ResourceServerAutoConfiguration:
      Did not match:
         - @ConditionalOnClass did not find required class 'org.springframework.security.oauth2.server.resource.authentication.BearerTokenAuthenticationToken' (OnClassCondition)

   ObservationAutoConfiguration.MeterObservationHandlerConfiguration.TracingAndMetricsObservationHandlerConfiguration:
      Did not match:
         - @ConditionalOnBean did not find required type 'io.micrometer.tracing.Tracer' (OnBeanCondition)
         - @ConditionalOnBean (types: io.micrometer.tracing.Tracer; SearchStrategy: all) did not find any beans of type io.micrometer.tracing.Tracer (OnBeanCondition)

   ObservationAutoConfiguration.MetricsWithTracingConfiguration:
      Did not match:
         - @ConditionalOnClass did not find required class 'io.micrometer.tracing.Tracer' (OnClassCondition)

   ObservationAutoConfiguration.OnlyTracingConfiguration:
      Did not match:
         - @ConditionalOnClass did not find required class 'io.micrometer.tracing.Tracer' (OnClassCondition)

   org.springframework.boot.actuate.autoconfigure.opentelemetry.OpenTelemetryAutoConfiguration:
      Did not match:
         - @ConditionalOnClass did not find required class 'io.opentelemetry.sdk.OpenTelemetrySdk' (OnClassCondition)

   org.springframework.boot.actuate.autoconfigure.tracing.OpenTelemetryAutoConfiguration:
      Did not match:
         - @ConditionalOnClass did not find required class 'io.micrometer.tracing.otel.bridge.OtelTracer' (OnClassCondition)

   OtlpAutoConfiguration:
      Did not match:
         - @ConditionalOnClass did not find required class 'io.micrometer.tracing.otel.bridge.OtelTracer' (OnClassCondition)

   OtlpMetricsExportAutoConfiguration:
      Did not match:
         - @ConditionalOnClass did not find required class 'io.micrometer.registry.otlp.OtlpMeterRegistry' (OnClassCondition)

   ProjectInfoAutoConfiguration#buildProperties:
      Did not match:
         - @ConditionalOnResource did not find resource '${spring.info.build.location:classpath:META-INF/build-info.properties}' (OnResourceCondition)

   ProjectInfoAutoConfiguration#gitProperties:
      Did not match:
         - GitResource did not find git info at classpath:git.properties (ProjectInfoAutoConfiguration.GitResourceAvailableCondition)

   PrometheusExemplarsAutoConfiguration:
      Did not match:
         - @ConditionalOnClass did not find required class 'io.micrometer.tracing.Tracer' (OnClassCondition)

   PrometheusMetricsExportAutoConfiguration:
      Did not match:
         - @ConditionalOnClass did not find required class 'io.micrometer.prometheus.PrometheusMeterRegistry' (OnClassCondition)

   PulsarAutoConfiguration:
      Did not match:
         - @ConditionalOnClass did not find required class 'org.apache.pulsar.client.api.PulsarClient' (OnClassCondition)

   PulsarReactiveAutoConfiguration:
      Did not match:
         - @ConditionalOnClass did not find required class 'org.apache.pulsar.client.api.PulsarClient' (OnClassCondition)

   QuartzAutoConfiguration:
      Did not match:
         - @ConditionalOnClass did not find required class 'org.quartz.Scheduler' (OnClassCondition)

   QuartzEndpointAutoConfiguration:
      Did not match:
         - @ConditionalOnClass did not find required class 'org.quartz.Scheduler' (OnClassCondition)

   R2dbcAutoConfiguration:
      Did not match:
         - @ConditionalOnClass did not find required class 'io.r2dbc.spi.ConnectionFactory' (OnClassCondition)

   R2dbcDataAutoConfiguration:
      Did not match:
         - @ConditionalOnClass did not find required class 'org.springframework.data.r2dbc.core.R2dbcEntityTemplate' (OnClassCondition)

   R2dbcInitializationConfiguration:
      Did not match:
         - @ConditionalOnClass did not find required classes 'io.r2dbc.spi.ConnectionFactory', 'org.springframework.r2dbc.connection.init.DatabasePopulator' (OnClassCondition)

   R2dbcObservationAutoConfiguration:
      Did not match:
         - @ConditionalOnClass did not find required class 'io.r2dbc.proxy.ProxyConnectionFactory' (OnClassCondition)

   R2dbcRepositoriesAutoConfiguration:
      Did not match:
         - @ConditionalOnClass did not find required class 'io.r2dbc.spi.ConnectionFactory' (OnClassCondition)

   R2dbcTransactionManagerAutoConfiguration:
      Did not match:
         - @ConditionalOnClass did not find required class 'org.springframework.r2dbc.connection.R2dbcTransactionManager' (OnClassCondition)

   RSocketGraphQlClientAutoConfiguration:
      Did not match:
         - @ConditionalOnClass did not find required class 'graphql.GraphQL' (OnClassCondition)

   RSocketMessagingAutoConfiguration:
      Did not match:
         - @ConditionalOnClass did not find required class 'io.rsocket.RSocket' (OnClassCondition)

   RSocketRequesterAutoConfiguration:
      Did not match:
         - @ConditionalOnClass did not find required class 'io.rsocket.RSocket' (OnClassCondition)

   RSocketSecurityAutoConfiguration:
      Did not match:
         - @ConditionalOnClass did not find required class 'org.springframework.security.rsocket.core.SecuritySocketAcceptorInterceptor' (OnClassCondition)

   RSocketServerAutoConfiguration:
      Did not match:
         - @ConditionalOnClass did not find required class 'io.rsocket.core.RSocketServer' (OnClassCondition)

   RSocketStrategiesAutoConfiguration:
      Did not match:
         - @ConditionalOnClass did not find required class 'io.rsocket.RSocket' (OnClassCondition)

   RabbitAutoConfiguration:
      Did not match:
         - @ConditionalOnClass did not find required class 'com.rabbitmq.client.Channel' (OnClassCondition)

   RabbitHealthContributorAutoConfiguration:
      Did not match:
         - @ConditionalOnClass did not find required class 'org.springframework.amqp.rabbit.core.RabbitTemplate' (OnClassCondition)

   RabbitMetricsAutoConfiguration:
      Did not match:
         - @ConditionalOnClass did not find required class 'com.rabbitmq.client.ConnectionFactory' (OnClassCondition)

   ReactiveCloudFoundryActuatorAutoConfiguration:
      Did not match:
         - @ConditionalOnWebApplication did not find reactive web application classes (OnWebApplicationCondition)

   ReactiveElasticsearchClientAutoConfiguration:
      Did not match:
         - @ConditionalOnClass did not find required class 'co.elastic.clients.transport.ElasticsearchTransport' (OnClassCondition)

   ReactiveElasticsearchRepositoriesAutoConfiguration:
      Did not match:
         - @ConditionalOnClass did not find required class 'org.springframework.data.elasticsearch.client.elc.ReactiveElasticsearchClient' (OnClassCondition)

   ReactiveHealthEndpointConfiguration:
      Did not match:
         - @ConditionalOnClass did not find required class 'reactor.core.publisher.Flux' (OnClassCondition)

   ReactiveManagementContextAutoConfiguration:
      Did not match:
         - @ConditionalOnClass did not find required class 'reactor.core.publisher.Flux' (OnClassCondition)

   ReactiveManagementWebSecurityAutoConfiguration:
      Did not match:
         - @ConditionalOnWebApplication did not find reactive web application classes (OnWebApplicationCondition)

   ReactiveMultipartAutoConfiguration:
      Did not match:
         - @ConditionalOnClass did not find required class 'org.springframework.web.reactive.config.WebFluxConfigurer' (OnClassCondition)

   ReactiveOAuth2ClientAutoConfiguration:
      Did not match:
         - @ConditionalOnClass did not find required class 'reactor.core.publisher.Flux' (OnClassCondition)

   ReactiveOAuth2ResourceServerAutoConfiguration:
      Did not match:
         - @ConditionalOnWebApplication did not find reactive web application classes (OnWebApplicationCondition)

   ReactiveSecurityAutoConfiguration:
      Did not match:
         - @ConditionalOnClass did not find required class 'reactor.core.publisher.Flux' (OnClassCondition)

   ReactiveUserDetailsServiceAutoConfiguration:
      Did not match:
         - AnyNestedCondition 0 matched 2 did not; NestedCondition on ReactiveUserDetailsServiceAutoConfiguration.ReactiveUserDetailsServiceCondition.ReactiveWebApplicationCondition did not find reactive web application classes; NestedCondition on ReactiveUserDetailsServiceAutoConfiguration.ReactiveUserDetailsServiceCondition.RSocketSecurityEnabledCondition @ConditionalOnBean (types: org.springframework.messaging.rsocket.annotation.support.RSocketMessageHandler; SearchStrategy: all) did not find any beans of type org.springframework.messaging.rsocket.annotation.support.RSocketMessageHandler (ReactiveUserDetailsServiceAutoConfiguration.ReactiveUserDetailsServiceCondition)
      Matched:
         - @ConditionalOnClass found required class 'org.springframework.security.authentication.ReactiveAuthenticationManager'; @ConditionalOnMissingClass did not find unwanted classes 'org.springframework.security.oauth2.client.registration.ClientRegistrationRepository', 'org.springframework.security.oauth2.server.resource.introspection.ReactiveOpaqueTokenIntrospector' (OnClassCondition)

   ReactiveWebServerFactoryAutoConfiguration:
      Did not match:
         - @ConditionalOnWebApplication did not find reactive web application classes (OnWebApplicationCondition)

   ReactorAutoConfiguration:
      Did not match:
         - @ConditionalOnClass did not find required class 'reactor.core.publisher.Hooks' (OnClassCondition)

   RedisAutoConfiguration:
      Did not match:
         - @ConditionalOnClass did not find required class 'org.springframework.data.redis.core.RedisOperations' (OnClassCondition)

   RedisCacheConfiguration:
      Did not match:
         - @ConditionalOnClass did not find required class 'org.springframework.data.redis.connection.RedisConnectionFactory' (OnClassCondition)

   RedisHealthContributorAutoConfiguration:
      Did not match:
         - @ConditionalOnClass did not find required class 'org.springframework.data.redis.connection.RedisConnectionFactory' (OnClassCondition)

   RedisReactiveAutoConfiguration:
      Did not match:
         - @ConditionalOnClass did not find required class 'reactor.core.publisher.Flux' (OnClassCondition)

   RedisReactiveHealthContributorAutoConfiguration:
      Did not match:
         - @ConditionalOnClass did not find required class 'reactor.core.publisher.Flux' (OnClassCondition)

   RedisRepositoriesAutoConfiguration:
      Did not match:
         - @ConditionalOnClass did not find required class 'org.springframework.data.redis.repository.configuration.EnableRedisRepositories' (OnClassCondition)

   RepositoryRestMvcAutoConfiguration:
      Did not match:
         - @ConditionalOnClass did not find required class 'org.springframework.data.rest.webmvc.config.RepositoryRestMvcConfiguration' (OnClassCondition)

   Saml2RelyingPartyAutoConfiguration:
      Did not match:
         - @ConditionalOnClass did not find required class 'org.springframework.security.saml2.provider.service.registration.RelyingPartyRegistrationRepository' (OnClassCondition)

   ScheduledTasksEndpointAutoConfiguration:
      Did not match:
         - @ConditionalOnAvailableEndpoint no 'management.endpoints' property marked it as exposed (OnAvailableEndpointCondition)

   SecurityDataConfiguration:
      Did not match:
         - @ConditionalOnClass did not find required class 'org.springframework.security.data.repository.query.SecurityEvaluationContextExtension' (OnClassCondition)

   SecurityRequestMatchersManagementContextConfiguration.JerseyRequestMatcherConfiguration:
      Did not match:
         - @ConditionalOnClass did not find required class 'org.glassfish.jersey.server.ResourceConfig' (OnClassCondition)

   SendGridAutoConfiguration:
      Did not match:
         - @ConditionalOnClass did not find required class 'com.sendgrid.SendGrid' (OnClassCondition)

   ServletEndpointManagementContextConfiguration.JerseyServletEndpointManagementContextConfiguration:
      Did not match:
         - @ConditionalOnClass did not find required class 'org.glassfish.jersey.server.ResourceConfig' (OnClassCondition)

   ServletManagementContextAutoConfiguration.ApplicationContextFilterConfiguration:
      Did not match:
         - @ConditionalOnProperty (management.server.add-application-context-header=true) did not find property 'add-application-context-header' (OnPropertyCondition)

   ServletWebServerFactoryAutoConfiguration.ForwardedHeaderFilterConfiguration:
      Did not match:
         - @ConditionalOnProperty (server.forward-headers-strategy=framework) did not find property 'server.forward-headers-strategy' (OnPropertyCondition)

   ServletWebServerFactoryConfiguration.EmbeddedJetty:
      Did not match:
         - @ConditionalOnClass did not find required classes 'org.eclipse.jetty.server.Server', 'org.eclipse.jetty.util.Loader', 'org.eclipse.jetty.ee10.webapp.WebAppContext' (OnClassCondition)

   ServletWebServerFactoryConfiguration.EmbeddedUndertow:
      Did not match:
         - @ConditionalOnClass did not find required classes 'io.undertow.Undertow', 'org.xnio.SslClientAuthMode' (OnClassCondition)

   SessionAutoConfiguration:
      Did not match:
         - @ConditionalOnClass did not find required class 'org.springframework.session.Session' (OnClassCondition)

   SessionsEndpointAutoConfiguration:
      Did not match:
         - @ConditionalOnClass did not find required class 'org.springframework.session.FindByIndexNameSessionRepository' (OnClassCondition)

   ShutdownEndpointAutoConfiguration:
      Did not match:
         - @ConditionalOnAvailableEndpoint no property management.endpoint.shutdown.enabled found so using endpoint default of false (OnAvailableEndpointCondition)

   SignalFxMetricsExportAutoConfiguration:
      Did not match:
         - @ConditionalOnClass did not find required class 'io.micrometer.signalfx.SignalFxMeterRegistry' (OnClassCondition)

   SpringApplicationAdminJmxAutoConfiguration:
      Did not match:
         - @ConditionalOnProperty (spring.application.admin.enabled=true) did not find property 'enabled' (OnPropertyCondition)

   SpringBootWebSecurityConfiguration.SecurityFilterChainConfiguration:
      Did not match:
         - AllNestedConditions 1 matched 1 did not; NestedCondition on DefaultWebSecurityCondition.Beans @ConditionalOnMissingBean (types: org.springframework.security.web.SecurityFilterChain; SearchStrategy: all) found beans of type 'org.springframework.security.web.SecurityFilterChain' filterChain; NestedCondition on DefaultWebSecurityCondition.Classes @ConditionalOnClass found required classes 'org.springframework.security.web.SecurityFilterChain', 'org.springframework.security.config.annotation.web.builders.HttpSecurity' (DefaultWebSecurityCondition)

   SpringDocConfiguration#propertiesResolverForSchema:
      Did not match:
         - @ConditionalOnProperty (springdoc.api-docs.resolve-schema-properties) did not find property 'springdoc.api-docs.resolve-schema-properties' (OnPropertyCondition)

   SpringDocConfiguration#propertyCustomizingConverter:
      Did not match:
         - @ConditionalOnBean (types: org.springdoc.core.customizers.PropertyCustomizer; SearchStrategy: all) did not find any beans of type org.springdoc.core.customizers.PropertyCustomizer (OnBeanCondition)

   SpringDocConfiguration#springdocBeanFactoryPostProcessor:
      Did not match:
         - AnyNestedCondition 0 matched 2 did not; NestedCondition on CacheOrGroupedOpenApiCondition.OnCacheDisabled found non-matching nested conditions @ConditionalOnProperty (springdoc.cache.disabled) did not find property 'springdoc.cache.disabled'; NestedCondition on CacheOrGroupedOpenApiCondition.OnMultipleOpenApiSupportCondition AnyNestedCondition 0 matched 2 did not; NestedCondition on MultipleOpenApiSupportCondition.OnActuatorDifferentPort found non-matching nested conditions Management Port actual port type (SAME) did not match required type (DIFFERENT), @ConditionalOnProperty (springdoc.show-actuator) did not find property 'springdoc.show-actuator'; NestedCondition on MultipleOpenApiSupportCondition.OnMultipleOpenApiSupportCondition AnyNestedCondition 0 matched 2 did not; NestedCondition on MultipleOpenApiGroupsCondition.OnGroupConfigProperty @ConditionalOnProperty (springdoc.group-configs[0].group) did not find property 'springdoc.group-configs[0].group'; NestedCondition on MultipleOpenApiGroupsCondition.OnGroupedOpenApiBean @ConditionalOnBean (types: org.springdoc.core.models.GroupedOpenApi; SearchStrategy: all) did not find any beans of type org.springdoc.core.models.GroupedOpenApi (CacheOrGroupedOpenApiCondition)
      Matched:
         - @ConditionalOnClass found required class 'org.springframework.boot.context.properties.bind.BindResult' (OnClassCondition)

   SpringDocConfiguration#springdocBeanFactoryPostProcessor2:
      Did not match:
         - @ConditionalOnMissingClass found unwanted class 'org.springframework.boot.context.properties.bind.BindResult' (OnClassCondition)

   SpringDocConfiguration.SpringDocActuatorConfiguration:
      Did not match:
         - @ConditionalOnProperty (springdoc.show-actuator) did not find property 'springdoc.show-actuator' (OnPropertyCondition)
      Matched:
         - @ConditionalOnClass found required class 'org.springframework.boot.actuate.autoconfigure.endpoint.web.WebEndpointProperties' (OnClassCondition)

   SpringDocConfiguration.SpringDocRepositoryRestConfiguration:
      Did not match:
         - @ConditionalOnClass did not find required class 'org.springframework.data.rest.core.config.RepositoryRestConfiguration' (OnClassCondition)

   SpringDocConfiguration.SpringDocWebFluxSupportConfiguration:
      Did not match:
         - @ConditionalOnClass did not find required class 'reactor.core.publisher.Flux' (OnClassCondition)

   SpringDocDataRestConfiguration:
      Did not match:
         - @ConditionalOnClass did not find required class 'org.springframework.data.rest.core.config.RepositoryRestConfiguration' (OnClassCondition)

   SpringDocFunctionCatalogConfiguration:
      Did not match:
         - @ConditionalOnClass did not find required class 'org.springframework.cloud.function.web.function.FunctionEndpointInitializer' (OnClassCondition)

   SpringDocGroovyConfiguration:
      Did not match:
         - @ConditionalOnClass did not find required class 'groovy.lang.MetaClass' (OnClassCondition)

   SpringDocHateoasConfiguration:
      Did not match:
         - @ConditionalOnClass did not find required class 'org.springframework.hateoas.server.LinkRelationProvider' (OnClassCondition)

   SpringDocJacksonKotlinModuleConfiguration:
      Did not match:
         - @ConditionalOnClass did not find required class 'com.fasterxml.jackson.module.kotlin.KotlinModule' (OnClassCondition)

   SpringDocJavadocConfiguration:
      Did not match:
         - @ConditionalOnClass did not find required class 'com.github.therapi.runtimejavadoc.CommentFormatter' (OnClassCondition)

   SpringDocKotlinConfiguration:
      Did not match:
         - @ConditionalOnClass did not find required class 'kotlin.coroutines.Continuation' (OnClassCondition)

   SpringDocKotlinxConfiguration:
      Did not match:
         - @ConditionalOnClass did not find required class 'kotlinx.coroutines.flow.Flow' (OnClassCondition)

   SpringDocSecurityConfiguration.SpringDocSecurityOAuth2Configuration:
      Did not match:
         - @ConditionalOnClass did not find required class 'org.springframework.security.oauth2.server.authorization.OAuth2AuthorizationService' (OnClassCondition)

   SpringDocSecurityConfiguration.SpringSecurityLoginEndpointConfiguration#springSecurityLoginEndpointCustomiser:
      Did not match:
         - @ConditionalOnProperty (springdoc.show-login-endpoint) did not find property 'springdoc.show-login-endpoint' (OnPropertyCondition)

   SpringDocSortConfiguration#delegatingMethodParameterCustomizer:
      Did not match:
         - @ConditionalOnMissingBean (types: org.springdoc.core.customizers.DelegatingMethodParameterCustomizer; SearchStrategy: all) found beans of type 'org.springdoc.core.customizers.DelegatingMethodParameterCustomizer' delegatingMethodParameterCustomizer (OnBeanCondition)

   SpringDocWebMvcConfiguration.SpringDocWebMvcActuatorConfiguration#actuatorProvider:
      Did not match:
         - @ConditionalOnExpression (#{${springdoc.show-actuator:false} or ${springdoc.use-management-port:false}}) resulted in false (OnExpressionCondition)

   SpringDocWebMvcConfiguration.SpringDocWebMvcActuatorConfiguration#openApiActuatorResource:
      Did not match:
         - @ConditionalOnProperty (springdoc.use-management-port) did not find property 'springdoc.use-management-port' (OnPropertyCondition)

   StackdriverMetricsExportAutoConfiguration:
      Did not match:
         - @ConditionalOnClass did not find required class 'io.micrometer.stackdriver.StackdriverMeterRegistry' (OnClassCondition)

   StartupEndpointAutoConfiguration:
      Did not match:
         - ApplicationStartup configured applicationStartup is of type class org.springframework.core.metrics.DefaultApplicationStartup, expected BufferingApplicationStartup. (StartupEndpointAutoConfiguration.ApplicationStartupCondition)

   StatsdMetricsExportAutoConfiguration:
      Did not match:
         - @ConditionalOnClass did not find required class 'io.micrometer.statsd.StatsdMeterRegistry' (OnClassCondition)

   SwaggerConfig#springWebProvider:
      Did not match:
         - @ConditionalOnMissingBean (types: org.springdoc.core.providers.SpringWebProvider; SearchStrategy: all) found beans of type 'org.springdoc.core.providers.SpringWebProvider' springWebProvider (OnBeanCondition)

   SwaggerConfig#swaggerUiConfigParameters:
      Did not match:
         - @ConditionalOnMissingBean (types: org.springdoc.core.properties.SwaggerUiConfigParameters; SearchStrategy: all) found beans of type 'org.springdoc.core.properties.SwaggerUiConfigParameters' org.springdoc.core.properties.SwaggerUiConfigParameters (OnBeanCondition)

   SwaggerConfig#swaggerUiHome:
      Did not match:
         - @ConditionalOnProperty (springdoc.swagger-ui.use-root-path=true) did not find property 'springdoc.swagger-ui.use-root-path' (OnPropertyCondition)

   SwaggerConfig.SwaggerActuatorWelcomeConfiguration:
      Did not match:
         - @ConditionalOnProperty (springdoc.use-management-port) did not find property 'springdoc.use-management-port' (OnPropertyCondition)
      Matched:
         - @ConditionalOnClass found required class 'org.springframework.boot.actuate.endpoint.web.servlet.WebMvcEndpointHandlerMapping' (OnClassCondition)

   TaskExecutorConfigurations.SimpleAsyncTaskExecutorBuilderConfiguration#simpleAsyncTaskExecutorBuilderVirtualThreads:
      Did not match:
         - @ConditionalOnMissingBean (types: org.springframework.boot.task.SimpleAsyncTaskExecutorBuilder; SearchStrategy: all) found beans of type 'org.springframework.boot.task.SimpleAsyncTaskExecutorBuilder' simpleAsyncTaskExecutorBuilder (OnBeanCondition)

   TaskExecutorConfigurations.TaskExecutorConfiguration#applicationTaskExecutorVirtualThreads:
      Did not match:
         - @ConditionalOnThreading did not find VIRTUAL (OnThreadingCondition)

   TaskSchedulingAutoConfiguration#scheduledBeanLazyInitializationExcludeFilter:
      Did not match:
         - @ConditionalOnBean (names: org.springframework.context.annotation.internalScheduledAnnotationProcessor; SearchStrategy: all) did not find any beans named org.springframework.context.annotation.internalScheduledAnnotationProcessor (OnBeanCondition)

   TaskSchedulingConfigurations.SimpleAsyncTaskSchedulerBuilderConfiguration#simpleAsyncTaskSchedulerBuilderVirtualThreads:
      Did not match:
         - @ConditionalOnMissingBean (types: org.springframework.boot.task.SimpleAsyncTaskSchedulerBuilder; SearchStrategy: all) found beans of type 'org.springframework.boot.task.SimpleAsyncTaskSchedulerBuilder' simpleAsyncTaskSchedulerBuilder (OnBeanCondition)

   TaskSchedulingConfigurations.TaskSchedulerConfiguration:
      Did not match:
         - @ConditionalOnBean (names: org.springframework.context.annotation.internalScheduledAnnotationProcessor; SearchStrategy: all) did not find any beans named org.springframework.context.annotation.internalScheduledAnnotationProcessor (OnBeanCondition)

   ThreadDumpEndpointAutoConfiguration:
      Did not match:
         - @ConditionalOnAvailableEndpoint no 'management.endpoints' property marked it as exposed (OnAvailableEndpointCondition)

   ThymeleafAutoConfiguration:
      Did not match:
         - @ConditionalOnClass did not find required class 'org.thymeleaf.spring6.SpringTemplateEngine' (OnClassCondition)

   TransactionAutoConfiguration#transactionalOperator:
      Did not match:
         - @ConditionalOnSingleCandidate (types: org.springframework.transaction.ReactiveTransactionManager; SearchStrategy: all) did not find any beans (OnBeanCondition)

   TransactionAutoConfiguration.AspectJTransactionManagementConfiguration:
      Did not match:
         - @ConditionalOnBean (types: org.springframework.transaction.aspectj.AbstractTransactionAspect; SearchStrategy: all) did not find any beans of type org.springframework.transaction.aspectj.AbstractTransactionAspect (OnBeanCondition)

   TransactionAutoConfiguration.EnableTransactionManagementConfiguration.JdkDynamicAutoProxyConfiguration:
      Did not match:
         - @ConditionalOnProperty (spring.aop.proxy-target-class=false) did not find property 'proxy-target-class' (OnPropertyCondition)

   UserDetailsServiceAutoConfiguration:
      Did not match:
         - @ConditionalOnMissingBean (types: org.springframework.security.authentication.AuthenticationManager,org.springframework.security.authentication.AuthenticationProvider,org.springframework.security.core.userdetails.UserDetailsService,org.springframework.security.authentication.AuthenticationManagerResolver,org.springframework.security.oauth2.jwt.JwtDecoder; SearchStrategy: all) found beans of type 'org.springframework.security.authentication.AuthenticationManager' authenticationManager (OnBeanCondition)
      Matched:
         - @ConditionalOnClass found required class 'org.springframework.security.authentication.AuthenticationManager'; @ConditionalOnMissingClass did not find unwanted classes 'org.springframework.security.oauth2.client.registration.ClientRegistrationRepository', 'org.springframework.security.oauth2.server.resource.introspection.OpaqueTokenIntrospector', 'org.springframework.security.saml2.provider.service.registration.RelyingPartyRegistrationRepository' (OnClassCondition)

   WavefrontAutoConfiguration:
      Did not match:
         - @ConditionalOnClass did not find required class 'com.wavefront.sdk.common.application.ApplicationTags' (OnClassCondition)

   WavefrontMetricsExportAutoConfiguration:
      Did not match:
         - @ConditionalOnClass did not find required class 'com.wavefront.sdk.common.WavefrontSender' (OnClassCondition)

   WavefrontTracingAutoConfiguration:
      Did not match:
         - @ConditionalOnClass did not find required class 'com.wavefront.sdk.common.WavefrontSender' (OnClassCondition)

   WebClientAutoConfiguration:
      Did not match:
         - @ConditionalOnClass did not find required class 'org.springframework.web.reactive.function.client.WebClient' (OnClassCondition)

   WebClientObservationConfiguration:
      Did not match:
         - @ConditionalOnClass did not find required class 'org.springframework.web.reactive.function.client.WebClient' (OnClassCondition)

   WebFluxAutoConfiguration:
      Did not match:
         - @ConditionalOnClass did not find required class 'org.springframework.web.reactive.config.WebFluxConfigurer' (OnClassCondition)

   WebFluxEndpointManagementContextConfiguration:
      Did not match:
         - @ConditionalOnClass did not find required class 'org.springframework.web.reactive.DispatcherHandler' (OnClassCondition)

   WebFluxObservationAutoConfiguration:
      Did not match:
         - @ConditionalOnWebApplication did not find reactive web application classes (OnWebApplicationCondition)

   WebMvcAutoConfiguration#hiddenHttpMethodFilter:
      Did not match:
         - @ConditionalOnProperty (spring.mvc.hiddenmethod.filter.enabled) did not find property 'enabled' (OnPropertyCondition)

   WebMvcAutoConfiguration.ProblemDetailsErrorHandlingConfiguration:
      Did not match:
         - @ConditionalOnProperty (spring.mvc.problemdetails.enabled=true) did not find property 'enabled' (OnPropertyCondition)

   WebMvcAutoConfiguration.ResourceChainCustomizerConfiguration:
      Did not match:
         - @ConditionalOnEnabledResourceChain did not find class org.webjars.WebJarAssetLocator (OnEnabledResourceChainCondition)

   WebMvcAutoConfiguration.WebMvcAutoConfigurationAdapter#beanNameViewResolver:
      Did not match:
         - @ConditionalOnMissingBean (types: org.springframework.web.servlet.view.BeanNameViewResolver; SearchStrategy: all) found beans of type 'org.springframework.web.servlet.view.BeanNameViewResolver' beanNameViewResolver (OnBeanCondition)

   WebMvcEndpointManagementContextConfiguration#managementHealthEndpointWebMvcHandlerMapping:
      Did not match:
         - Management Port actual port type (SAME) did not match required type (DIFFERENT) (OnManagementPortCondition)

   WebServiceTemplateAutoConfiguration:
      Did not match:
         - @ConditionalOnClass did not find required class 'org.springframework.oxm.Marshaller' (OnClassCondition)

   WebServicesAutoConfiguration:
      Did not match:
         - @ConditionalOnClass did not find required class 'org.springframework.ws.transport.http.MessageDispatcherServlet' (OnClassCondition)

   WebSessionIdResolverAutoConfiguration:
      Did not match:
         - @ConditionalOnClass did not find required class 'reactor.core.publisher.Mono' (OnClassCondition)

   WebSocketMessagingAutoConfiguration:
      Did not match:
         - @ConditionalOnClass did not find required class 'org.springframework.web.socket.config.annotation.WebSocketMessageBrokerConfigurer' (OnClassCondition)

   WebSocketReactiveAutoConfiguration:
      Did not match:
         - @ConditionalOnWebApplication did not find reactive web application classes (OnWebApplicationCondition)

   WebSocketServletAutoConfiguration.JettyWebSocketConfiguration:
      Did not match:
         - @ConditionalOnClass did not find required class 'org.eclipse.jetty.ee10.websocket.jakarta.server.config.JakartaWebSocketServletContainerInitializer' (OnClassCondition)

   WebSocketServletAutoConfiguration.UndertowWebSocketConfiguration:
      Did not match:
         - @ConditionalOnClass did not find required class 'io.undertow.websockets.jsr.Bootstrap' (OnClassCondition)

   XADataSourceAutoConfiguration:
      Did not match:
         - @ConditionalOnBean (types: org.springframework.boot.jdbc.XADataSourceWrapper; SearchStrategy: all) did not find any beans of type org.springframework.boot.jdbc.XADataSourceWrapper (OnBeanCondition)
      Matched:
         - @ConditionalOnClass found required classes 'javax.sql.DataSource', 'jakarta.transaction.TransactionManager', 'org.springframework.jdbc.datasource.embedded.EmbeddedDatabaseType' (OnClassCondition)

   ZipkinAutoConfiguration:
      Did not match:
         - @ConditionalOnClass did not find required class 'zipkin2.reporter.Sender' (OnClassCondition)


Exclusions:
-----------

    None


Unconditional classes:
----------------------

    org.springframework.boot.autoconfigure.context.ConfigurationPropertiesAutoConfiguration

    org.springframework.boot.actuate.autoconfigure.availability.AvailabilityHealthContributorAutoConfiguration

    org.springframework.boot.autoconfigure.ssl.SslAutoConfiguration

    org.springframework.boot.actuate.autoconfigure.info.InfoContributorAutoConfiguration

    org.springframework.boot.autoconfigure.context.PropertyPlaceholderAutoConfiguration

    org.springframework.boot.autoconfigure.context.LifecycleAutoConfiguration

    org.springframework.boot.actuate.autoconfigure.metrics.integration.IntegrationMetricsAutoConfiguration

    org.springframework.boot.actuate.autoconfigure.endpoint.EndpointAutoConfiguration

    org.springframework.boot.actuate.autoconfigure.web.server.ManagementContextAutoConfiguration

    org.springframework.boot.actuate.autoconfigure.health.HealthContributorAutoConfiguration

    org.springframework.boot.actuate.autoconfigure.endpoint.jackson.JacksonEndpointAutoConfiguration

    org.springframework.boot.autoconfigure.availability.ApplicationAvailabilityAutoConfiguration

    org.springframework.boot.autoconfigure.info.ProjectInfoAutoConfiguration



2025-12-03T10:53:39.517Z  INFO 15034 --- [           main] c.s.timebeam.TimeBeamBackendApplication  : Started TimeBeamBackendApplication in 3.111 seconds (process running for 3.269)
2025-12-03T10:53:39.555Z DEBUG 15034 --- [           main] o.s.b.a.ApplicationAvailabilityBean      : Application availability state LivenessState changed to CORRECT
2025-12-03T10:53:39.556Z DEBUG 15034 --- [           main] o.s.b.a.ApplicationAvailabilityBean      : Application availability state ReadinessState changed to ACCEPTING_TRAFFIC
2025-12-03T10:53:51.728Z  INFO 15034 --- [0.0-8080-exec-1] o.a.c.c.C.[Tomcat].[localhost].[/]       : Initializing Spring DispatcherServlet 'dispatcherServlet'
2025-12-03T10:53:51.728Z  INFO 15034 --- [0.0-8080-exec-1] o.s.web.servlet.DispatcherServlet        : Initializing Servlet 'dispatcherServlet'
2025-12-03T10:53:51.729Z DEBUG 15034 --- [0.0-8080-exec-1] o.s.web.servlet.DispatcherServlet        : Detected StandardServletMultipartResolver
2025-12-03T10:53:51.729Z DEBUG 15034 --- [0.0-8080-exec-1] o.s.web.servlet.DispatcherServlet        : Detected AcceptHeaderLocaleResolver
2025-12-03T10:53:51.729Z DEBUG 15034 --- [0.0-8080-exec-1] o.s.web.servlet.DispatcherServlet        : Detected FixedThemeResolver
2025-12-03T10:53:51.731Z DEBUG 15034 --- [0.0-8080-exec-1] o.s.web.servlet.DispatcherServlet        : Detected org.springframework.web.servlet.view.DefaultRequestToViewNameTranslator@2ffc9be
2025-12-03T10:53:51.731Z DEBUG 15034 --- [0.0-8080-exec-1] o.s.web.servlet.DispatcherServlet        : Detected org.springframework.web.servlet.support.SessionFlashMapManager@67726dd1
2025-12-03T10:53:51.731Z DEBUG 15034 --- [0.0-8080-exec-1] o.s.web.servlet.DispatcherServlet        : enableLoggingRequestDetails='false': request parameters and headers will be masked to prevent unsafe logging of potentially sensitive data
2025-12-03T10:53:51.731Z  INFO 15034 --- [0.0-8080-exec-1] o.s.web.servlet.DispatcherServlet        : Completed initialization in 3 ms
2025-12-03T10:53:51.743Z DEBUG 15034 --- [0.0-8080-exec-1] o.s.security.web.FilterChainProxy        : Securing GET /actuator/health
2025-12-03T10:53:51.748Z  WARN 15034 --- [0.0-8080-exec-1] o.s.w.s.h.HandlerMappingIntrospector     : Cache miss for REQUEST dispatch to '/actuator/health' (previous null). Performing CorsConfiguration lookup. This is logged once only at WARN level, and every time at TRACE.
2025-12-03T10:53:51.752Z DEBUG 15034 --- [0.0-8080-exec-1] o.s.s.w.a.AnonymousAuthenticationFilter  : Set SecurityContextHolder to anonymous SecurityContext
2025-12-03T10:53:51.753Z  WARN 15034 --- [0.0-8080-exec-1] o.s.w.s.h.HandlerMappingIntrospector     : Cache miss for REQUEST dispatch to '/actuator/health' (previous null). Performing MatchableHandlerMapping lookup. This is logged once only at WARN level, and every time at TRACE.
2025-12-03T10:53:51.757Z DEBUG 15034 --- [0.0-8080-exec-1] o.s.s.w.a.Http403ForbiddenEntryPoint     : Pre-authenticated entry point called. Rejecting access
2025-12-03T10:53:51.760Z DEBUG 15034 --- [0.0-8080-exec-1] o.s.security.web.FilterChainProxy        : Securing GET /error
2025-12-03T10:53:51.762Z DEBUG 15034 --- [0.0-8080-exec-1] o.s.s.w.a.AnonymousAuthenticationFilter  : Set SecurityContextHolder to anonymous SecurityContext
2025-12-03T10:53:51.762Z DEBUG 15034 --- [0.0-8080-exec-1] o.s.s.w.a.Http403ForbiddenEntryPoint     : Pre-authenticated entry point called. Rejecting access
2025-12-03T10:54:07.729Z DEBUG 15034 --- [0.0-8080-exec-3] o.s.security.web.FilterChainProxy        : Securing GET /api/v1/analytics/weekly
2025-12-03T10:54:07.804Z DEBUG 15034 --- [0.0-8080-exec-3] o.s.s.w.a.AnonymousAuthenticationFilter  : Set SecurityContextHolder to anonymous SecurityContext
2025-12-03T10:54:07.807Z DEBUG 15034 --- [0.0-8080-exec-3] o.s.s.w.a.Http403ForbiddenEntryPoint     : Pre-authenticated entry point called. Rejecting access
2025-12-03T10:54:07.809Z DEBUG 15034 --- [0.0-8080-exec-3] o.s.security.web.FilterChainProxy        : Securing GET /error
2025-12-03T10:54:07.811Z DEBUG 15034 --- [0.0-8080-exec-3] o.s.s.w.a.AnonymousAuthenticationFilter  : Set SecurityContextHolder to anonymous SecurityContext
2025-12-03T10:54:07.812Z DEBUG 15034 --- [0.0-8080-exec-3] o.s.s.w.a.Http403ForbiddenEntryPoint     : Pre-authenticated entry point called. Rejecting access
2025-12-03T10:54:09.633Z DEBUG 15034 --- [0.0-8080-exec-4] o.s.security.web.FilterChainProxy        : Securing GET /api/v1/analytics/weekly
2025-12-03T10:54:09.640Z DEBUG 15034 --- [0.0-8080-exec-4] o.s.s.w.a.AnonymousAuthenticationFilter  : Set SecurityContextHolder to anonymous SecurityContext
2025-12-03T10:54:09.641Z DEBUG 15034 --- [0.0-8080-exec-4] o.s.s.w.a.Http403ForbiddenEntryPoint     : Pre-authenticated entry point called. Rejecting access
2025-12-03T10:54:09.642Z DEBUG 15034 --- [0.0-8080-exec-4] o.s.security.web.FilterChainProxy        : Securing GET /error
2025-12-03T10:54:09.644Z DEBUG 15034 --- [0.0-8080-exec-4] o.s.s.w.a.AnonymousAuthenticationFilter  : Set SecurityContextHolder to anonymous SecurityContext
2025-12-03T10:54:09.644Z DEBUG 15034 --- [0.0-8080-exec-4] o.s.s.w.a.Http403ForbiddenEntryPoint     : Pre-authenticated entry point called. Rejecting access
2025-12-03T10:54:34.210Z DEBUG 15034 --- [0.0-8080-exec-5] o.s.security.web.FilterChainProxy        : Securing POST /api/auth/login
2025-12-03T10:54:34.218Z DEBUG 15034 --- [0.0-8080-exec-5] o.s.s.w.a.AnonymousAuthenticationFilter  : Set SecurityContextHolder to anonymous SecurityContext
2025-12-03T10:54:34.256Z DEBUG 15034 --- [0.0-8080-exec-5] o.s.security.web.FilterChainProxy        : Secured POST /api/auth/login
2025-12-03T10:54:34.283Z DEBUG 15034 --- [0.0-8080-exec-5] o.s.web.servlet.DispatcherServlet        : POST "/api/auth/login", parameters={}
2025-12-03T10:54:34.306Z DEBUG 15034 --- [0.0-8080-exec-5] s.w.s.m.m.a.RequestMappingHandlerMapping : Mapped to com.sparkage.timebeam.presentation.controller.AuthController#login(Login)
2025-12-03T10:54:34.318Z DEBUG 15034 --- [0.0-8080-exec-5] o.j.s.OpenEntityManagerInViewInterceptor : Opening JPA EntityManager in OpenEntityManagerInViewInterceptor
2025-12-03T10:54:34.555Z DEBUG 15034 --- [0.0-8080-exec-5] m.m.a.RequestResponseBodyMethodProcessor : Read "application/json;charset=UTF-8" to [com.sparkage.timebeam.presentation.dto.AuthRequests$Login@79ecf609]
2025-12-03T10:54:34.743Z DEBUG 15034 --- [0.0-8080-exec-5] c.s.t.p.controller.AuthController        : Login request received for email=k****@gmail.com
2025-12-03T10:54:34.745Z DEBUG 15034 --- [0.0-8080-exec-5] c.s.t.application.service.AuthService    : auth.login called for email=kaisbk1@gmail.com
2025-12-03T10:54:34.940Z DEBUG 15034 --- [0.0-8080-exec-5] org.hibernate.SQL                        : 
    select
        u1_0.id,
        u1_0.is_admin,
        u1_0.display_name,
        u1_0.email 
    from
        users u1_0 
    where
        u1_0.email=?
2025-12-03T10:54:35.036Z  INFO 15034 --- [0.0-8080-exec-5] c.s.t.application.service.AuthService    : login success for userId=67546cba-5ba0-4b83-84bf-5906af7b2708
2025-12-03T10:54:35.036Z  INFO 15034 --- [0.0-8080-exec-5] c.s.t.p.controller.AuthController        : User logged in successfully: email=k****@gmail.com
2025-12-03T10:54:35.042Z DEBUG 15034 --- [0.0-8080-exec-5] o.s.w.s.m.m.a.HttpEntityMethodProcessor  : Using 'application/json', given [*/*] and supported [application/json, application/*+json]
2025-12-03T10:54:35.042Z DEBUG 15034 --- [0.0-8080-exec-5] o.s.w.s.m.m.a.HttpEntityMethodProcessor  : Writing [{accessToken=eyJhbGciOiJIUzM4NCJ9.eyJzdWIiOiI2NzU0NmNiYS01YmEwLTRiODMtODRiZi01OTA2YWY3YjI3MDgiLCJpYX (truncated)...]
2025-12-03T10:54:35.049Z DEBUG 15034 --- [0.0-8080-exec-5] o.j.s.OpenEntityManagerInViewInterceptor : Closing JPA EntityManager in OpenEntityManagerInViewInterceptor
2025-12-03T10:54:35.050Z DEBUG 15034 --- [0.0-8080-exec-5] o.s.web.servlet.DispatcherServlet        : Completed 200 OK
2025-12-03T10:59:26.555Z DEBUG 15034 --- [0.0-8080-exec-7] o.s.security.web.FilterChainProxy        : Securing POST /api/auth/login
2025-12-03T10:59:26.562Z DEBUG 15034 --- [0.0-8080-exec-7] o.s.s.w.a.AnonymousAuthenticationFilter  : Set SecurityContextHolder to anonymous SecurityContext
2025-12-03T10:59:26.564Z DEBUG 15034 --- [0.0-8080-exec-7] o.s.security.web.FilterChainProxy        : Secured POST /api/auth/login
2025-12-03T10:59:26.565Z DEBUG 15034 --- [0.0-8080-exec-7] o.s.web.servlet.DispatcherServlet        : POST "/api/auth/login", parameters={}
2025-12-03T10:59:26.565Z DEBUG 15034 --- [0.0-8080-exec-7] s.w.s.m.m.a.RequestMappingHandlerMapping : Mapped to com.sparkage.timebeam.presentation.controller.AuthController#login(Login)
2025-12-03T10:59:26.566Z DEBUG 15034 --- [0.0-8080-exec-7] o.j.s.OpenEntityManagerInViewInterceptor : Opening JPA EntityManager in OpenEntityManagerInViewInterceptor
2025-12-03T10:59:26.573Z DEBUG 15034 --- [0.0-8080-exec-7] m.m.a.RequestResponseBodyMethodProcessor : Read "application/json;charset=UTF-8" to [com.sparkage.timebeam.presentation.dto.AuthRequests$Login@78b921f6]
2025-12-03T10:59:26.579Z DEBUG 15034 --- [0.0-8080-exec-7] c.s.t.p.controller.AuthController        : Login request received for email=k****@gmail.com
2025-12-03T10:59:26.579Z DEBUG 15034 --- [0.0-8080-exec-7] c.s.t.application.service.AuthService    : auth.login called for email=kaisbk1@gmail.com
2025-12-03T10:59:26.595Z DEBUG 15034 --- [0.0-8080-exec-7] org.hibernate.SQL                        : 
    select
        u1_0.id,
        u1_0.is_admin,
        u1_0.display_name,
        u1_0.email 
    from
        users u1_0 
    where
        u1_0.email=?
2025-12-03T10:59:26.633Z  INFO 15034 --- [0.0-8080-exec-7] c.s.t.application.service.AuthService    : login success for userId=67546cba-5ba0-4b83-84bf-5906af7b2708
2025-12-03T10:59:26.633Z  INFO 15034 --- [0.0-8080-exec-7] c.s.t.p.controller.AuthController        : User logged in successfully: email=k****@gmail.com
2025-12-03T10:59:26.634Z DEBUG 15034 --- [0.0-8080-exec-7] o.s.w.s.m.m.a.HttpEntityMethodProcessor  : Using 'application/json', given [*/*] and supported [application/json, application/*+json]
2025-12-03T10:59:26.634Z DEBUG 15034 --- [0.0-8080-exec-7] o.s.w.s.m.m.a.HttpEntityMethodProcessor  : Writing [{accessToken=eyJhbGciOiJIUzM4NCJ9.eyJzdWIiOiI2NzU0NmNiYS01YmEwLTRiODMtODRiZi01OTA2YWY3YjI3MDgiLCJpYX (truncated)...]
2025-12-03T10:59:26.635Z DEBUG 15034 --- [0.0-8080-exec-7] o.j.s.OpenEntityManagerInViewInterceptor : Closing JPA EntityManager in OpenEntityManagerInViewInterceptor
2025-12-03T10:59:26.636Z DEBUG 15034 --- [0.0-8080-exec-7] o.s.web.servlet.DispatcherServlet        : Completed 200 OK
2025-12-03T10:59:26.665Z DEBUG 15034 --- [0.0-8080-exec-8] o.s.security.web.FilterChainProxy        : Securing GET /api/sessions/timer/state
2025-12-03T10:59:26.694Z DEBUG 15034 --- [0.0-8080-exec-8] o.s.security.web.FilterChainProxy        : Secured GET /api/sessions/timer/state
2025-12-03T10:59:26.694Z DEBUG 15034 --- [0.0-8080-exec-8] o.s.web.servlet.DispatcherServlet        : GET "/api/sessions/timer/state", parameters={}
2025-12-03T10:59:26.695Z DEBUG 15034 --- [0.0-8080-exec-8] s.w.s.m.m.a.RequestMappingHandlerMapping : Mapped to com.sparkage.timebeam.presentation.controller.SessionController#pullTimerState(Principal)
2025-12-03T10:59:26.695Z DEBUG 15034 --- [0.0-8080-exec-8] o.j.s.OpenEntityManagerInViewInterceptor : Opening JPA EntityManager in OpenEntityManagerInViewInterceptor
2025-12-03T10:59:26.705Z DEBUG 15034 --- [0.0-8080-exec-8] horizationManagerBeforeMethodInterceptor : Authorizing method invocation ReflectiveMethodInvocation: public org.springframework.http.ResponseEntity com.sparkage.timebeam.presentation.controller.SessionController.pullTimerState(java.security.Principal); target is of class [com.sparkage.timebeam.presentation.controller.SessionController]
2025-12-03T10:59:26.769Z DEBUG 15034 --- [0.0-8080-exec-8] horizationManagerBeforeMethodInterceptor : Authorized method invocation ReflectiveMethodInvocation: public org.springframework.http.ResponseEntity com.sparkage.timebeam.presentation.controller.SessionController.pullTimerState(java.security.Principal); target is of class [com.sparkage.timebeam.presentation.controller.SessionController]
2025-12-03T10:59:26.769Z DEBUG 15034 --- [0.0-8080-exec-8] c.s.t.p.controller.SessionController     : pull timer state called
2025-12-03T10:59:26.770Z DEBUG 15034 --- [0.0-8080-exec-8] c.s.t.a.service.TimerSyncService         : No timer state found for user=67546cba-5ba0-4b83-84bf-5906af7b2708
2025-12-03T10:59:26.790Z DEBUG 15034 --- [0.0-8080-exec-8] o.s.w.s.m.m.a.HttpEntityMethodProcessor  : Using 'application/json', given [*/*] and supported [application/json, application/*+json]
2025-12-03T10:59:26.790Z DEBUG 15034 --- [0.0-8080-exec-8] o.s.w.s.m.m.a.HttpEntityMethodProcessor  : Nothing to write: null body
2025-12-03T10:59:26.791Z DEBUG 15034 --- [0.0-8080-exec-8] o.j.s.OpenEntityManagerInViewInterceptor : Closing JPA EntityManager in OpenEntityManagerInViewInterceptor
2025-12-03T10:59:26.791Z DEBUG 15034 --- [0.0-8080-exec-8] o.s.web.servlet.DispatcherServlet        : Completed 204 NO_CONTENT
2025-12-03T11:00:01.534Z DEBUG 15034 --- [0.0-8080-exec-1] o.s.security.web.FilterChainProxy        : Securing POST /api/auth/login
2025-12-03T11:00:01.539Z DEBUG 15034 --- [0.0-8080-exec-1] o.s.s.w.a.AnonymousAuthenticationFilter  : Set SecurityContextHolder to anonymous SecurityContext
2025-12-03T11:00:01.540Z DEBUG 15034 --- [0.0-8080-exec-1] o.s.security.web.FilterChainProxy        : Secured POST /api/auth/login
2025-12-03T11:00:01.540Z DEBUG 15034 --- [0.0-8080-exec-1] o.s.web.servlet.DispatcherServlet        : POST "/api/auth/login", parameters={}
2025-12-03T11:00:01.540Z DEBUG 15034 --- [0.0-8080-exec-1] s.w.s.m.m.a.RequestMappingHandlerMapping : Mapped to com.sparkage.timebeam.presentation.controller.AuthController#login(Login)
2025-12-03T11:00:01.541Z DEBUG 15034 --- [0.0-8080-exec-1] o.j.s.OpenEntityManagerInViewInterceptor : Opening JPA EntityManager in OpenEntityManagerInViewInterceptor
2025-12-03T11:00:01.544Z DEBUG 15034 --- [0.0-8080-exec-1] m.m.a.RequestResponseBodyMethodProcessor : Read "application/json;charset=UTF-8" to [com.sparkage.timebeam.presentation.dto.AuthRequests$Login@39df7eba]
2025-12-03T11:00:01.547Z DEBUG 15034 --- [.0-8080-exec-10] o.s.security.web.FilterChainProxy        : Securing GET /api/sessions/timer/state
2025-12-03T11:00:01.547Z DEBUG 15034 --- [0.0-8080-exec-1] c.s.t.p.controller.AuthController        : Login request received for email=k****@gmail.com
2025-12-03T11:00:01.548Z DEBUG 15034 --- [0.0-8080-exec-1] c.s.t.application.service.AuthService    : auth.login called for email=kaisbk1@gmail.com
2025-12-03T11:00:01.554Z DEBUG 15034 --- [0.0-8080-exec-1] org.hibernate.SQL                        : 
    select
        u1_0.id,
        u1_0.is_admin,
        u1_0.display_name,
        u1_0.email 
    from
        users u1_0 
    where
        u1_0.email=?
2025-12-03T11:00:01.554Z DEBUG 15034 --- [.0-8080-exec-10] o.s.s.w.a.AnonymousAuthenticationFilter  : Set SecurityContextHolder to anonymous SecurityContext
2025-12-03T11:00:01.557Z DEBUG 15034 --- [.0-8080-exec-10] o.s.s.w.a.Http403ForbiddenEntryPoint     : Pre-authenticated entry point called. Rejecting access
2025-12-03T11:00:01.558Z DEBUG 15034 --- [.0-8080-exec-10] o.s.security.web.FilterChainProxy        : Securing GET /error
2025-12-03T11:00:01.559Z DEBUG 15034 --- [.0-8080-exec-10] o.s.s.w.a.AnonymousAuthenticationFilter  : Set SecurityContextHolder to anonymous SecurityContext
2025-12-03T11:00:01.559Z DEBUG 15034 --- [.0-8080-exec-10] o.s.s.w.a.Http403ForbiddenEntryPoint     : Pre-authenticated entry point called. Rejecting access
2025-12-03T11:00:01.607Z  INFO 15034 --- [0.0-8080-exec-1] c.s.t.application.service.AuthService    : login success for userId=67546cba-5ba0-4b83-84bf-5906af7b2708
2025-12-03T11:00:01.607Z  INFO 15034 --- [0.0-8080-exec-1] c.s.t.p.controller.AuthController        : User logged in successfully: email=k****@gmail.com
2025-12-03T11:00:01.608Z DEBUG 15034 --- [0.0-8080-exec-1] o.s.w.s.m.m.a.HttpEntityMethodProcessor  : Using 'application/json', given [*/*] and supported [application/json, application/*+json]
2025-12-03T11:00:01.608Z DEBUG 15034 --- [0.0-8080-exec-1] o.s.w.s.m.m.a.HttpEntityMethodProcessor  : Writing [{accessToken=eyJhbGciOiJIUzM4NCJ9.eyJzdWIiOiI2NzU0NmNiYS01YmEwLTRiODMtODRiZi01OTA2YWY3YjI3MDgiLCJpYX (truncated)...]
2025-12-03T11:00:01.609Z DEBUG 15034 --- [0.0-8080-exec-1] o.j.s.OpenEntityManagerInViewInterceptor : Closing JPA EntityManager in OpenEntityManagerInViewInterceptor
2025-12-03T11:00:01.610Z DEBUG 15034 --- [0.0-8080-exec-1] o.s.web.servlet.DispatcherServlet        : Completed 200 OK
2025-12-03T11:01:27.031Z DEBUG 15034 --- [0.0-8080-exec-4] o.s.security.web.FilterChainProxy        : Securing POST /api/auth/login
2025-12-03T11:01:27.036Z DEBUG 15034 --- [0.0-8080-exec-4] o.s.s.w.a.AnonymousAuthenticationFilter  : Set SecurityContextHolder to anonymous SecurityContext
2025-12-03T11:01:27.038Z DEBUG 15034 --- [0.0-8080-exec-4] o.s.security.web.FilterChainProxy        : Secured POST /api/auth/login
2025-12-03T11:01:27.038Z DEBUG 15034 --- [0.0-8080-exec-4] o.s.web.servlet.DispatcherServlet        : POST "/api/auth/login", parameters={}
2025-12-03T11:01:27.039Z DEBUG 15034 --- [0.0-8080-exec-4] s.w.s.m.m.a.RequestMappingHandlerMapping : Mapped to com.sparkage.timebeam.presentation.controller.AuthController#login(Login)
2025-12-03T11:01:27.039Z DEBUG 15034 --- [0.0-8080-exec-4] o.j.s.OpenEntityManagerInViewInterceptor : Opening JPA EntityManager in OpenEntityManagerInViewInterceptor
2025-12-03T11:01:27.043Z DEBUG 15034 --- [0.0-8080-exec-4] m.m.a.RequestResponseBodyMethodProcessor : Read "application/json;charset=UTF-8" to [com.sparkage.timebeam.presentation.dto.AuthRequests$Login@7d7f45a6]
2025-12-03T11:01:27.044Z DEBUG 15034 --- [0.0-8080-exec-4] c.s.t.p.controller.AuthController        : Login request received for email=k****@gmail.com
2025-12-03T11:01:27.044Z DEBUG 15034 --- [0.0-8080-exec-4] c.s.t.application.service.AuthService    : auth.login called for email=kaisbk1@gmail.com
2025-12-03T11:01:27.050Z DEBUG 15034 --- [0.0-8080-exec-4] org.hibernate.SQL                        : 
    select
        u1_0.id,
        u1_0.is_admin,
        u1_0.display_name,
        u1_0.email 
    from
        users u1_0 
    where
        u1_0.email=?
2025-12-03T11:01:27.068Z  INFO 15034 --- [0.0-8080-exec-4] c.s.t.application.service.AuthService    : login success for userId=67546cba-5ba0-4b83-84bf-5906af7b2708
2025-12-03T11:01:27.068Z  INFO 15034 --- [0.0-8080-exec-4] c.s.t.p.controller.AuthController        : User logged in successfully: email=k****@gmail.com
2025-12-03T11:01:27.069Z DEBUG 15034 --- [0.0-8080-exec-4] o.s.w.s.m.m.a.HttpEntityMethodProcessor  : Using 'application/json', given [*/*] and supported [application/json, application/*+json]
2025-12-03T11:01:27.069Z DEBUG 15034 --- [0.0-8080-exec-4] o.s.w.s.m.m.a.HttpEntityMethodProcessor  : Writing [{accessToken=eyJhbGciOiJIUzM4NCJ9.eyJzdWIiOiI2NzU0NmNiYS01YmEwLTRiODMtODRiZi01OTA2YWY3YjI3MDgiLCJpYX (truncated)...]
2025-12-03T11:01:27.070Z DEBUG 15034 --- [0.0-8080-exec-4] o.j.s.OpenEntityManagerInViewInterceptor : Closing JPA EntityManager in OpenEntityManagerInViewInterceptor
2025-12-03T11:01:27.070Z DEBUG 15034 --- [0.0-8080-exec-4] o.s.web.servlet.DispatcherServlet        : Completed 200 OK
2025-12-03T11:01:27.765Z DEBUG 15034 --- [0.0-8080-exec-5] o.s.security.web.FilterChainProxy        : Securing GET /api/sessions/timer/state
2025-12-03T11:01:27.776Z DEBUG 15034 --- [0.0-8080-exec-5] o.s.security.web.FilterChainProxy        : Secured GET /api/sessions/timer/state
2025-12-03T11:01:27.776Z DEBUG 15034 --- [0.0-8080-exec-5] o.s.web.servlet.DispatcherServlet        : GET "/api/sessions/timer/state", parameters={}
2025-12-03T11:01:27.776Z DEBUG 15034 --- [0.0-8080-exec-5] s.w.s.m.m.a.RequestMappingHandlerMapping : Mapped to com.sparkage.timebeam.presentation.controller.SessionController#pullTimerState(Principal)
2025-12-03T11:01:27.776Z DEBUG 15034 --- [0.0-8080-exec-5] o.j.s.OpenEntityManagerInViewInterceptor : Opening JPA EntityManager in OpenEntityManagerInViewInterceptor
2025-12-03T11:01:27.777Z DEBUG 15034 --- [0.0-8080-exec-5] horizationManagerBeforeMethodInterceptor : Authorizing method invocation ReflectiveMethodInvocation: public org.springframework.http.ResponseEntity com.sparkage.timebeam.presentation.controller.SessionController.pullTimerState(java.security.Principal); target is of class [com.sparkage.timebeam.presentation.controller.SessionController]
2025-12-03T11:01:27.778Z DEBUG 15034 --- [0.0-8080-exec-5] horizationManagerBeforeMethodInterceptor : Authorized method invocation ReflectiveMethodInvocation: public org.springframework.http.ResponseEntity com.sparkage.timebeam.presentation.controller.SessionController.pullTimerState(java.security.Principal); target is of class [com.sparkage.timebeam.presentation.controller.SessionController]
2025-12-03T11:01:27.778Z DEBUG 15034 --- [0.0-8080-exec-5] c.s.t.p.controller.SessionController     : pull timer state called
2025-12-03T11:01:27.778Z DEBUG 15034 --- [0.0-8080-exec-5] c.s.t.a.service.TimerSyncService         : No timer state found for user=67546cba-5ba0-4b83-84bf-5906af7b2708
2025-12-03T11:01:27.778Z DEBUG 15034 --- [0.0-8080-exec-5] o.s.w.s.m.m.a.HttpEntityMethodProcessor  : Using 'application/json', given [*/*] and supported [application/json, application/*+json]
2025-12-03T11:01:27.779Z DEBUG 15034 --- [0.0-8080-exec-5] o.s.w.s.m.m.a.HttpEntityMethodProcessor  : Nothing to write: null body
2025-12-03T11:01:27.779Z DEBUG 15034 --- [0.0-8080-exec-5] o.j.s.OpenEntityManagerInViewInterceptor : Closing JPA EntityManager in OpenEntityManagerInViewInterceptor
2025-12-03T11:01:27.779Z DEBUG 15034 --- [0.0-8080-exec-5] o.s.web.servlet.DispatcherServlet        : Completed 204 NO_CONTENT
2025-12-03T11:18:30.584Z DEBUG 15034 --- [0.0-8080-exec-7] o.s.security.web.FilterChainProxy        : Securing POST /api/auth/login
2025-12-03T11:18:30.614Z DEBUG 15034 --- [0.0-8080-exec-7] o.s.s.w.a.AnonymousAuthenticationFilter  : Set SecurityContextHolder to anonymous SecurityContext
2025-12-03T11:18:30.619Z DEBUG 15034 --- [0.0-8080-exec-7] o.s.security.web.FilterChainProxy        : Secured POST /api/auth/login
2025-12-03T11:18:30.621Z DEBUG 15034 --- [0.0-8080-exec-7] o.s.web.servlet.DispatcherServlet        : POST "/api/auth/login", parameters={}
2025-12-03T11:18:30.623Z DEBUG 15034 --- [0.0-8080-exec-7] s.w.s.m.m.a.RequestMappingHandlerMapping : Mapped to com.sparkage.timebeam.presentation.controller.AuthController#login(Login)
2025-12-03T11:18:30.629Z DEBUG 15034 --- [0.0-8080-exec-7] o.j.s.OpenEntityManagerInViewInterceptor : Opening JPA EntityManager in OpenEntityManagerInViewInterceptor
2025-12-03T11:18:30.658Z DEBUG 15034 --- [0.0-8080-exec-7] m.m.a.RequestResponseBodyMethodProcessor : Read "application/json;charset=UTF-8" to [com.sparkage.timebeam.presentation.dto.AuthRequests$Login@37cf49c2]
2025-12-03T11:18:30.675Z DEBUG 15034 --- [0.0-8080-exec-7] c.s.t.p.controller.AuthController        : Login request received for email=k****@gmail.com
2025-12-03T11:18:30.676Z DEBUG 15034 --- [0.0-8080-exec-7] c.s.t.application.service.AuthService    : auth.login called for email=kaisbk1@gmail.com
2025-12-03T11:18:30.723Z DEBUG 15034 --- [0.0-8080-exec-7] org.hibernate.SQL                        : 
    select
        u1_0.id,
        u1_0.is_admin,
        u1_0.display_name,
        u1_0.email 
    from
        users u1_0 
    where
        u1_0.email=?
2025-12-03T11:18:30.860Z  INFO 15034 --- [0.0-8080-exec-7] c.s.t.application.service.AuthService    : login success for userId=67546cba-5ba0-4b83-84bf-5906af7b2708
2025-12-03T11:18:30.860Z  INFO 15034 --- [0.0-8080-exec-7] c.s.t.p.controller.AuthController        : User logged in successfully: email=k****@gmail.com
2025-12-03T11:18:30.866Z DEBUG 15034 --- [0.0-8080-exec-7] o.s.w.s.m.m.a.HttpEntityMethodProcessor  : Using 'application/json', given [*/*] and supported [application/json, application/*+json]
2025-12-03T11:18:30.868Z DEBUG 15034 --- [0.0-8080-exec-7] o.s.w.s.m.m.a.HttpEntityMethodProcessor  : Writing [{accessToken=eyJhbGciOiJIUzM4NCJ9.eyJzdWIiOiI2NzU0NmNiYS01YmEwLTRiODMtODRiZi01OTA2YWY3YjI3MDgiLCJpYX (truncated)...]
2025-12-03T11:18:30.872Z DEBUG 15034 --- [0.0-8080-exec-7] o.j.s.OpenEntityManagerInViewInterceptor : Closing JPA EntityManager in OpenEntityManagerInViewInterceptor
2025-12-03T11:18:30.873Z DEBUG 15034 --- [0.0-8080-exec-7] o.s.web.servlet.DispatcherServlet        : Completed 200 OK
2025-12-03T11:18:31.657Z DEBUG 15034 --- [0.0-8080-exec-8] o.s.security.web.FilterChainProxy        : Securing GET /api/sessions/timer/state
2025-12-03T11:18:31.672Z DEBUG 15034 --- [0.0-8080-exec-8] o.s.security.web.FilterChainProxy        : Secured GET /api/sessions/timer/state
2025-12-03T11:18:31.673Z DEBUG 15034 --- [0.0-8080-exec-8] o.s.web.servlet.DispatcherServlet        : GET "/api/sessions/timer/state", parameters={}
2025-12-03T11:18:31.673Z DEBUG 15034 --- [0.0-8080-exec-8] s.w.s.m.m.a.RequestMappingHandlerMapping : Mapped to com.sparkage.timebeam.presentation.controller.SessionController#pullTimerState(Principal)
2025-12-03T11:18:31.674Z DEBUG 15034 --- [0.0-8080-exec-8] o.j.s.OpenEntityManagerInViewInterceptor : Opening JPA EntityManager in OpenEntityManagerInViewInterceptor
2025-12-03T11:18:31.675Z DEBUG 15034 --- [0.0-8080-exec-8] horizationManagerBeforeMethodInterceptor : Authorizing method invocation ReflectiveMethodInvocation: public org.springframework.http.ResponseEntity com.sparkage.timebeam.presentation.controller.SessionController.pullTimerState(java.security.Principal); target is of class [com.sparkage.timebeam.presentation.controller.SessionController]
2025-12-03T11:18:31.677Z DEBUG 15034 --- [0.0-8080-exec-8] horizationManagerBeforeMethodInterceptor : Authorized method invocation ReflectiveMethodInvocation: public org.springframework.http.ResponseEntity com.sparkage.timebeam.presentation.controller.SessionController.pullTimerState(java.security.Principal); target is of class [com.sparkage.timebeam.presentation.controller.SessionController]
2025-12-03T11:18:31.677Z DEBUG 15034 --- [0.0-8080-exec-8] c.s.t.p.controller.SessionController     : pull timer state called
2025-12-03T11:18:31.677Z DEBUG 15034 --- [0.0-8080-exec-8] c.s.t.a.service.TimerSyncService         : No timer state found for user=67546cba-5ba0-4b83-84bf-5906af7b2708
2025-12-03T11:18:31.679Z DEBUG 15034 --- [0.0-8080-exec-8] o.s.w.s.m.m.a.HttpEntityMethodProcessor  : Using 'application/json', given [*/*] and supported [application/json, application/*+json]
2025-12-03T11:18:31.679Z DEBUG 15034 --- [0.0-8080-exec-8] o.s.w.s.m.m.a.HttpEntityMethodProcessor  : Nothing to write: null body
2025-12-03T11:18:31.680Z DEBUG 15034 --- [0.0-8080-exec-8] o.j.s.OpenEntityManagerInViewInterceptor : Closing JPA EntityManager in OpenEntityManagerInViewInterceptor
2025-12-03T11:18:31.680Z DEBUG 15034 --- [0.0-8080-exec-8] o.s.web.servlet.DispatcherServlet        : Completed 204 NO_CONTENT
2025-12-03T11:18:38.216Z DEBUG 15034 --- [.0-8080-exec-10] o.s.security.web.FilterChainProxy        : Securing POST /api/sessions/start?kind=LONG_BREAK
2025-12-03T11:18:38.216Z DEBUG 15034 --- [0.0-8080-exec-9] o.s.security.web.FilterChainProxy        : Securing POST /api/sessions/timer/action
2025-12-03T11:18:38.241Z DEBUG 15034 --- [0.0-8080-exec-9] o.s.security.web.FilterChainProxy        : Secured POST /api/sessions/timer/action
2025-12-03T11:18:38.241Z DEBUG 15034 --- [0.0-8080-exec-9] o.s.web.servlet.DispatcherServlet        : POST "/api/sessions/timer/action", parameters={}
2025-12-03T11:18:38.241Z DEBUG 15034 --- [0.0-8080-exec-9] s.w.s.m.m.a.RequestMappingHandlerMapping : Mapped to com.sparkage.timebeam.presentation.controller.SessionController#pushTimerAction(TimerActionDto, Principal)
2025-12-03T11:18:38.242Z DEBUG 15034 --- [0.0-8080-exec-9] o.j.s.OpenEntityManagerInViewInterceptor : Opening JPA EntityManager in OpenEntityManagerInViewInterceptor
2025-12-03T11:18:38.244Z DEBUG 15034 --- [0.0-8080-exec-1] o.s.security.web.FilterChainProxy        : Securing POST /api/sessions/timer/action
2025-12-03T11:18:38.249Z DEBUG 15034 --- [.0-8080-exec-10] o.s.security.web.FilterChainProxy        : Secured POST /api/sessions/start?kind=LONG_BREAK
2025-12-03T11:18:38.250Z DEBUG 15034 --- [0.0-8080-exec-1] o.s.security.web.FilterChainProxy        : Secured POST /api/sessions/timer/action
2025-12-03T11:18:38.250Z DEBUG 15034 --- [0.0-8080-exec-1] o.s.web.servlet.DispatcherServlet        : POST "/api/sessions/timer/action", parameters={}
2025-12-03T11:18:38.250Z DEBUG 15034 --- [0.0-8080-exec-1] s.w.s.m.m.a.RequestMappingHandlerMapping : Mapped to com.sparkage.timebeam.presentation.controller.SessionController#pushTimerAction(TimerActionDto, Principal)
2025-12-03T11:18:38.250Z DEBUG 15034 --- [0.0-8080-exec-1] o.j.s.OpenEntityManagerInViewInterceptor : Opening JPA EntityManager in OpenEntityManagerInViewInterceptor
2025-12-03T11:18:38.261Z DEBUG 15034 --- [.0-8080-exec-10] o.s.web.servlet.DispatcherServlet        : POST "/api/sessions/start?kind=LONG_BREAK", parameters={masked}
2025-12-03T11:18:38.261Z DEBUG 15034 --- [.0-8080-exec-10] s.w.s.m.m.a.RequestMappingHandlerMapping : Mapped to com.sparkage.timebeam.presentation.controller.SessionController#start(String, Principal)
2025-12-03T11:18:38.261Z DEBUG 15034 --- [.0-8080-exec-10] o.j.s.OpenEntityManagerInViewInterceptor : Opening JPA EntityManager in OpenEntityManagerInViewInterceptor
2025-12-03T11:18:38.310Z DEBUG 15034 --- [0.0-8080-exec-1] m.m.a.RequestResponseBodyMethodProcessor : Read "application/json;charset=UTF-8" to [TimerActionDto{action='start', timestamp=1994-12-03T11:18:38.168408Z, deviceId='80A53361-8458-4FF5-9 (truncated)...]
2025-12-03T11:18:38.309Z DEBUG 15034 --- [0.0-8080-exec-9] m.m.a.RequestResponseBodyMethodProcessor : Read "application/json;charset=UTF-8" to [TimerActionDto{action='start', timestamp=1994-12-03T11:18:38.168408Z, deviceId='80A53361-8458-4FF5-9 (truncated)...]
2025-12-03T11:18:38.312Z DEBUG 15034 --- [0.0-8080-exec-1] horizationManagerBeforeMethodInterceptor : Authorizing method invocation ReflectiveMethodInvocation: public org.springframework.http.ResponseEntity com.sparkage.timebeam.presentation.controller.SessionController.pushTimerAction(com.sparkage.timebeam.presentation.dto.TimerActionDto,java.security.Principal); target is of class [com.sparkage.timebeam.presentation.controller.SessionController]
2025-12-03T11:18:38.312Z DEBUG 15034 --- [0.0-8080-exec-9] horizationManagerBeforeMethodInterceptor : Authorizing method invocation ReflectiveMethodInvocation: public org.springframework.http.ResponseEntity com.sparkage.timebeam.presentation.controller.SessionController.pushTimerAction(com.sparkage.timebeam.presentation.dto.TimerActionDto,java.security.Principal); target is of class [com.sparkage.timebeam.presentation.controller.SessionController]
2025-12-03T11:18:38.315Z DEBUG 15034 --- [0.0-8080-exec-1] horizationManagerBeforeMethodInterceptor : Authorized method invocation ReflectiveMethodInvocation: public org.springframework.http.ResponseEntity com.sparkage.timebeam.presentation.controller.SessionController.pushTimerAction(com.sparkage.timebeam.presentation.dto.TimerActionDto,java.security.Principal); target is of class [com.sparkage.timebeam.presentation.controller.SessionController]
2025-12-03T11:18:38.315Z DEBUG 15034 --- [0.0-8080-exec-9] horizationManagerBeforeMethodInterceptor : Authorized method invocation ReflectiveMethodInvocation: public org.springframework.http.ResponseEntity com.sparkage.timebeam.presentation.controller.SessionController.pushTimerAction(com.sparkage.timebeam.presentation.dto.TimerActionDto,java.security.Principal); target is of class [com.sparkage.timebeam.presentation.controller.SessionController]
2025-12-03T11:18:38.315Z DEBUG 15034 --- [0.0-8080-exec-1] c.s.t.p.controller.SessionController     : push timer action called: action=start, device=80A53361-8458-4FF5-9B79-B88231FF3B8D
2025-12-03T11:18:38.315Z DEBUG 15034 --- [0.0-8080-exec-9] c.s.t.p.controller.SessionController     : push timer action called: action=start, device=80A53361-8458-4FF5-9B79-B88231FF3B8D
2025-12-03T11:18:38.316Z  INFO 15034 --- [0.0-8080-exec-9] c.s.t.a.service.TimerSyncService         : Pushing timer state for user=67546cba-5ba0-4b83-84bf-5906af7b2708, device=80A53361-8458-4FF5-9B79-B88231FF3B8D, timestamp=1994-12-03T11:18:38.168408Z
2025-12-03T11:18:38.316Z  INFO 15034 --- [0.0-8080-exec-1] c.s.t.a.service.TimerSyncService         : Pushing timer state for user=67546cba-5ba0-4b83-84bf-5906af7b2708, device=80A53361-8458-4FF5-9B79-B88231FF3B8D, timestamp=1994-12-03T11:18:38.168408Z
2025-12-03T11:18:38.316Z DEBUG 15034 --- [0.0-8080-exec-9] c.s.t.a.service.TimerSyncService         : Updated timer state for user=67546cba-5ba0-4b83-84bf-5906af7b2708 with device=80A53361-8458-4FF5-9B79-B88231FF3B8D
2025-12-03T11:18:38.316Z DEBUG 15034 --- [0.0-8080-exec-1] c.s.t.a.service.TimerSyncService         : Updated timer state for user=67546cba-5ba0-4b83-84bf-5906af7b2708 with device=80A53361-8458-4FF5-9B79-B88231FF3B8D
2025-12-03T11:18:38.316Z  INFO 15034 --- [0.0-8080-exec-9] c.s.t.p.controller.SessionController     : timer action pushed for user=67546cba-5ba0-4b83-84bf-5906af7b2708, device=80A53361-8458-4FF5-9B79-B88231FF3B8D, action=start
2025-12-03T11:18:38.316Z  INFO 15034 --- [0.0-8080-exec-1] c.s.t.p.controller.SessionController     : timer action pushed for user=67546cba-5ba0-4b83-84bf-5906af7b2708, device=80A53361-8458-4FF5-9B79-B88231FF3B8D, action=start
2025-12-03T11:18:38.316Z  WARN 15034 --- [0.0-8080-exec-9] c.s.t.i.e.PushNotificationService        : getFcmTokensForUser not implemented - returning empty list
2025-12-03T11:18:38.316Z DEBUG 15034 --- [0.0-8080-exec-9] c.s.t.i.e.PushNotificationService        : No FCM tokens found for user: 67546cba-5ba0-4b83-84bf-5906af7b2708
2025-12-03T11:18:38.316Z  WARN 15034 --- [0.0-8080-exec-1] c.s.t.i.e.PushNotificationService        : getFcmTokensForUser not implemented - returning empty list
2025-12-03T11:18:38.317Z DEBUG 15034 --- [0.0-8080-exec-1] c.s.t.i.e.PushNotificationService        : No FCM tokens found for user: 67546cba-5ba0-4b83-84bf-5906af7b2708
2025-12-03T11:18:38.319Z DEBUG 15034 --- [0.0-8080-exec-9] o.s.w.s.m.m.a.HttpEntityMethodProcessor  : Using 'application/json', given [*/*] and supported [application/json, application/*+json]
2025-12-03T11:18:38.320Z DEBUG 15034 --- [0.0-8080-exec-1] o.s.w.s.m.m.a.HttpEntityMethodProcessor  : Using 'application/json', given [*/*] and supported [application/json, application/*+json]
2025-12-03T11:18:38.320Z DEBUG 15034 --- [0.0-8080-exec-9] o.s.w.s.m.m.a.HttpEntityMethodProcessor  : Nothing to write: null body
2025-12-03T11:18:38.320Z DEBUG 15034 --- [0.0-8080-exec-1] o.s.w.s.m.m.a.HttpEntityMethodProcessor  : Nothing to write: null body
2025-12-03T11:18:38.320Z DEBUG 15034 --- [0.0-8080-exec-1] o.j.s.OpenEntityManagerInViewInterceptor : Closing JPA EntityManager in OpenEntityManagerInViewInterceptor
2025-12-03T11:18:38.320Z DEBUG 15034 --- [0.0-8080-exec-1] o.s.web.servlet.DispatcherServlet        : Completed 200 OK
2025-12-03T11:18:38.320Z DEBUG 15034 --- [0.0-8080-exec-9] o.j.s.OpenEntityManagerInViewInterceptor : Closing JPA EntityManager in OpenEntityManagerInViewInterceptor
2025-12-03T11:18:38.320Z DEBUG 15034 --- [0.0-8080-exec-9] o.s.web.servlet.DispatcherServlet        : Completed 200 OK
2025-12-03T11:18:38.325Z DEBUG 15034 --- [.0-8080-exec-10] horizationManagerBeforeMethodInterceptor : Authorizing method invocation ReflectiveMethodInvocation: public org.springframework.http.ResponseEntity com.sparkage.timebeam.presentation.controller.SessionController.start(java.lang.String,java.security.Principal); target is of class [com.sparkage.timebeam.presentation.controller.SessionController]
2025-12-03T11:18:38.326Z DEBUG 15034 --- [.0-8080-exec-10] horizationManagerBeforeMethodInterceptor : Authorized method invocation ReflectiveMethodInvocation: public org.springframework.http.ResponseEntity com.sparkage.timebeam.presentation.controller.SessionController.start(java.lang.String,java.security.Principal); target is of class [com.sparkage.timebeam.presentation.controller.SessionController]
2025-12-03T11:18:38.326Z DEBUG 15034 --- [.0-8080-exec-10] c.s.t.p.controller.SessionController     : start session requested kind=LONG_BREAK
2025-12-03T11:18:38.326Z DEBUG 15034 --- [.0-8080-exec-10] c.s.t.a.service.SessionService           : SessionService.start called userId=67546cba-5ba0-4b83-84bf-5906af7b2708, kind=LONG_BREAK
2025-12-03T11:18:38.327Z DEBUG 15034 --- [.0-8080-exec-10] c.s.t.a.service.SessionService           : SessionService.create called dto.id=null, kind=LONG_BREAK
2025-12-03T11:18:38.359Z DEBUG 15034 --- [.0-8080-exec-10] o.s.orm.jpa.JpaTransactionManager        : Found thread-bound EntityManager [SessionImpl(1445868047<open>)] for JPA transaction
2025-12-03T11:18:38.360Z DEBUG 15034 --- [.0-8080-exec-10] o.s.orm.jpa.JpaTransactionManager        : Creating new transaction with name [org.springframework.data.jpa.repository.support.SimpleJpaRepository.save]: PROPAGATION_REQUIRED,ISOLATION_DEFAULT
2025-12-03T11:18:38.379Z DEBUG 15034 --- [.0-8080-exec-10] o.s.orm.jpa.JpaTransactionManager        : Exposing JPA transaction as JDBC [org.springframework.orm.jpa.vendor.HibernateJpaDialect$HibernateConnectionHandle@17c0de0e]
2025-12-03T11:18:38.461Z DEBUG 15034 --- [.0-8080-exec-10] org.hibernate.SQL                        : 
    select
        sr1_0.id,
        sr1_0.duration_seconds,
        sr1_0.kind,
        sr1_0.started_at,
        sr1_0.user_id 
    from
        session_records sr1_0 
    where
        sr1_0.id=?
2025-12-03T11:18:38.506Z DEBUG 15034 --- [.0-8080-exec-10] o.s.orm.jpa.JpaTransactionManager        : Initiating transaction commit
2025-12-03T11:18:38.507Z DEBUG 15034 --- [.0-8080-exec-10] o.s.orm.jpa.JpaTransactionManager        : Committing JPA transaction on EntityManager [SessionImpl(1445868047<open>)]
2025-12-03T11:18:38.530Z DEBUG 15034 --- [.0-8080-exec-10] org.hibernate.SQL                        : 
    insert 
    into
        session_records
        (duration_seconds, kind, started_at, user_id, id) 
    values
        (?, ?, ?, ?, ?)
2025-12-03T11:18:38.561Z DEBUG 15034 --- [.0-8080-exec-10] o.s.orm.jpa.JpaTransactionManager        : Not closing pre-bound JPA EntityManager after transaction
2025-12-03T11:18:38.561Z  INFO 15034 --- [.0-8080-exec-10] c.s.t.a.service.SessionService           : SessionRecord saved id=ce8e3946-1612-4b7a-aa43-7c5940524dd5, userId=67546cba-5ba0-4b83-84bf-5906af7b2708
2025-12-03T11:18:38.561Z  INFO 15034 --- [.0-8080-exec-10] c.s.t.p.controller.SessionController     : session started: id=ce8e3946-1612-4b7a-aa43-7c5940524dd5, userId=67546cba-5ba0-4b83-84bf-5906af7b2708, kind=longBreak
2025-12-03T11:18:38.564Z DEBUG 15034 --- [.0-8080-exec-10] o.s.w.s.m.m.a.HttpEntityMethodProcessor  : Using 'application/json', given [*/*] and supported [application/json, application/*+json]
2025-12-03T11:18:38.564Z DEBUG 15034 --- [.0-8080-exec-10] o.s.w.s.m.m.a.HttpEntityMethodProcessor  : Writing [com.sparkage.timebeam.presentation.dto.SessionRecordDto@56267050]
2025-12-03T11:18:38.566Z DEBUG 15034 --- [.0-8080-exec-10] o.j.s.OpenEntityManagerInViewInterceptor : Closing JPA EntityManager in OpenEntityManagerInViewInterceptor
2025-12-03T11:18:38.567Z DEBUG 15034 --- [.0-8080-exec-10] o.s.web.servlet.DispatcherServlet        : Completed 201 CREATED
2025-12-03T11:18:39.971Z DEBUG 15034 --- [0.0-8080-exec-3] o.s.security.web.FilterChainProxy        : Securing POST /api/sessions/timer/action
2025-12-03T11:18:39.971Z DEBUG 15034 --- [0.0-8080-exec-2] o.s.security.web.FilterChainProxy        : Securing POST /api/sessions/CE8E3946-1612-4B7A-AA43-7C5940524DD5/stop
2025-12-03T11:18:39.977Z DEBUG 15034 --- [0.0-8080-exec-4] o.s.security.web.FilterChainProxy        : Securing POST /api/sessions/timer/action
2025-12-03T11:18:39.977Z DEBUG 15034 --- [0.0-8080-exec-3] o.s.security.web.FilterChainProxy        : Secured POST /api/sessions/timer/action
2025-12-03T11:18:39.977Z DEBUG 15034 --- [0.0-8080-exec-3] o.s.web.servlet.DispatcherServlet        : POST "/api/sessions/timer/action", parameters={}
2025-12-03T11:18:39.977Z DEBUG 15034 --- [0.0-8080-exec-3] s.w.s.m.m.a.RequestMappingHandlerMapping : Mapped to com.sparkage.timebeam.presentation.controller.SessionController#pushTimerAction(TimerActionDto, Principal)
2025-12-03T11:18:39.977Z DEBUG 15034 --- [0.0-8080-exec-3] o.j.s.OpenEntityManagerInViewInterceptor : Opening JPA EntityManager in OpenEntityManagerInViewInterceptor
2025-12-03T11:18:39.978Z DEBUG 15034 --- [0.0-8080-exec-2] o.s.security.web.FilterChainProxy        : Secured POST /api/sessions/CE8E3946-1612-4B7A-AA43-7C5940524DD5/stop
2025-12-03T11:18:39.978Z DEBUG 15034 --- [0.0-8080-exec-2] o.s.web.servlet.DispatcherServlet        : POST "/api/sessions/CE8E3946-1612-4B7A-AA43-7C5940524DD5/stop", parameters={}
2025-12-03T11:18:39.978Z DEBUG 15034 --- [0.0-8080-exec-2] s.w.s.m.m.a.RequestMappingHandlerMapping : Mapped to com.sparkage.timebeam.presentation.controller.SessionController#stop(UUID, Principal)
2025-12-03T11:18:39.978Z DEBUG 15034 --- [0.0-8080-exec-2] o.j.s.OpenEntityManagerInViewInterceptor : Opening JPA EntityManager in OpenEntityManagerInViewInterceptor
2025-12-03T11:18:39.979Z DEBUG 15034 --- [0.0-8080-exec-3] m.m.a.RequestResponseBodyMethodProcessor : Read "application/json;charset=UTF-8" to [TimerActionDto{action='pause', timestamp=1994-12-03T11:18:39.947852Z, deviceId='80A53361-8458-4FF5-9 (truncated)...]
2025-12-03T11:18:39.979Z DEBUG 15034 --- [0.0-8080-exec-3] horizationManagerBeforeMethodInterceptor : Authorizing method invocation ReflectiveMethodInvocation: public org.springframework.http.ResponseEntity com.sparkage.timebeam.presentation.controller.SessionController.pushTimerAction(com.sparkage.timebeam.presentation.dto.TimerActionDto,java.security.Principal); target is of class [com.sparkage.timebeam.presentation.controller.SessionController]
2025-12-03T11:18:39.979Z DEBUG 15034 --- [0.0-8080-exec-3] horizationManagerBeforeMethodInterceptor : Authorized method invocation ReflectiveMethodInvocation: public org.springframework.http.ResponseEntity com.sparkage.timebeam.presentation.controller.SessionController.pushTimerAction(com.sparkage.timebeam.presentation.dto.TimerActionDto,java.security.Principal); target is of class [com.sparkage.timebeam.presentation.controller.SessionController]
2025-12-03T11:18:39.979Z DEBUG 15034 --- [0.0-8080-exec-3] c.s.t.p.controller.SessionController     : push timer action called: action=pause, device=80A53361-8458-4FF5-9B79-B88231FF3B8D
2025-12-03T11:18:39.980Z  INFO 15034 --- [0.0-8080-exec-3] c.s.t.a.service.TimerSyncService         : Pushing timer state for user=67546cba-5ba0-4b83-84bf-5906af7b2708, device=80A53361-8458-4FF5-9B79-B88231FF3B8D, timestamp=1994-12-03T11:18:39.947852Z
2025-12-03T11:18:39.980Z DEBUG 15034 --- [0.0-8080-exec-3] c.s.t.a.service.TimerSyncService         : Updated timer state for user=67546cba-5ba0-4b83-84bf-5906af7b2708 with device=80A53361-8458-4FF5-9B79-B88231FF3B8D
2025-12-03T11:18:39.980Z  INFO 15034 --- [0.0-8080-exec-3] c.s.t.p.controller.SessionController     : timer action pushed for user=67546cba-5ba0-4b83-84bf-5906af7b2708, device=80A53361-8458-4FF5-9B79-B88231FF3B8D, action=pause
2025-12-03T11:18:39.980Z  WARN 15034 --- [0.0-8080-exec-3] c.s.t.i.e.PushNotificationService        : getFcmTokensForUser not implemented - returning empty list
2025-12-03T11:18:39.980Z DEBUG 15034 --- [0.0-8080-exec-3] c.s.t.i.e.PushNotificationService        : No FCM tokens found for user: 67546cba-5ba0-4b83-84bf-5906af7b2708
2025-12-03T11:18:39.980Z DEBUG 15034 --- [0.0-8080-exec-3] o.s.w.s.m.m.a.HttpEntityMethodProcessor  : Using 'application/json', given [*/*] and supported [application/json, application/*+json]
2025-12-03T11:18:39.980Z DEBUG 15034 --- [0.0-8080-exec-3] o.s.w.s.m.m.a.HttpEntityMethodProcessor  : Nothing to write: null body
2025-12-03T11:18:39.980Z DEBUG 15034 --- [0.0-8080-exec-3] o.j.s.OpenEntityManagerInViewInterceptor : Closing JPA EntityManager in OpenEntityManagerInViewInterceptor
2025-12-03T11:18:39.980Z DEBUG 15034 --- [0.0-8080-exec-2] horizationManagerBeforeMethodInterceptor : Authorizing method invocation ReflectiveMethodInvocation: public org.springframework.http.ResponseEntity com.sparkage.timebeam.presentation.controller.SessionController.stop(java.util.UUID,java.security.Principal); target is of class [com.sparkage.timebeam.presentation.controller.SessionController]
2025-12-03T11:18:39.980Z DEBUG 15034 --- [0.0-8080-exec-3] o.s.web.servlet.DispatcherServlet        : Completed 200 OK
2025-12-03T11:18:39.981Z DEBUG 15034 --- [0.0-8080-exec-2] horizationManagerBeforeMethodInterceptor : Authorized method invocation ReflectiveMethodInvocation: public org.springframework.http.ResponseEntity com.sparkage.timebeam.presentation.controller.SessionController.stop(java.util.UUID,java.security.Principal); target is of class [com.sparkage.timebeam.presentation.controller.SessionController]
2025-12-03T11:18:39.981Z DEBUG 15034 --- [0.0-8080-exec-2] c.s.t.p.controller.SessionController     : stop session requested id=ce8e3946-1612-4b7a-aa43-7c5940524dd5
2025-12-03T11:18:39.981Z DEBUG 15034 --- [0.0-8080-exec-2] c.s.t.a.service.SessionService           : SessionService.stop called id=ce8e3946-1612-4b7a-aa43-7c5940524dd5, userId=67546cba-5ba0-4b83-84bf-5906af7b2708
2025-12-03T11:18:39.982Z DEBUG 15034 --- [0.0-8080-exec-2] o.s.orm.jpa.JpaTransactionManager        : Found thread-bound EntityManager [SessionImpl(257429197<open>)] for JPA transaction
2025-12-03T11:18:39.982Z DEBUG 15034 --- [0.0-8080-exec-2] o.s.orm.jpa.JpaTransactionManager        : Creating new transaction with name [org.springframework.data.jpa.repository.support.SimpleJpaRepository.findById]: PROPAGATION_REQUIRED,ISOLATION_DEFAULT,readOnly
2025-12-03T11:18:39.982Z DEBUG 15034 --- [0.0-8080-exec-4] o.s.security.web.FilterChainProxy        : Secured POST /api/sessions/timer/action
2025-12-03T11:18:39.982Z DEBUG 15034 --- [0.0-8080-exec-4] o.s.web.servlet.DispatcherServlet        : POST "/api/sessions/timer/action", parameters={}
2025-12-03T11:18:39.982Z DEBUG 15034 --- [0.0-8080-exec-4] s.w.s.m.m.a.RequestMappingHandlerMapping : Mapped to com.sparkage.timebeam.presentation.controller.SessionController#pushTimerAction(TimerActionDto, Principal)
2025-12-03T11:18:39.982Z DEBUG 15034 --- [0.0-8080-exec-4] o.j.s.OpenEntityManagerInViewInterceptor : Opening JPA EntityManager in OpenEntityManagerInViewInterceptor
2025-12-03T11:18:39.983Z DEBUG 15034 --- [0.0-8080-exec-4] m.m.a.RequestResponseBodyMethodProcessor : Read "application/json;charset=UTF-8" to [TimerActionDto{action='pause', timestamp=1994-12-03T11:18:39.947852Z, deviceId='80A53361-8458-4FF5-9 (truncated)...]
2025-12-03T11:18:39.983Z DEBUG 15034 --- [0.0-8080-exec-4] horizationManagerBeforeMethodInterceptor : Authorizing method invocation ReflectiveMethodInvocation: public org.springframework.http.ResponseEntity com.sparkage.timebeam.presentation.controller.SessionController.pushTimerAction(com.sparkage.timebeam.presentation.dto.TimerActionDto,java.security.Principal); target is of class [com.sparkage.timebeam.presentation.controller.SessionController]
2025-12-03T11:18:39.984Z DEBUG 15034 --- [0.0-8080-exec-4] horizationManagerBeforeMethodInterceptor : Authorized method invocation ReflectiveMethodInvocation: public org.springframework.http.ResponseEntity com.sparkage.timebeam.presentation.controller.SessionController.pushTimerAction(com.sparkage.timebeam.presentation.dto.TimerActionDto,java.security.Principal); target is of class [com.sparkage.timebeam.presentation.controller.SessionController]
2025-12-03T11:18:39.984Z DEBUG 15034 --- [0.0-8080-exec-4] c.s.t.p.controller.SessionController     : push timer action called: action=pause, device=80A53361-8458-4FF5-9B79-B88231FF3B8D
2025-12-03T11:18:39.984Z  INFO 15034 --- [0.0-8080-exec-4] c.s.t.a.service.TimerSyncService         : Pushing timer state for user=67546cba-5ba0-4b83-84bf-5906af7b2708, device=80A53361-8458-4FF5-9B79-B88231FF3B8D, timestamp=1994-12-03T11:18:39.947852Z
2025-12-03T11:18:39.984Z DEBUG 15034 --- [0.0-8080-exec-4] c.s.t.a.service.TimerSyncService         : Updated timer state for user=67546cba-5ba0-4b83-84bf-5906af7b2708 with device=80A53361-8458-4FF5-9B79-B88231FF3B8D
2025-12-03T11:18:39.984Z  INFO 15034 --- [0.0-8080-exec-4] c.s.t.p.controller.SessionController     : timer action pushed for user=67546cba-5ba0-4b83-84bf-5906af7b2708, device=80A53361-8458-4FF5-9B79-B88231FF3B8D, action=pause
2025-12-03T11:18:39.984Z  WARN 15034 --- [0.0-8080-exec-4] c.s.t.i.e.PushNotificationService        : getFcmTokensForUser not implemented - returning empty list
2025-12-03T11:18:39.984Z DEBUG 15034 --- [0.0-8080-exec-4] c.s.t.i.e.PushNotificationService        : No FCM tokens found for user: 67546cba-5ba0-4b83-84bf-5906af7b2708
2025-12-03T11:18:39.984Z DEBUG 15034 --- [0.0-8080-exec-4] o.s.w.s.m.m.a.HttpEntityMethodProcessor  : Using 'application/json', given [*/*] and supported [application/json, application/*+json]
2025-12-03T11:18:39.984Z DEBUG 15034 --- [0.0-8080-exec-4] o.s.w.s.m.m.a.HttpEntityMethodProcessor  : Nothing to write: null body
2025-12-03T11:18:39.984Z DEBUG 15034 --- [0.0-8080-exec-4] o.j.s.OpenEntityManagerInViewInterceptor : Closing JPA EntityManager in OpenEntityManagerInViewInterceptor
2025-12-03T11:18:39.984Z DEBUG 15034 --- [0.0-8080-exec-4] o.s.web.servlet.DispatcherServlet        : Completed 200 OK
2025-12-03T11:18:39.987Z DEBUG 15034 --- [0.0-8080-exec-2] o.s.jdbc.datasource.DataSourceUtils      : Setting JDBC Connection [HikariProxyConnection@1388458653 wrapping org.postgresql.jdbc.PgConnection@517bdce0] read-only
2025-12-03T11:18:39.987Z DEBUG 15034 --- [0.0-8080-exec-2] o.s.orm.jpa.JpaTransactionManager        : Exposing JPA transaction as JDBC [org.springframework.orm.jpa.vendor.HibernateJpaDialect$HibernateConnectionHandle@174220cd]
2025-12-03T11:18:39.992Z DEBUG 15034 --- [0.0-8080-exec-2] org.hibernate.SQL                        : 
    select
        sr1_0.id,
        sr1_0.duration_seconds,
        sr1_0.kind,
        sr1_0.started_at,
        sr1_0.user_id 
    from
        session_records sr1_0 
    where
        sr1_0.id=?
2025-12-03T11:18:39.999Z DEBUG 15034 --- [0.0-8080-exec-2] o.s.orm.jpa.JpaTransactionManager        : Initiating transaction commit
2025-12-03T11:18:39.999Z DEBUG 15034 --- [0.0-8080-exec-2] o.s.orm.jpa.JpaTransactionManager        : Committing JPA transaction on EntityManager [SessionImpl(257429197<open>)]
2025-12-03T11:18:40.000Z DEBUG 15034 --- [0.0-8080-exec-2] o.s.jdbc.datasource.DataSourceUtils      : Resetting read-only flag of JDBC Connection [HikariProxyConnection@1388458653 wrapping org.postgresql.jdbc.PgConnection@517bdce0]
2025-12-03T11:18:40.001Z DEBUG 15034 --- [0.0-8080-exec-2] o.s.orm.jpa.JpaTransactionManager        : Not closing pre-bound JPA EntityManager after transaction
2025-12-03T11:18:40.001Z DEBUG 15034 --- [0.0-8080-exec-2] o.s.orm.jpa.JpaTransactionManager        : Found thread-bound EntityManager [SessionImpl(257429197<open>)] for JPA transaction
2025-12-03T11:18:40.001Z DEBUG 15034 --- [0.0-8080-exec-2] o.s.orm.jpa.JpaTransactionManager        : Creating new transaction with name [org.springframework.data.jpa.repository.support.SimpleJpaRepository.save]: PROPAGATION_REQUIRED,ISOLATION_DEFAULT
2025-12-03T11:18:40.001Z DEBUG 15034 --- [0.0-8080-exec-2] o.s.orm.jpa.JpaTransactionManager        : Exposing JPA transaction as JDBC [org.springframework.orm.jpa.vendor.HibernateJpaDialect$HibernateConnectionHandle@2a7273af]
2025-12-03T11:18:40.001Z DEBUG 15034 --- [0.0-8080-exec-2] o.s.orm.jpa.JpaTransactionManager        : Initiating transaction commit
2025-12-03T11:18:40.001Z DEBUG 15034 --- [0.0-8080-exec-2] o.s.orm.jpa.JpaTransactionManager        : Committing JPA transaction on EntityManager [SessionImpl(257429197<open>)]
2025-12-03T11:18:40.008Z DEBUG 15034 --- [0.0-8080-exec-2] org.hibernate.SQL                        : 
    update
        session_records 
    set
        duration_seconds=?,
        kind=?,
        started_at=?,
        user_id=? 
    where
        id=?
2025-12-03T11:18:40.020Z DEBUG 15034 --- [0.0-8080-exec-2] o.s.orm.jpa.JpaTransactionManager        : Not closing pre-bound JPA EntityManager after transaction
2025-12-03T11:18:40.020Z  INFO 15034 --- [0.0-8080-exec-2] c.s.t.a.service.SessionService           : SessionRecord stopped id=ce8e3946-1612-4b7a-aa43-7c5940524dd5, durationSeconds=1
2025-12-03T11:18:40.020Z  INFO 15034 --- [0.0-8080-exec-2] c.s.t.p.controller.SessionController     : session stopped: id=ce8e3946-1612-4b7a-aa43-7c5940524dd5, userId=67546cba-5ba0-4b83-84bf-5906af7b2708, durationSeconds=1
2025-12-03T11:18:40.021Z DEBUG 15034 --- [0.0-8080-exec-2] o.s.w.s.m.m.a.HttpEntityMethodProcessor  : Using 'application/json', given [*/*] and supported [application/json, application/*+json]
2025-12-03T11:18:40.021Z DEBUG 15034 --- [0.0-8080-exec-2] o.s.w.s.m.m.a.HttpEntityMethodProcessor  : Writing [com.sparkage.timebeam.presentation.dto.SessionRecordDto@143424c2]
2025-12-03T11:18:40.022Z DEBUG 15034 --- [0.0-8080-exec-2] o.j.s.OpenEntityManagerInViewInterceptor : Closing JPA EntityManager in OpenEntityManagerInViewInterceptor
2025-12-03T11:18:40.022Z DEBUG 15034 --- [0.0-8080-exec-2] o.s.web.servlet.DispatcherServlet        : Completed 200 OK
2025-12-03T11:18:47.935Z DEBUG 15034 --- [0.0-8080-exec-5] o.s.security.web.FilterChainProxy        : Securing GET /api/v1/analytics/weekly
2025-12-03T11:18:47.951Z DEBUG 15034 --- [0.0-8080-exec-5] o.s.security.web.FilterChainProxy        : Secured GET /api/v1/analytics/weekly
2025-12-03T11:18:47.951Z DEBUG 15034 --- [0.0-8080-exec-5] o.s.web.servlet.DispatcherServlet        : GET "/api/v1/analytics/weekly", parameters={}
2025-12-03T11:18:47.952Z DEBUG 15034 --- [0.0-8080-exec-5] s.w.s.m.m.a.RequestMappingHandlerMapping : Mapped to com.sparkage.timebeam.presentation.controller.AnalyticsController#getWeeklyAnalytics(Authentication)
2025-12-03T11:18:47.952Z DEBUG 15034 --- [0.0-8080-exec-5] o.j.s.OpenEntityManagerInViewInterceptor : Opening JPA EntityManager in OpenEntityManagerInViewInterceptor
2025-12-03T11:18:47.956Z DEBUG 15034 --- [0.0-8080-exec-5] horizationManagerBeforeMethodInterceptor : Authorizing method invocation ReflectiveMethodInvocation: public org.springframework.http.ResponseEntity com.sparkage.timebeam.presentation.controller.AnalyticsController.getWeeklyAnalytics(org.springframework.security.core.Authentication); target is of class [com.sparkage.timebeam.presentation.controller.AnalyticsController]
2025-12-03T11:18:47.958Z DEBUG 15034 --- [0.0-8080-exec-5] horizationManagerBeforeMethodInterceptor : Authorized method invocation ReflectiveMethodInvocation: public org.springframework.http.ResponseEntity com.sparkage.timebeam.presentation.controller.AnalyticsController.getWeeklyAnalytics(org.springframework.security.core.Authentication); target is of class [com.sparkage.timebeam.presentation.controller.AnalyticsController]
2025-12-03T11:18:47.959Z  INFO 15034 --- [0.0-8080-exec-5] c.s.t.p.controller.AnalyticsController   : getWeeklyAnalytics userId=67546cba-5ba0-4b83-84bf-5906af7b2708
2025-12-03T11:18:47.960Z DEBUG 15034 --- [0.0-8080-exec-5] c.s.t.a.service.AnalyticsService         : getWeeklyAnalytics userId=67546cba-5ba0-4b83-84bf-5906af7b2708
2025-12-03T11:18:47.960Z DEBUG 15034 --- [0.0-8080-exec-5] c.s.t.a.service.AnalyticsService         : getDailyTotals userId=67546cba-5ba0-4b83-84bf-5906af7b2708, days=7, timezone=UTC
2025-12-03T11:18:47.973Z DEBUG 15034 --- [0.0-8080-exec-5] o.s.jdbc.core.JdbcTemplate               : Executing prepared SQL query
2025-12-03T11:18:47.974Z DEBUG 15034 --- [0.0-8080-exec-5] o.s.jdbc.core.JdbcTemplate               : Executing prepared SQL statement [SELECT
    work_date as date,
    SUM(duration_seconds / 60) as total_minutes,
    COUNT(*) as session_count
FROM (
    SELECT
        DATE(sr.started_at AT TIME ZONE ?) as work_date,
        sr.duration_seconds
    FROM session_records sr
    WHERE sr.user_id = ?::uuid
      AND sr.kind = 'WORK'
      AND sr.started_at >= ?::timestamptz
      AND sr.started_at < ?::timestamptz
) daily_work
GROUP BY work_date
ORDER BY work_date ASC
]
2025-12-03T11:18:47.974Z DEBUG 15034 --- [0.0-8080-exec-5] o.s.jdbc.datasource.DataSourceUtils      : Fetching JDBC Connection from DataSource
2025-12-03T11:18:48.032Z  INFO 15034 --- [0.0-8080-exec-5] c.s.t.a.service.AnalyticsService         : getDailyTotals returned 8 days of data
2025-12-03T11:18:48.036Z DEBUG 15034 --- [0.0-8080-exec-5] o.s.jdbc.core.JdbcTemplate               : Executing prepared SQL query
2025-12-03T11:18:48.036Z DEBUG 15034 --- [0.0-8080-exec-5] o.s.jdbc.core.JdbcTemplate               : Executing prepared SQL statement [SELECT
    COALESCE(SUM(duration_seconds / 60), 0) as minutes,
    COUNT(*) as sessions
FROM session_records sr
WHERE sr.user_id = ?::uuid
  AND sr.kind = 'WORK'
  AND DATE(sr.started_at AT TIME ZONE ?) = CURRENT_DATE AT TIME ZONE ?
]
2025-12-03T11:18:48.036Z DEBUG 15034 --- [0.0-8080-exec-5] o.s.jdbc.datasource.DataSourceUtils      : Fetching JDBC Connection from DataSource
2025-12-03T11:18:48.042Z DEBUG 15034 --- [0.0-8080-exec-5] o.s.jdbc.core.JdbcTemplate               : Executing prepared SQL query
2025-12-03T11:18:48.042Z DEBUG 15034 --- [0.0-8080-exec-5] o.s.jdbc.core.JdbcTemplate               : Executing prepared SQL statement [SELECT
    COALESCE(SUM(duration_seconds / 60), 0) as minutes,
    COUNT(*) as sessions
FROM session_records sr
WHERE sr.user_id = ?::uuid
  AND sr.kind = 'WORK'
  AND sr.started_at >= (CURRENT_TIMESTAMP AT TIME ZONE ? - INTERVAL '7 days')
  AND sr.started_at < CURRENT_TIMESTAMP AT TIME ZONE ?
]
2025-12-03T11:18:48.042Z DEBUG 15034 --- [0.0-8080-exec-5] o.s.jdbc.datasource.DataSourceUtils      : Fetching JDBC Connection from DataSource
2025-12-03T11:18:48.045Z DEBUG 15034 --- [0.0-8080-exec-5] c.s.t.a.service.AnalyticsService         : getProductiveStreak userId=67546cba-5ba0-4b83-84bf-5906af7b2708, timezone=UTC
2025-12-03T11:18:48.047Z DEBUG 15034 --- [0.0-8080-exec-5] o.s.jdbc.core.JdbcTemplate               : Executing prepared SQL query
2025-12-03T11:18:48.047Z DEBUG 15034 --- [0.0-8080-exec-5] o.s.jdbc.core.JdbcTemplate               : Executing prepared SQL statement [WITH productive_days AS (
    SELECT DISTINCT DATE(sr.started_at AT TIME ZONE ?) as work_date
    FROM session_records sr
    WHERE sr.user_id = ?::uuid
      AND sr.kind = 'WORK'
      AND sr.started_at <= CURRENT_TIMESTAMP AT TIME ZONE ?
    ORDER BY work_date DESC
),
ranked_days AS (
    SELECT work_date,
           ROW_NUMBER() OVER (ORDER BY work_date DESC) as day_rank
    FROM productive_days
)
SELECT COUNT(*) as current_streak
FROM ranked_days
WHERE work_date = (DATE(CURRENT_TIMESTAMP AT TIME ZONE ?) - (day_rank - 1) * INTERVAL '1 day')
]
2025-12-03T11:18:48.047Z DEBUG 15034 --- [0.0-8080-exec-5] o.s.jdbc.datasource.DataSourceUtils      : Fetching JDBC Connection from DataSource
2025-12-03T11:18:48.053Z  INFO 15034 --- [0.0-8080-exec-5] c.s.t.a.service.AnalyticsService         : getProductiveStreak userId=67546cba-5ba0-4b83-84bf-5906af7b2708 streak=45 days
2025-12-03T11:18:48.053Z DEBUG 15034 --- [0.0-8080-exec-5] o.s.jdbc.core.JdbcTemplate               : Executing prepared SQL query
2025-12-03T11:18:48.053Z DEBUG 15034 --- [0.0-8080-exec-5] o.s.jdbc.core.JdbcTemplate               : Executing prepared SQL statement [SELECT
    sr.kind as type,
    (sr.duration_seconds / 60) as duration_minutes,
    sr.started_at as timestamp
FROM session_records sr
WHERE sr.user_id = ?::uuid
ORDER BY sr.started_at DESC
LIMIT ?
]
2025-12-03T11:18:48.053Z DEBUG 15034 --- [0.0-8080-exec-5] o.s.jdbc.datasource.DataSourceUtils      : Fetching JDBC Connection from DataSource
2025-12-03T11:18:48.056Z  INFO 15034 --- [0.0-8080-exec-5] c.s.t.a.service.AnalyticsService         : getWeeklyAnalytics returned 7 days of weekly data, 20 recent sessions
2025-12-03T11:18:48.058Z DEBUG 15034 --- [0.0-8080-exec-5] o.s.w.s.m.m.a.HttpEntityMethodProcessor  : Using 'application/json', given [application/json] and supported [application/json, application/*+json]
2025-12-03T11:18:48.059Z DEBUG 15034 --- [0.0-8080-exec-5] o.s.w.s.m.m.a.HttpEntityMethodProcessor  : Writing [{weekly_total={minutes=2284, sessions=96}, requested_at=1764760728056, best_streak={days=45, unit=da (truncated)...]
2025-12-03T11:18:48.072Z DEBUG 15034 --- [0.0-8080-exec-5] o.j.s.OpenEntityManagerInViewInterceptor : Closing JPA EntityManager in OpenEntityManagerInViewInterceptor
2025-12-03T11:18:48.072Z DEBUG 15034 --- [0.0-8080-exec-5] o.s.web.servlet.DispatcherServlet        : Completed 200 OK
2025-12-03T11:19:22.064Z DEBUG 15034 --- [0.0-8080-exec-7] o.s.security.web.FilterChainProxy        : Securing POST /api/auth/login
2025-12-03T11:19:22.066Z DEBUG 15034 --- [0.0-8080-exec-7] o.s.s.w.a.AnonymousAuthenticationFilter  : Set SecurityContextHolder to anonymous SecurityContext
2025-12-03T11:19:22.067Z DEBUG 15034 --- [0.0-8080-exec-7] o.s.security.web.FilterChainProxy        : Secured POST /api/auth/login
2025-12-03T11:19:22.067Z DEBUG 15034 --- [0.0-8080-exec-7] o.s.web.servlet.DispatcherServlet        : POST "/api/auth/login", parameters={}
2025-12-03T11:19:22.067Z DEBUG 15034 --- [0.0-8080-exec-7] s.w.s.m.m.a.RequestMappingHandlerMapping : Mapped to com.sparkage.timebeam.presentation.controller.AuthController#login(Login)
2025-12-03T11:19:22.068Z DEBUG 15034 --- [0.0-8080-exec-7] o.j.s.OpenEntityManagerInViewInterceptor : Opening JPA EntityManager in OpenEntityManagerInViewInterceptor
2025-12-03T11:19:22.071Z DEBUG 15034 --- [0.0-8080-exec-7] m.m.a.RequestResponseBodyMethodProcessor : Read "application/json;charset=UTF-8" to [com.sparkage.timebeam.presentation.dto.AuthRequests$Login@3223496d]
2025-12-03T11:19:22.072Z DEBUG 15034 --- [0.0-8080-exec-7] c.s.t.p.controller.AuthController        : Login request received for email=k****@gmail.com
2025-12-03T11:19:22.072Z DEBUG 15034 --- [0.0-8080-exec-7] c.s.t.application.service.AuthService    : auth.login called for email=kaisbk1@gmail.com
2025-12-03T11:19:22.076Z DEBUG 15034 --- [0.0-8080-exec-7] org.hibernate.SQL                        : 
    select
        u1_0.id,
        u1_0.is_admin,
        u1_0.display_name,
        u1_0.email 
    from
        users u1_0 
    where
        u1_0.email=?
2025-12-03T11:19:22.093Z  INFO 15034 --- [0.0-8080-exec-7] c.s.t.application.service.AuthService    : login success for userId=67546cba-5ba0-4b83-84bf-5906af7b2708
2025-12-03T11:19:22.094Z  INFO 15034 --- [0.0-8080-exec-7] c.s.t.p.controller.AuthController        : User logged in successfully: email=k****@gmail.com
2025-12-03T11:19:22.094Z DEBUG 15034 --- [0.0-8080-exec-7] o.s.w.s.m.m.a.HttpEntityMethodProcessor  : Using 'application/json', given [*/*] and supported [application/json, application/*+json]
2025-12-03T11:19:22.095Z DEBUG 15034 --- [0.0-8080-exec-7] o.s.w.s.m.m.a.HttpEntityMethodProcessor  : Writing [{accessToken=eyJhbGciOiJIUzM4NCJ9.eyJzdWIiOiI2NzU0NmNiYS01YmEwLTRiODMtODRiZi01OTA2YWY3YjI3MDgiLCJpYX (truncated)...]
2025-12-03T11:19:22.096Z DEBUG 15034 --- [0.0-8080-exec-7] o.j.s.OpenEntityManagerInViewInterceptor : Closing JPA EntityManager in OpenEntityManagerInViewInterceptor
2025-12-03T11:19:22.096Z DEBUG 15034 --- [0.0-8080-exec-7] o.s.web.servlet.DispatcherServlet        : Completed 200 OK
2025-12-03T11:53:11.024Z DEBUG 15034 --- [0.0-8080-exec-3] o.s.security.web.FilterChainProxy        : Securing POST /api/auth/login
2025-12-03T11:53:11.090Z DEBUG 15034 --- [0.0-8080-exec-3] o.s.s.w.a.AnonymousAuthenticationFilter  : Set SecurityContextHolder to anonymous SecurityContext
2025-12-03T11:53:11.097Z DEBUG 15034 --- [0.0-8080-exec-3] o.s.security.web.FilterChainProxy        : Secured POST /api/auth/login
2025-12-03T11:53:11.109Z DEBUG 15034 --- [0.0-8080-exec-3] o.s.web.servlet.DispatcherServlet        : POST "/api/auth/login", parameters={}
2025-12-03T11:53:11.112Z DEBUG 15034 --- [0.0-8080-exec-3] s.w.s.m.m.a.RequestMappingHandlerMapping : Mapped to com.sparkage.timebeam.presentation.controller.AuthController#login(Login)
2025-12-03T11:53:11.129Z DEBUG 15034 --- [0.0-8080-exec-3] o.j.s.OpenEntityManagerInViewInterceptor : Opening JPA EntityManager in OpenEntityManagerInViewInterceptor
2025-12-03T11:53:11.179Z DEBUG 15034 --- [0.0-8080-exec-3] m.m.a.RequestResponseBodyMethodProcessor : Read "application/json;charset=UTF-8" to [com.sparkage.timebeam.presentation.dto.AuthRequests$Login@1f586a53]
2025-12-03T11:53:11.196Z DEBUG 15034 --- [0.0-8080-exec-3] c.s.t.p.controller.AuthController        : Login request received for email=k****@gmail.com
2025-12-03T11:53:11.196Z DEBUG 15034 --- [0.0-8080-exec-3] c.s.t.application.service.AuthService    : auth.login called for email=kaisbk1@gmail.com
2025-12-03T11:53:11.256Z DEBUG 15034 --- [0.0-8080-exec-3] org.hibernate.SQL                        : 
    select
        u1_0.id,
        u1_0.is_admin,
        u1_0.display_name,
        u1_0.email 
    from
        users u1_0 
    where
        u1_0.email=?
2025-12-03T11:53:11.413Z  INFO 15034 --- [0.0-8080-exec-3] c.s.t.application.service.AuthService    : login success for userId=67546cba-5ba0-4b83-84bf-5906af7b2708
2025-12-03T11:53:11.413Z  INFO 15034 --- [0.0-8080-exec-3] c.s.t.p.controller.AuthController        : User logged in successfully: email=k****@gmail.com
2025-12-03T11:53:11.417Z DEBUG 15034 --- [0.0-8080-exec-3] o.s.w.s.m.m.a.HttpEntityMethodProcessor  : Using 'application/json', given [*/*] and supported [application/json, application/*+json]
2025-12-03T11:53:11.418Z DEBUG 15034 --- [0.0-8080-exec-3] o.s.w.s.m.m.a.HttpEntityMethodProcessor  : Writing [{accessToken=eyJhbGciOiJIUzM4NCJ9.eyJzdWIiOiI2NzU0NmNiYS01YmEwLTRiODMtODRiZi01OTA2YWY3YjI3MDgiLCJpYX (truncated)...]
2025-12-03T11:53:11.438Z DEBUG 15034 --- [0.0-8080-exec-3] o.j.s.OpenEntityManagerInViewInterceptor : Closing JPA EntityManager in OpenEntityManagerInViewInterceptor
2025-12-03T11:53:11.442Z DEBUG 15034 --- [0.0-8080-exec-3] o.s.web.servlet.DispatcherServlet        : Completed 200 OK
2025-12-03T11:53:11.614Z DEBUG 15034 --- [0.0-8080-exec-4] o.s.security.web.FilterChainProxy        : Securing GET /api/sessions/timer/state
2025-12-03T11:53:11.624Z DEBUG 15034 --- [0.0-8080-exec-4] o.s.security.web.FilterChainProxy        : Secured GET /api/sessions/timer/state
2025-12-03T11:53:11.624Z DEBUG 15034 --- [0.0-8080-exec-4] o.s.web.servlet.DispatcherServlet        : GET "/api/sessions/timer/state", parameters={}
2025-12-03T11:53:11.624Z DEBUG 15034 --- [0.0-8080-exec-4] s.w.s.m.m.a.RequestMappingHandlerMapping : Mapped to com.sparkage.timebeam.presentation.controller.SessionController#pullTimerState(Principal)
2025-12-03T11:53:11.624Z DEBUG 15034 --- [0.0-8080-exec-4] o.j.s.OpenEntityManagerInViewInterceptor : Opening JPA EntityManager in OpenEntityManagerInViewInterceptor
2025-12-03T11:53:11.630Z DEBUG 15034 --- [0.0-8080-exec-4] horizationManagerBeforeMethodInterceptor : Authorizing method invocation ReflectiveMethodInvocation: public org.springframework.http.ResponseEntity com.sparkage.timebeam.presentation.controller.SessionController.pullTimerState(java.security.Principal); target is of class [com.sparkage.timebeam.presentation.controller.SessionController]
2025-12-03T11:53:11.636Z DEBUG 15034 --- [0.0-8080-exec-4] horizationManagerBeforeMethodInterceptor : Authorized method invocation ReflectiveMethodInvocation: public org.springframework.http.ResponseEntity com.sparkage.timebeam.presentation.controller.SessionController.pullTimerState(java.security.Principal); target is of class [com.sparkage.timebeam.presentation.controller.SessionController]
2025-12-03T11:53:11.636Z DEBUG 15034 --- [0.0-8080-exec-4] c.s.t.p.controller.SessionController     : pull timer state called
2025-12-03T11:53:11.639Z DEBUG 15034 --- [0.0-8080-exec-4] c.s.t.a.service.TimerSyncService         : Pulled timer state for user=67546cba-5ba0-4b83-84bf-5906af7b2708, device=80A53361-8458-4FF5-9B79-B88231FF3B8D, timestamp=1994-12-03T11:18:39.947852Z
2025-12-03T11:53:11.643Z  INFO 15034 --- [0.0-8080-exec-4] c.s.t.p.controller.SessionController     : timer state pulled for user=67546cba-5ba0-4b83-84bf-5906af7b2708, device=80A53361-8458-4FF5-9B79-B88231FF3B8D
2025-12-03T11:53:11.646Z DEBUG 15034 --- [0.0-8080-exec-4] o.s.w.s.m.m.a.HttpEntityMethodProcessor  : Using 'application/json', given [*/*] and supported [application/json, application/*+json]
2025-12-03T11:53:11.654Z DEBUG 15034 --- [0.0-8080-exec-4] o.s.w.s.m.m.a.HttpEntityMethodProcessor  : Writing [TimerStateDto{phase='WORK', remainingSeconds=1500, isRunning=false, timestamp=1994-12-03T11:18:39.94 (truncated)...]
2025-12-03T11:53:11.671Z DEBUG 15034 --- [0.0-8080-exec-4] o.j.s.OpenEntityManagerInViewInterceptor : Closing JPA EntityManager in OpenEntityManagerInViewInterceptor
2025-12-03T11:53:11.671Z DEBUG 15034 --- [0.0-8080-exec-4] o.s.web.servlet.DispatcherServlet        : Completed 200 OK
2025-12-03T11:53:11.683Z DEBUG 15034 --- [0.0-8080-exec-2] o.s.security.web.FilterChainProxy        : Securing POST /api/sessions/timer/action
2025-12-03T11:53:11.686Z DEBUG 15034 --- [0.0-8080-exec-2] o.s.security.web.FilterChainProxy        : Secured POST /api/sessions/timer/action
2025-12-03T11:53:11.686Z DEBUG 15034 --- [0.0-8080-exec-2] o.s.web.servlet.DispatcherServlet        : POST "/api/sessions/timer/action", parameters={}
2025-12-03T11:53:11.686Z DEBUG 15034 --- [0.0-8080-exec-2] s.w.s.m.m.a.RequestMappingHandlerMapping : Mapped to com.sparkage.timebeam.presentation.controller.SessionController#pushTimerAction(TimerActionDto, Principal)
2025-12-03T11:53:11.688Z DEBUG 15034 --- [0.0-8080-exec-2] o.j.s.OpenEntityManagerInViewInterceptor : Opening JPA EntityManager in OpenEntityManagerInViewInterceptor
2025-12-03T11:53:11.694Z DEBUG 15034 --- [0.0-8080-exec-2] m.m.a.RequestResponseBodyMethodProcessor : Read "application/json;charset=UTF-8" to [TimerActionDto{action='sync', timestamp=1994-12-03T11:53:11.678288Z, deviceId='DD0ED462-F3AE-44CE-83 (truncated)...]
2025-12-03T11:53:11.697Z DEBUG 15034 --- [0.0-8080-exec-2] horizationManagerBeforeMethodInterceptor : Authorizing method invocation ReflectiveMethodInvocation: public org.springframework.http.ResponseEntity com.sparkage.timebeam.presentation.controller.SessionController.pushTimerAction(com.sparkage.timebeam.presentation.dto.TimerActionDto,java.security.Principal); target is of class [com.sparkage.timebeam.presentation.controller.SessionController]
2025-12-03T11:53:11.697Z DEBUG 15034 --- [0.0-8080-exec-2] horizationManagerBeforeMethodInterceptor : Authorized method invocation ReflectiveMethodInvocation: public org.springframework.http.ResponseEntity com.sparkage.timebeam.presentation.controller.SessionController.pushTimerAction(com.sparkage.timebeam.presentation.dto.TimerActionDto,java.security.Principal); target is of class [com.sparkage.timebeam.presentation.controller.SessionController]
2025-12-03T11:53:11.697Z DEBUG 15034 --- [0.0-8080-exec-2] c.s.t.p.controller.SessionController     : push timer action called: action=sync, device=DD0ED462-F3AE-44CE-832B-5B1C1A949CC1
2025-12-03T11:53:11.697Z  INFO 15034 --- [0.0-8080-exec-2] c.s.t.a.service.TimerSyncService         : Pushing timer state for user=67546cba-5ba0-4b83-84bf-5906af7b2708, device=DD0ED462-F3AE-44CE-832B-5B1C1A949CC1, timestamp=1994-12-03T11:53:11.678288Z
2025-12-03T11:53:11.697Z DEBUG 15034 --- [0.0-8080-exec-2] c.s.t.a.service.TimerSyncService         : Updated timer state for user=67546cba-5ba0-4b83-84bf-5906af7b2708 with device=DD0ED462-F3AE-44CE-832B-5B1C1A949CC1
2025-12-03T11:53:11.697Z  INFO 15034 --- [0.0-8080-exec-2] c.s.t.p.controller.SessionController     : timer action pushed for user=67546cba-5ba0-4b83-84bf-5906af7b2708, device=DD0ED462-F3AE-44CE-832B-5B1C1A949CC1, action=sync
2025-12-03T11:53:11.698Z  WARN 15034 --- [0.0-8080-exec-2] c.s.t.i.e.PushNotificationService        : getFcmTokensForUser not implemented - returning empty list
2025-12-03T11:53:11.698Z DEBUG 15034 --- [0.0-8080-exec-2] c.s.t.i.e.PushNotificationService        : No FCM tokens found for user: 67546cba-5ba0-4b83-84bf-5906af7b2708
2025-12-03T11:53:11.698Z DEBUG 15034 --- [0.0-8080-exec-2] o.s.w.s.m.m.a.HttpEntityMethodProcessor  : Using 'application/json', given [*/*] and supported [application/json, application/*+json]
2025-12-03T11:53:11.698Z DEBUG 15034 --- [0.0-8080-exec-2] o.s.w.s.m.m.a.HttpEntityMethodProcessor  : Nothing to write: null body
2025-12-03T11:53:11.699Z DEBUG 15034 --- [0.0-8080-exec-2] o.j.s.OpenEntityManagerInViewInterceptor : Closing JPA EntityManager in OpenEntityManagerInViewInterceptor
2025-12-03T11:53:11.699Z DEBUG 15034 --- [0.0-8080-exec-2] o.s.web.servlet.DispatcherServlet        : Completed 200 OK
2025-12-03T11:53:12.129Z DEBUG 15034 --- [0.0-8080-exec-5] o.s.security.web.FilterChainProxy        : Securing GET /api/sessions/timer/state
2025-12-03T11:53:12.133Z DEBUG 15034 --- [0.0-8080-exec-5] o.s.security.web.FilterChainProxy        : Secured GET /api/sessions/timer/state
2025-12-03T11:53:12.133Z DEBUG 15034 --- [0.0-8080-exec-5] o.s.web.servlet.DispatcherServlet        : GET "/api/sessions/timer/state", parameters={}
2025-12-03T11:53:12.133Z DEBUG 15034 --- [0.0-8080-exec-5] s.w.s.m.m.a.RequestMappingHandlerMapping : Mapped to com.sparkage.timebeam.presentation.controller.SessionController#pullTimerState(Principal)
2025-12-03T11:53:12.133Z DEBUG 15034 --- [0.0-8080-exec-5] o.j.s.OpenEntityManagerInViewInterceptor : Opening JPA EntityManager in OpenEntityManagerInViewInterceptor
2025-12-03T11:53:12.134Z DEBUG 15034 --- [0.0-8080-exec-5] horizationManagerBeforeMethodInterceptor : Authorizing method invocation ReflectiveMethodInvocation: public org.springframework.http.ResponseEntity com.sparkage.timebeam.presentation.controller.SessionController.pullTimerState(java.security.Principal); target is of class [com.sparkage.timebeam.presentation.controller.SessionController]
2025-12-03T11:53:12.134Z DEBUG 15034 --- [0.0-8080-exec-5] horizationManagerBeforeMethodInterceptor : Authorized method invocation ReflectiveMethodInvocation: public org.springframework.http.ResponseEntity com.sparkage.timebeam.presentation.controller.SessionController.pullTimerState(java.security.Principal); target is of class [com.sparkage.timebeam.presentation.controller.SessionController]
2025-12-03T11:53:12.134Z DEBUG 15034 --- [0.0-8080-exec-5] c.s.t.p.controller.SessionController     : pull timer state called
2025-12-03T11:53:12.134Z DEBUG 15034 --- [0.0-8080-exec-5] c.s.t.a.service.TimerSyncService         : Pulled timer state for user=67546cba-5ba0-4b83-84bf-5906af7b2708, device=DD0ED462-F3AE-44CE-832B-5B1C1A949CC1, timestamp=1994-12-03T11:53:11.678288Z
2025-12-03T11:53:12.134Z  INFO 15034 --- [0.0-8080-exec-5] c.s.t.p.controller.SessionController     : timer state pulled for user=67546cba-5ba0-4b83-84bf-5906af7b2708, device=DD0ED462-F3AE-44CE-832B-5B1C1A949CC1
2025-12-03T11:53:12.134Z DEBUG 15034 --- [0.0-8080-exec-5] o.s.w.s.m.m.a.HttpEntityMethodProcessor  : Using 'application/json', given [*/*] and supported [application/json, application/*+json]
2025-12-03T11:53:12.135Z DEBUG 15034 --- [0.0-8080-exec-5] o.s.w.s.m.m.a.HttpEntityMethodProcessor  : Writing [TimerStateDto{phase='WORK', remainingSeconds=1500, isRunning=false, timestamp=1994-12-03T11:53:11.67 (truncated)...]
2025-12-03T11:53:12.135Z DEBUG 15034 --- [0.0-8080-exec-5] o.j.s.OpenEntityManagerInViewInterceptor : Closing JPA EntityManager in OpenEntityManagerInViewInterceptor
2025-12-03T11:53:12.135Z DEBUG 15034 --- [0.0-8080-exec-5] o.s.web.servlet.DispatcherServlet        : Completed 200 OK
2025-12-03T11:53:12.137Z DEBUG 15034 --- [0.0-8080-exec-6] o.s.security.web.FilterChainProxy        : Securing POST /api/sessions/timer/action
2025-12-03T11:53:12.140Z DEBUG 15034 --- [0.0-8080-exec-6] o.s.security.web.FilterChainProxy        : Secured POST /api/sessions/timer/action
2025-12-03T11:53:12.140Z DEBUG 15034 --- [0.0-8080-exec-6] o.s.web.servlet.DispatcherServlet        : POST "/api/sessions/timer/action", parameters={}
2025-12-03T11:53:12.140Z DEBUG 15034 --- [0.0-8080-exec-6] s.w.s.m.m.a.RequestMappingHandlerMapping : Mapped to com.sparkage.timebeam.presentation.controller.SessionController#pushTimerAction(TimerActionDto, Principal)
2025-12-03T11:53:12.140Z DEBUG 15034 --- [0.0-8080-exec-6] o.j.s.OpenEntityManagerInViewInterceptor : Opening JPA EntityManager in OpenEntityManagerInViewInterceptor
2025-12-03T11:53:12.141Z DEBUG 15034 --- [0.0-8080-exec-6] m.m.a.RequestResponseBodyMethodProcessor : Read "application/json;charset=UTF-8" to [TimerActionDto{action='sync', timestamp=1994-12-03T11:53:12.136388Z, deviceId='DD0ED462-F3AE-44CE-83 (truncated)...]
2025-12-03T11:53:12.141Z DEBUG 15034 --- [0.0-8080-exec-6] horizationManagerBeforeMethodInterceptor : Authorizing method invocation ReflectiveMethodInvocation: public org.springframework.http.ResponseEntity com.sparkage.timebeam.presentation.controller.SessionController.pushTimerAction(com.sparkage.timebeam.presentation.dto.TimerActionDto,java.security.Principal); target is of class [com.sparkage.timebeam.presentation.controller.SessionController]
2025-12-03T11:53:12.141Z DEBUG 15034 --- [0.0-8080-exec-6] horizationManagerBeforeMethodInterceptor : Authorized method invocation ReflectiveMethodInvocation: public org.springframework.http.ResponseEntity com.sparkage.timebeam.presentation.controller.SessionController.pushTimerAction(com.sparkage.timebeam.presentation.dto.TimerActionDto,java.security.Principal); target is of class [com.sparkage.timebeam.presentation.controller.SessionController]
2025-12-03T11:53:12.141Z DEBUG 15034 --- [0.0-8080-exec-6] c.s.t.p.controller.SessionController     : push timer action called: action=sync, device=DD0ED462-F3AE-44CE-832B-5B1C1A949CC1
2025-12-03T11:53:12.141Z  INFO 15034 --- [0.0-8080-exec-6] c.s.t.a.service.TimerSyncService         : Pushing timer state for user=67546cba-5ba0-4b83-84bf-5906af7b2708, device=DD0ED462-F3AE-44CE-832B-5B1C1A949CC1, timestamp=1994-12-03T11:53:12.136388Z
2025-12-03T11:53:12.141Z DEBUG 15034 --- [0.0-8080-exec-6] c.s.t.a.service.TimerSyncService         : Updated timer state for user=67546cba-5ba0-4b83-84bf-5906af7b2708 with device=DD0ED462-F3AE-44CE-832B-5B1C1A949CC1
2025-12-03T11:53:12.141Z  INFO 15034 --- [0.0-8080-exec-6] c.s.t.p.controller.SessionController     : timer action pushed for user=67546cba-5ba0-4b83-84bf-5906af7b2708, device=DD0ED462-F3AE-44CE-832B-5B1C1A949CC1, action=sync
2025-12-03T11:53:12.141Z  WARN 15034 --- [0.0-8080-exec-6] c.s.t.i.e.PushNotificationService        : getFcmTokensForUser not implemented - returning empty list
2025-12-03T11:53:12.141Z DEBUG 15034 --- [0.0-8080-exec-6] c.s.t.i.e.PushNotificationService        : No FCM tokens found for user: 67546cba-5ba0-4b83-84bf-5906af7b2708
2025-12-03T11:53:12.141Z DEBUG 15034 --- [0.0-8080-exec-6] o.s.w.s.m.m.a.HttpEntityMethodProcessor  : Using 'application/json', given [*/*] and supported [application/json, application/*+json]
2025-12-03T11:53:12.141Z DEBUG 15034 --- [0.0-8080-exec-6] o.s.w.s.m.m.a.HttpEntityMethodProcessor  : Nothing to write: null body
2025-12-03T11:53:12.141Z DEBUG 15034 --- [0.0-8080-exec-6] o.j.s.OpenEntityManagerInViewInterceptor : Closing JPA EntityManager in OpenEntityManagerInViewInterceptor
2025-12-03T11:53:12.141Z DEBUG 15034 --- [0.0-8080-exec-6] o.s.web.servlet.DispatcherServlet        : Completed 200 OK
2025-12-03T11:53:29.178Z DEBUG 15034 --- [0.0-8080-exec-8] o.s.security.web.FilterChainProxy        : Securing POST /api/auth/login
2025-12-03T11:53:29.190Z DEBUG 15034 --- [0.0-8080-exec-8] o.s.s.w.a.AnonymousAuthenticationFilter  : Set SecurityContextHolder to anonymous SecurityContext
2025-12-03T11:53:29.192Z DEBUG 15034 --- [0.0-8080-exec-8] o.s.security.web.FilterChainProxy        : Secured POST /api/auth/login
2025-12-03T11:53:29.196Z DEBUG 15034 --- [0.0-8080-exec-8] o.s.web.servlet.DispatcherServlet        : POST "/api/auth/login", parameters={}
2025-12-03T11:53:29.197Z DEBUG 15034 --- [0.0-8080-exec-8] s.w.s.m.m.a.RequestMappingHandlerMapping : Mapped to com.sparkage.timebeam.presentation.controller.AuthController#login(Login)
2025-12-03T11:53:29.198Z DEBUG 15034 --- [0.0-8080-exec-8] o.j.s.OpenEntityManagerInViewInterceptor : Opening JPA EntityManager in OpenEntityManagerInViewInterceptor
2025-12-03T11:53:29.219Z DEBUG 15034 --- [0.0-8080-exec-8] m.m.a.RequestResponseBodyMethodProcessor : Read "application/json;charset=UTF-8" to [com.sparkage.timebeam.presentation.dto.AuthRequests$Login@e27ad66]
2025-12-03T11:53:29.221Z DEBUG 15034 --- [0.0-8080-exec-8] c.s.t.p.controller.AuthController        : Login request received for email=t****@example.com
2025-12-03T11:53:29.221Z DEBUG 15034 --- [0.0-8080-exec-8] c.s.t.application.service.AuthService    : auth.login called for email=test@example.com
2025-12-03T11:53:29.244Z DEBUG 15034 --- [0.0-8080-exec-8] org.hibernate.SQL                        : 
    select
        u1_0.id,
        u1_0.is_admin,
        u1_0.display_name,
        u1_0.email 
    from
        users u1_0 
    where
        u1_0.email=?
2025-12-03T11:53:29.667Z  WARN 15034 --- [0.0-8080-exec-8] com.zaxxer.hikari.pool.PoolBase          : HikariPool-1 - Failed to validate connection org.postgresql.jdbc.PgConnection@3ce5d208 (This connection has been closed.). Possibly consider using a shorter maxLifetime value.
2025-12-03T11:53:29.672Z  WARN 15034 --- [0.0-8080-exec-8] com.zaxxer.hikari.pool.PoolBase          : HikariPool-1 - Failed to validate connection org.postgresql.jdbc.PgConnection@757c0b64 (This connection has been closed.). Possibly consider using a shorter maxLifetime value.
2025-12-03T11:53:29.673Z  WARN 15034 --- [0.0-8080-exec-8] com.zaxxer.hikari.pool.PoolBase          : HikariPool-1 - Failed to validate connection org.postgresql.jdbc.PgConnection@579710b0 (This connection has been closed.). Possibly consider using a shorter maxLifetime value.
2025-12-03T11:53:29.674Z  WARN 15034 --- [0.0-8080-exec-8] com.zaxxer.hikari.pool.PoolBase          : HikariPool-1 - Failed to validate connection org.postgresql.jdbc.PgConnection@45f0edd8 (This connection has been closed.). Possibly consider using a shorter maxLifetime value.
2025-12-03T11:53:29.675Z  WARN 15034 --- [0.0-8080-exec-8] com.zaxxer.hikari.pool.PoolBase          : HikariPool-1 - Failed to validate connection org.postgresql.jdbc.PgConnection@891582a (This connection has been closed.). Possibly consider using a shorter maxLifetime value.
2025-12-03T11:53:29.676Z  WARN 15034 --- [0.0-8080-exec-8] com.zaxxer.hikari.pool.PoolBase          : HikariPool-1 - Failed to validate connection org.postgresql.jdbc.PgConnection@1d234577 (This connection has been closed.). Possibly consider using a shorter maxLifetime value.
2025-12-03T11:53:29.677Z  WARN 15034 --- [0.0-8080-exec-8] com.zaxxer.hikari.pool.PoolBase          : HikariPool-1 - Failed to validate connection org.postgresql.jdbc.PgConnection@725ec4f3 (This connection has been closed.). Possibly consider using a shorter maxLifetime value.
2025-12-03T11:53:29.681Z  WARN 15034 --- [0.0-8080-exec-8] com.zaxxer.hikari.pool.PoolBase          : HikariPool-1 - Failed to validate connection org.postgresql.jdbc.PgConnection@3082794d (This connection has been closed.). Possibly consider using a shorter maxLifetime value.
2025-12-03T11:53:29.682Z  WARN 15034 --- [0.0-8080-exec-8] com.zaxxer.hikari.pool.PoolBase          : HikariPool-1 - Failed to validate connection org.postgresql.jdbc.PgConnection@32d0277f (This connection has been closed.). Possibly consider using a shorter maxLifetime value.
2025-12-03T11:53:29.682Z  WARN 15034 --- [0.0-8080-exec-8] com.zaxxer.hikari.pool.PoolBase          : HikariPool-1 - Failed to validate connection org.postgresql.jdbc.PgConnection@35dfd4af (This connection has been closed.). Possibly consider using a shorter maxLifetime value.
2025-12-03T11:53:29.744Z  INFO 15034 --- [0.0-8080-exec-8] c.s.t.application.service.AuthService    : login success for userId=88475a64-7bd3-45ff-a33e-d1617c1e349e
2025-12-03T11:53:29.744Z  INFO 15034 --- [0.0-8080-exec-8] c.s.t.p.controller.AuthController        : User logged in successfully: email=t****@example.com
2025-12-03T11:53:29.747Z DEBUG 15034 --- [0.0-8080-exec-8] o.s.w.s.m.m.a.HttpEntityMethodProcessor  : Using 'application/json', given [*/*] and supported [application/json, application/*+json]
2025-12-03T11:53:29.747Z DEBUG 15034 --- [0.0-8080-exec-8] o.s.w.s.m.m.a.HttpEntityMethodProcessor  : Writing [{accessToken=eyJhbGciOiJIUzM4NCJ9.eyJzdWIiOiI4ODQ3NWE2NC03YmQzLTQ1ZmYtYTMzZS1kMTYxN2MxZTM0OWUiLCJpYX (truncated)...]
2025-12-03T11:53:29.749Z DEBUG 15034 --- [0.0-8080-exec-8] o.j.s.OpenEntityManagerInViewInterceptor : Closing JPA EntityManager in OpenEntityManagerInViewInterceptor
2025-12-03T11:53:29.749Z DEBUG 15034 --- [0.0-8080-exec-8] o.s.web.servlet.DispatcherServlet        : Completed 200 OK
2025-12-03T11:53:37.687Z DEBUG 15034 --- [0.0-8080-exec-9] o.s.security.web.FilterChainProxy        : Securing POST /api/auth/login
2025-12-03T11:53:37.690Z DEBUG 15034 --- [0.0-8080-exec-9] o.s.s.w.a.AnonymousAuthenticationFilter  : Set SecurityContextHolder to anonymous SecurityContext
2025-12-03T11:53:37.691Z DEBUG 15034 --- [0.0-8080-exec-9] o.s.security.web.FilterChainProxy        : Secured POST /api/auth/login
2025-12-03T11:53:37.691Z DEBUG 15034 --- [0.0-8080-exec-9] o.s.web.servlet.DispatcherServlet        : POST "/api/auth/login", parameters={}
2025-12-03T11:53:37.691Z DEBUG 15034 --- [0.0-8080-exec-9] s.w.s.m.m.a.RequestMappingHandlerMapping : Mapped to com.sparkage.timebeam.presentation.controller.AuthController#login(Login)
2025-12-03T11:53:37.692Z DEBUG 15034 --- [0.0-8080-exec-9] o.j.s.OpenEntityManagerInViewInterceptor : Opening JPA EntityManager in OpenEntityManagerInViewInterceptor
2025-12-03T11:53:37.696Z DEBUG 15034 --- [0.0-8080-exec-9] m.m.a.RequestResponseBodyMethodProcessor : Read "application/json;charset=UTF-8" to [com.sparkage.timebeam.presentation.dto.AuthRequests$Login@43afc0c2]
2025-12-03T11:53:37.698Z DEBUG 15034 --- [0.0-8080-exec-9] c.s.t.p.controller.AuthController        : Login request received for email=k****@gmail.com
2025-12-03T11:53:37.698Z DEBUG 15034 --- [0.0-8080-exec-9] c.s.t.application.service.AuthService    : auth.login called for email=kaisbk1@gmail.com
2025-12-03T11:53:37.741Z DEBUG 15034 --- [0.0-8080-exec-9] org.hibernate.SQL                        : 
    select
        u1_0.id,
        u1_0.is_admin,
        u1_0.display_name,
        u1_0.email 
    from
        users u1_0 
    where
        u1_0.email=?
2025-12-03T11:53:37.805Z  INFO 15034 --- [0.0-8080-exec-9] c.s.t.application.service.AuthService    : login success for userId=67546cba-5ba0-4b83-84bf-5906af7b2708
2025-12-03T11:53:37.805Z  INFO 15034 --- [0.0-8080-exec-9] c.s.t.p.controller.AuthController        : User logged in successfully: email=k****@gmail.com
2025-12-03T11:53:37.810Z DEBUG 15034 --- [0.0-8080-exec-9] o.s.w.s.m.m.a.HttpEntityMethodProcessor  : Using 'application/json', given [*/*] and supported [application/json, application/*+json]
2025-12-03T11:53:37.810Z DEBUG 15034 --- [0.0-8080-exec-9] o.s.w.s.m.m.a.HttpEntityMethodProcessor  : Writing [{accessToken=eyJhbGciOiJIUzM4NCJ9.eyJzdWIiOiI2NzU0NmNiYS01YmEwLTRiODMtODRiZi01OTA2YWY3YjI3MDgiLCJpYX (truncated)...]
2025-12-03T11:53:37.811Z DEBUG 15034 --- [0.0-8080-exec-9] o.j.s.OpenEntityManagerInViewInterceptor : Closing JPA EntityManager in OpenEntityManagerInViewInterceptor
2025-12-03T11:53:37.812Z DEBUG 15034 --- [0.0-8080-exec-9] o.s.web.servlet.DispatcherServlet        : Completed 200 OK
2025-12-03T11:53:38.020Z DEBUG 15034 --- [.0-8080-exec-10] o.s.security.web.FilterChainProxy        : Securing GET /api/sessions/timer/state
2025-12-03T11:53:38.030Z DEBUG 15034 --- [.0-8080-exec-10] o.s.security.web.FilterChainProxy        : Secured GET /api/sessions/timer/state
2025-12-03T11:53:38.030Z DEBUG 15034 --- [.0-8080-exec-10] o.s.web.servlet.DispatcherServlet        : GET "/api/sessions/timer/state", parameters={}
2025-12-03T11:53:38.030Z DEBUG 15034 --- [.0-8080-exec-10] s.w.s.m.m.a.RequestMappingHandlerMapping : Mapped to com.sparkage.timebeam.presentation.controller.SessionController#pullTimerState(Principal)
2025-12-03T11:53:38.031Z DEBUG 15034 --- [.0-8080-exec-10] o.j.s.OpenEntityManagerInViewInterceptor : Opening JPA EntityManager in OpenEntityManagerInViewInterceptor
2025-12-03T11:53:38.032Z DEBUG 15034 --- [.0-8080-exec-10] horizationManagerBeforeMethodInterceptor : Authorizing method invocation ReflectiveMethodInvocation: public org.springframework.http.ResponseEntity com.sparkage.timebeam.presentation.controller.SessionController.pullTimerState(java.security.Principal); target is of class [com.sparkage.timebeam.presentation.controller.SessionController]
2025-12-03T11:53:38.033Z DEBUG 15034 --- [.0-8080-exec-10] horizationManagerBeforeMethodInterceptor : Authorized method invocation ReflectiveMethodInvocation: public org.springframework.http.ResponseEntity com.sparkage.timebeam.presentation.controller.SessionController.pullTimerState(java.security.Principal); target is of class [com.sparkage.timebeam.presentation.controller.SessionController]
2025-12-03T11:53:38.033Z DEBUG 15034 --- [.0-8080-exec-10] c.s.t.p.controller.SessionController     : pull timer state called
2025-12-03T11:53:38.033Z DEBUG 15034 --- [.0-8080-exec-10] c.s.t.a.service.TimerSyncService         : Pulled timer state for user=67546cba-5ba0-4b83-84bf-5906af7b2708, device=DD0ED462-F3AE-44CE-832B-5B1C1A949CC1, timestamp=1994-12-03T11:53:12.136388Z
2025-12-03T11:53:38.034Z  INFO 15034 --- [.0-8080-exec-10] c.s.t.p.controller.SessionController     : timer state pulled for user=67546cba-5ba0-4b83-84bf-5906af7b2708, device=DD0ED462-F3AE-44CE-832B-5B1C1A949CC1
2025-12-03T11:53:38.034Z DEBUG 15034 --- [.0-8080-exec-10] o.s.w.s.m.m.a.HttpEntityMethodProcessor  : Using 'application/json', given [*/*] and supported [application/json, application/*+json]
2025-12-03T11:53:38.035Z DEBUG 15034 --- [.0-8080-exec-10] o.s.w.s.m.m.a.HttpEntityMethodProcessor  : Writing [TimerStateDto{phase='WORK', remainingSeconds=1500, isRunning=false, timestamp=1994-12-03T11:53:12.13 (truncated)...]
2025-12-03T11:53:38.036Z DEBUG 15034 --- [.0-8080-exec-10] o.j.s.OpenEntityManagerInViewInterceptor : Closing JPA EntityManager in OpenEntityManagerInViewInterceptor
2025-12-03T11:53:38.036Z DEBUG 15034 --- [.0-8080-exec-10] o.s.web.servlet.DispatcherServlet        : Completed 200 OK
2025-12-03T11:53:38.049Z DEBUG 15034 --- [0.0-8080-exec-3] o.s.security.web.FilterChainProxy        : Securing POST /api/sessions/timer/action
2025-12-03T11:53:38.051Z DEBUG 15034 --- [0.0-8080-exec-3] o.s.security.web.FilterChainProxy        : Secured POST /api/sessions/timer/action
2025-12-03T11:53:38.051Z DEBUG 15034 --- [0.0-8080-exec-3] o.s.web.servlet.DispatcherServlet        : POST "/api/sessions/timer/action", parameters={}
2025-12-03T11:53:38.051Z DEBUG 15034 --- [0.0-8080-exec-3] s.w.s.m.m.a.RequestMappingHandlerMapping : Mapped to com.sparkage.timebeam.presentation.controller.SessionController#pushTimerAction(TimerActionDto, Principal)
2025-12-03T11:53:38.051Z DEBUG 15034 --- [0.0-8080-exec-3] o.j.s.OpenEntityManagerInViewInterceptor : Opening JPA EntityManager in OpenEntityManagerInViewInterceptor
2025-12-03T11:53:38.052Z DEBUG 15034 --- [0.0-8080-exec-3] m.m.a.RequestResponseBodyMethodProcessor : Read "application/json;charset=UTF-8" to [TimerActionDto{action='sync', timestamp=1994-12-03T11:53:38.041821Z, deviceId='21770670-D7A1-468E-B9 (truncated)...]
2025-12-03T11:53:38.052Z DEBUG 15034 --- [0.0-8080-exec-3] horizationManagerBeforeMethodInterceptor : Authorizing method invocation ReflectiveMethodInvocation: public org.springframework.http.ResponseEntity com.sparkage.timebeam.presentation.controller.SessionController.pushTimerAction(com.sparkage.timebeam.presentation.dto.TimerActionDto,java.security.Principal); target is of class [com.sparkage.timebeam.presentation.controller.SessionController]
2025-12-03T11:53:38.052Z DEBUG 15034 --- [0.0-8080-exec-3] horizationManagerBeforeMethodInterceptor : Authorized method invocation ReflectiveMethodInvocation: public org.springframework.http.ResponseEntity com.sparkage.timebeam.presentation.controller.SessionController.pushTimerAction(com.sparkage.timebeam.presentation.dto.TimerActionDto,java.security.Principal); target is of class [com.sparkage.timebeam.presentation.controller.SessionController]
2025-12-03T11:53:38.052Z DEBUG 15034 --- [0.0-8080-exec-3] c.s.t.p.controller.SessionController     : push timer action called: action=sync, device=21770670-D7A1-468E-B932-E7EA0079F860
2025-12-03T11:53:38.052Z  INFO 15034 --- [0.0-8080-exec-3] c.s.t.a.service.TimerSyncService         : Pushing timer state for user=67546cba-5ba0-4b83-84bf-5906af7b2708, device=21770670-D7A1-468E-B932-E7EA0079F860, timestamp=1994-12-03T11:53:38.041821Z
2025-12-03T11:53:38.053Z DEBUG 15034 --- [0.0-8080-exec-3] c.s.t.a.service.TimerSyncService         : Updated timer state for user=67546cba-5ba0-4b83-84bf-5906af7b2708 with device=21770670-D7A1-468E-B932-E7EA0079F860
2025-12-03T11:53:38.053Z  INFO 15034 --- [0.0-8080-exec-3] c.s.t.p.controller.SessionController     : timer action pushed for user=67546cba-5ba0-4b83-84bf-5906af7b2708, device=21770670-D7A1-468E-B932-E7EA0079F860, action=sync
2025-12-03T11:53:38.053Z  WARN 15034 --- [0.0-8080-exec-3] c.s.t.i.e.PushNotificationService        : getFcmTokensForUser not implemented - returning empty list
2025-12-03T11:53:38.053Z DEBUG 15034 --- [0.0-8080-exec-3] c.s.t.i.e.PushNotificationService        : No FCM tokens found for user: 67546cba-5ba0-4b83-84bf-5906af7b2708
2025-12-03T11:53:38.053Z DEBUG 15034 --- [0.0-8080-exec-3] o.s.w.s.m.m.a.HttpEntityMethodProcessor  : Using 'application/json', given [*/*] and supported [application/json, application/*+json]
2025-12-03T11:53:38.053Z DEBUG 15034 --- [0.0-8080-exec-3] o.s.w.s.m.m.a.HttpEntityMethodProcessor  : Nothing to write: null body
2025-12-03T11:53:38.053Z DEBUG 15034 --- [0.0-8080-exec-3] o.j.s.OpenEntityManagerInViewInterceptor : Closing JPA EntityManager in OpenEntityManagerInViewInterceptor
2025-12-03T11:53:38.053Z DEBUG 15034 --- [0.0-8080-exec-3] o.s.web.servlet.DispatcherServlet        : Completed 200 OK
2025-12-03T11:53:38.539Z DEBUG 15034 --- [0.0-8080-exec-4] o.s.security.web.FilterChainProxy        : Securing GET /api/sessions/timer/state
2025-12-03T11:53:38.543Z DEBUG 15034 --- [0.0-8080-exec-4] o.s.security.web.FilterChainProxy        : Secured GET /api/sessions/timer/state
2025-12-03T11:53:38.543Z DEBUG 15034 --- [0.0-8080-exec-4] o.s.web.servlet.DispatcherServlet        : GET "/api/sessions/timer/state", parameters={}
2025-12-03T11:53:38.543Z DEBUG 15034 --- [0.0-8080-exec-4] s.w.s.m.m.a.RequestMappingHandlerMapping : Mapped to com.sparkage.timebeam.presentation.controller.SessionController#pullTimerState(Principal)
2025-12-03T11:53:38.543Z DEBUG 15034 --- [0.0-8080-exec-4] o.j.s.OpenEntityManagerInViewInterceptor : Opening JPA EntityManager in OpenEntityManagerInViewInterceptor
2025-12-03T11:53:38.543Z DEBUG 15034 --- [0.0-8080-exec-4] horizationManagerBeforeMethodInterceptor : Authorizing method invocation ReflectiveMethodInvocation: public org.springframework.http.ResponseEntity com.sparkage.timebeam.presentation.controller.SessionController.pullTimerState(java.security.Principal); target is of class [com.sparkage.timebeam.presentation.controller.SessionController]
2025-12-03T11:53:38.544Z DEBUG 15034 --- [0.0-8080-exec-4] horizationManagerBeforeMethodInterceptor : Authorized method invocation ReflectiveMethodInvocation: public org.springframework.http.ResponseEntity com.sparkage.timebeam.presentation.controller.SessionController.pullTimerState(java.security.Principal); target is of class [com.sparkage.timebeam.presentation.controller.SessionController]
2025-12-03T11:53:38.544Z DEBUG 15034 --- [0.0-8080-exec-4] c.s.t.p.controller.SessionController     : pull timer state called
2025-12-03T11:53:38.544Z DEBUG 15034 --- [0.0-8080-exec-4] c.s.t.a.service.TimerSyncService         : Pulled timer state for user=67546cba-5ba0-4b83-84bf-5906af7b2708, device=21770670-D7A1-468E-B932-E7EA0079F860, timestamp=1994-12-03T11:53:38.041821Z
2025-12-03T11:53:38.544Z  INFO 15034 --- [0.0-8080-exec-4] c.s.t.p.controller.SessionController     : timer state pulled for user=67546cba-5ba0-4b83-84bf-5906af7b2708, device=21770670-D7A1-468E-B932-E7EA0079F860
2025-12-03T11:53:38.544Z DEBUG 15034 --- [0.0-8080-exec-4] o.s.w.s.m.m.a.HttpEntityMethodProcessor  : Using 'application/json', given [*/*] and supported [application/json, application/*+json]
2025-12-03T11:53:38.544Z DEBUG 15034 --- [0.0-8080-exec-4] o.s.w.s.m.m.a.HttpEntityMethodProcessor  : Writing [TimerStateDto{phase='WORK', remainingSeconds=1500, isRunning=false, timestamp=1994-12-03T11:53:38.04 (truncated)...]
2025-12-03T11:53:38.544Z DEBUG 15034 --- [0.0-8080-exec-4] o.j.s.OpenEntityManagerInViewInterceptor : Closing JPA EntityManager in OpenEntityManagerInViewInterceptor
2025-12-03T11:53:38.544Z DEBUG 15034 --- [0.0-8080-exec-4] o.s.web.servlet.DispatcherServlet        : Completed 200 OK
2025-12-03T11:53:38.546Z DEBUG 15034 --- [0.0-8080-exec-2] o.s.security.web.FilterChainProxy        : Securing POST /api/sessions/timer/action
2025-12-03T11:53:38.548Z DEBUG 15034 --- [0.0-8080-exec-2] o.s.security.web.FilterChainProxy        : Secured POST /api/sessions/timer/action
2025-12-03T11:53:38.548Z DEBUG 15034 --- [0.0-8080-exec-2] o.s.web.servlet.DispatcherServlet        : POST "/api/sessions/timer/action", parameters={}
2025-12-03T11:53:38.549Z DEBUG 15034 --- [0.0-8080-exec-2] s.w.s.m.m.a.RequestMappingHandlerMapping : Mapped to com.sparkage.timebeam.presentation.controller.SessionController#pushTimerAction(TimerActionDto, Principal)
2025-12-03T11:53:38.549Z DEBUG 15034 --- [0.0-8080-exec-2] o.j.s.OpenEntityManagerInViewInterceptor : Opening JPA EntityManager in OpenEntityManagerInViewInterceptor
2025-12-03T11:53:38.549Z DEBUG 15034 --- [0.0-8080-exec-2] m.m.a.RequestResponseBodyMethodProcessor : Read "application/json;charset=UTF-8" to [TimerActionDto{action='sync', timestamp=1994-12-03T11:53:38.545476Z, deviceId='21770670-D7A1-468E-B9 (truncated)...]
2025-12-03T11:53:38.549Z DEBUG 15034 --- [0.0-8080-exec-2] horizationManagerBeforeMethodInterceptor : Authorizing method invocation ReflectiveMethodInvocation: public org.springframework.http.ResponseEntity com.sparkage.timebeam.presentation.controller.SessionController.pushTimerAction(com.sparkage.timebeam.presentation.dto.TimerActionDto,java.security.Principal); target is of class [com.sparkage.timebeam.presentation.controller.SessionController]
2025-12-03T11:53:38.549Z DEBUG 15034 --- [0.0-8080-exec-2] horizationManagerBeforeMethodInterceptor : Authorized method invocation ReflectiveMethodInvocation: public org.springframework.http.ResponseEntity com.sparkage.timebeam.presentation.controller.SessionController.pushTimerAction(com.sparkage.timebeam.presentation.dto.TimerActionDto,java.security.Principal); target is of class [com.sparkage.timebeam.presentation.controller.SessionController]
2025-12-03T11:53:38.549Z DEBUG 15034 --- [0.0-8080-exec-2] c.s.t.p.controller.SessionController     : push timer action called: action=sync, device=21770670-D7A1-468E-B932-E7EA0079F860
2025-12-03T11:53:38.550Z  INFO 15034 --- [0.0-8080-exec-2] c.s.t.a.service.TimerSyncService         : Pushing timer state for user=67546cba-5ba0-4b83-84bf-5906af7b2708, device=21770670-D7A1-468E-B932-E7EA0079F860, timestamp=1994-12-03T11:53:38.545476Z
2025-12-03T11:53:38.550Z DEBUG 15034 --- [0.0-8080-exec-2] c.s.t.a.service.TimerSyncService         : Updated timer state for user=67546cba-5ba0-4b83-84bf-5906af7b2708 with device=21770670-D7A1-468E-B932-E7EA0079F860
2025-12-03T11:53:38.550Z  INFO 15034 --- [0.0-8080-exec-2] c.s.t.p.controller.SessionController     : timer action pushed for user=67546cba-5ba0-4b83-84bf-5906af7b2708, device=21770670-D7A1-468E-B932-E7EA0079F860, action=sync
2025-12-03T11:53:38.550Z  WARN 15034 --- [0.0-8080-exec-2] c.s.t.i.e.PushNotificationService        : getFcmTokensForUser not implemented - returning empty list
2025-12-03T11:53:38.550Z DEBUG 15034 --- [0.0-8080-exec-2] c.s.t.i.e.PushNotificationService        : No FCM tokens found for user: 67546cba-5ba0-4b83-84bf-5906af7b2708
2025-12-03T11:53:38.550Z DEBUG 15034 --- [0.0-8080-exec-2] o.s.w.s.m.m.a.HttpEntityMethodProcessor  : Using 'application/json', given [*/*] and supported [application/json, application/*+json]
2025-12-03T11:53:38.550Z DEBUG 15034 --- [0.0-8080-exec-2] o.s.w.s.m.m.a.HttpEntityMethodProcessor  : Nothing to write: null body
2025-12-03T11:53:38.550Z DEBUG 15034 --- [0.0-8080-exec-2] o.j.s.OpenEntityManagerInViewInterceptor : Closing JPA EntityManager in OpenEntityManagerInViewInterceptor
2025-12-03T11:53:38.551Z DEBUG 15034 --- [0.0-8080-exec-2] o.s.web.servlet.DispatcherServlet        : Completed 200 OK
2025-12-03T11:54:09.519Z DEBUG 15034 --- [0.0-8080-exec-6] o.s.security.web.FilterChainProxy        : Securing POST /api/auth/login
2025-12-03T11:54:09.534Z DEBUG 15034 --- [0.0-8080-exec-6] o.s.s.w.a.AnonymousAuthenticationFilter  : Set SecurityContextHolder to anonymous SecurityContext
2025-12-03T11:54:09.538Z DEBUG 15034 --- [0.0-8080-exec-6] o.s.security.web.FilterChainProxy        : Secured POST /api/auth/login
2025-12-03T11:54:09.539Z DEBUG 15034 --- [0.0-8080-exec-6] o.s.web.servlet.DispatcherServlet        : POST "/api/auth/login", parameters={}
2025-12-03T11:54:09.540Z DEBUG 15034 --- [0.0-8080-exec-6] s.w.s.m.m.a.RequestMappingHandlerMapping : Mapped to com.sparkage.timebeam.presentation.controller.AuthController#login(Login)
2025-12-03T11:54:09.541Z DEBUG 15034 --- [0.0-8080-exec-6] o.j.s.OpenEntityManagerInViewInterceptor : Opening JPA EntityManager in OpenEntityManagerInViewInterceptor
2025-12-03T11:54:09.566Z DEBUG 15034 --- [0.0-8080-exec-6] m.m.a.RequestResponseBodyMethodProcessor : Read "application/json;charset=UTF-8" to [com.sparkage.timebeam.presentation.dto.AuthRequests$Login@33c43cf2]
2025-12-03T11:54:09.571Z DEBUG 15034 --- [0.0-8080-exec-6] c.s.t.p.controller.AuthController        : Login request received for email=k****@gmail.com
2025-12-03T11:54:09.571Z DEBUG 15034 --- [0.0-8080-exec-6] c.s.t.application.service.AuthService    : auth.login called for email=kaisbk1@gmail.com
2025-12-03T11:54:09.587Z DEBUG 15034 --- [0.0-8080-exec-6] org.hibernate.SQL                        : 
    select
        u1_0.id,
        u1_0.is_admin,
        u1_0.display_name,
        u1_0.email 
    from
        users u1_0 
    where
        u1_0.email=?
2025-12-03T11:54:09.660Z  INFO 15034 --- [0.0-8080-exec-6] c.s.t.application.service.AuthService    : login success for userId=67546cba-5ba0-4b83-84bf-5906af7b2708
2025-12-03T11:54:09.660Z  INFO 15034 --- [0.0-8080-exec-6] c.s.t.p.controller.AuthController        : User logged in successfully: email=k****@gmail.com
2025-12-03T11:54:09.661Z DEBUG 15034 --- [0.0-8080-exec-6] o.s.w.s.m.m.a.HttpEntityMethodProcessor  : Using 'application/json', given [*/*] and supported [application/json, application/*+json]
2025-12-03T11:54:09.661Z DEBUG 15034 --- [0.0-8080-exec-6] o.s.w.s.m.m.a.HttpEntityMethodProcessor  : Writing [{accessToken=eyJhbGciOiJIUzM4NCJ9.eyJzdWIiOiI2NzU0NmNiYS01YmEwLTRiODMtODRiZi01OTA2YWY3YjI3MDgiLCJpYX (truncated)...]
2025-12-03T11:54:09.663Z DEBUG 15034 --- [0.0-8080-exec-6] o.j.s.OpenEntityManagerInViewInterceptor : Closing JPA EntityManager in OpenEntityManagerInViewInterceptor
2025-12-03T11:54:09.664Z DEBUG 15034 --- [0.0-8080-exec-6] o.s.web.servlet.DispatcherServlet        : Completed 200 OK
2025-12-03T11:54:10.021Z DEBUG 15034 --- [0.0-8080-exec-7] o.s.security.web.FilterChainProxy        : Securing GET /api/sessions/timer/state
2025-12-03T11:54:10.025Z DEBUG 15034 --- [0.0-8080-exec-8] o.s.security.web.FilterChainProxy        : Securing GET /api/sessions/timer/state
2025-12-03T11:54:10.036Z DEBUG 15034 --- [0.0-8080-exec-7] o.s.security.web.FilterChainProxy        : Secured GET /api/sessions/timer/state
2025-12-03T11:54:10.036Z DEBUG 15034 --- [0.0-8080-exec-7] o.s.web.servlet.DispatcherServlet        : GET "/api/sessions/timer/state", parameters={}
2025-12-03T11:54:10.036Z DEBUG 15034 --- [0.0-8080-exec-7] s.w.s.m.m.a.RequestMappingHandlerMapping : Mapped to com.sparkage.timebeam.presentation.controller.SessionController#pullTimerState(Principal)
2025-12-03T11:54:10.037Z DEBUG 15034 --- [0.0-8080-exec-7] o.j.s.OpenEntityManagerInViewInterceptor : Opening JPA EntityManager in OpenEntityManagerInViewInterceptor
2025-12-03T11:54:10.037Z DEBUG 15034 --- [0.0-8080-exec-7] horizationManagerBeforeMethodInterceptor : Authorizing method invocation ReflectiveMethodInvocation: public org.springframework.http.ResponseEntity com.sparkage.timebeam.presentation.controller.SessionController.pullTimerState(java.security.Principal); target is of class [com.sparkage.timebeam.presentation.controller.SessionController]
2025-12-03T11:54:10.038Z DEBUG 15034 --- [0.0-8080-exec-7] horizationManagerBeforeMethodInterceptor : Authorized method invocation ReflectiveMethodInvocation: public org.springframework.http.ResponseEntity com.sparkage.timebeam.presentation.controller.SessionController.pullTimerState(java.security.Principal); target is of class [com.sparkage.timebeam.presentation.controller.SessionController]
2025-12-03T11:54:10.038Z DEBUG 15034 --- [0.0-8080-exec-7] c.s.t.p.controller.SessionController     : pull timer state called
2025-12-03T11:54:10.038Z DEBUG 15034 --- [0.0-8080-exec-7] c.s.t.a.service.TimerSyncService         : Pulled timer state for user=67546cba-5ba0-4b83-84bf-5906af7b2708, device=21770670-D7A1-468E-B932-E7EA0079F860, timestamp=1994-12-03T11:53:38.545476Z
2025-12-03T11:54:10.038Z  INFO 15034 --- [0.0-8080-exec-7] c.s.t.p.controller.SessionController     : timer state pulled for user=67546cba-5ba0-4b83-84bf-5906af7b2708, device=21770670-D7A1-468E-B932-E7EA0079F860
2025-12-03T11:54:10.038Z DEBUG 15034 --- [0.0-8080-exec-8] o.s.security.web.FilterChainProxy        : Secured GET /api/sessions/timer/state
2025-12-03T11:54:10.039Z DEBUG 15034 --- [0.0-8080-exec-8] o.s.web.servlet.DispatcherServlet        : GET "/api/sessions/timer/state", parameters={}
2025-12-03T11:54:10.039Z DEBUG 15034 --- [0.0-8080-exec-8] s.w.s.m.m.a.RequestMappingHandlerMapping : Mapped to com.sparkage.timebeam.presentation.controller.SessionController#pullTimerState(Principal)
2025-12-03T11:54:10.039Z DEBUG 15034 --- [0.0-8080-exec-8] o.j.s.OpenEntityManagerInViewInterceptor : Opening JPA EntityManager in OpenEntityManagerInViewInterceptor
2025-12-03T11:54:10.039Z DEBUG 15034 --- [0.0-8080-exec-7] o.s.w.s.m.m.a.HttpEntityMethodProcessor  : Using 'application/json', given [*/*] and supported [application/json, application/*+json]
2025-12-03T11:54:10.039Z DEBUG 15034 --- [0.0-8080-exec-8] horizationManagerBeforeMethodInterceptor : Authorizing method invocation ReflectiveMethodInvocation: public org.springframework.http.ResponseEntity com.sparkage.timebeam.presentation.controller.SessionController.pullTimerState(java.security.Principal); target is of class [com.sparkage.timebeam.presentation.controller.SessionController]
2025-12-03T11:54:10.039Z DEBUG 15034 --- [0.0-8080-exec-7] o.s.w.s.m.m.a.HttpEntityMethodProcessor  : Writing [TimerStateDto{phase='WORK', remainingSeconds=1500, isRunning=false, timestamp=1994-12-03T11:53:38.54 (truncated)...]
2025-12-03T11:54:10.039Z DEBUG 15034 --- [0.0-8080-exec-7] o.j.s.OpenEntityManagerInViewInterceptor : Closing JPA EntityManager in OpenEntityManagerInViewInterceptor
2025-12-03T11:54:10.039Z DEBUG 15034 --- [0.0-8080-exec-8] horizationManagerBeforeMethodInterceptor : Authorized method invocation ReflectiveMethodInvocation: public org.springframework.http.ResponseEntity com.sparkage.timebeam.presentation.controller.SessionController.pullTimerState(java.security.Principal); target is of class [com.sparkage.timebeam.presentation.controller.SessionController]
2025-12-03T11:54:10.039Z DEBUG 15034 --- [0.0-8080-exec-8] c.s.t.p.controller.SessionController     : pull timer state called
2025-12-03T11:54:10.039Z DEBUG 15034 --- [0.0-8080-exec-7] o.s.web.servlet.DispatcherServlet        : Completed 200 OK
2025-12-03T11:54:10.040Z DEBUG 15034 --- [0.0-8080-exec-8] c.s.t.a.service.TimerSyncService         : Pulled timer state for user=67546cba-5ba0-4b83-84bf-5906af7b2708, device=21770670-D7A1-468E-B932-E7EA0079F860, timestamp=1994-12-03T11:53:38.545476Z
2025-12-03T11:54:10.040Z  INFO 15034 --- [0.0-8080-exec-8] c.s.t.p.controller.SessionController     : timer state pulled for user=67546cba-5ba0-4b83-84bf-5906af7b2708, device=21770670-D7A1-468E-B932-E7EA0079F860
2025-12-03T11:54:10.040Z DEBUG 15034 --- [0.0-8080-exec-8] o.s.w.s.m.m.a.HttpEntityMethodProcessor  : Using 'application/json', given [*/*] and supported [application/json, application/*+json]
2025-12-03T11:54:10.040Z DEBUG 15034 --- [0.0-8080-exec-8] o.s.w.s.m.m.a.HttpEntityMethodProcessor  : Writing [TimerStateDto{phase='WORK', remainingSeconds=1500, isRunning=false, timestamp=1994-12-03T11:53:38.54 (truncated)...]
2025-12-03T11:54:10.041Z DEBUG 15034 --- [0.0-8080-exec-8] o.j.s.OpenEntityManagerInViewInterceptor : Closing JPA EntityManager in OpenEntityManagerInViewInterceptor
2025-12-03T11:54:10.041Z DEBUG 15034 --- [0.0-8080-exec-8] o.s.web.servlet.DispatcherServlet        : Completed 200 OK
2025-12-03T11:54:10.048Z DEBUG 15034 --- [0.0-8080-exec-1] o.s.security.web.FilterChainProxy        : Securing POST /api/sessions/timer/action
2025-12-03T11:54:10.049Z DEBUG 15034 --- [0.0-8080-exec-9] o.s.security.web.FilterChainProxy        : Securing POST /api/sessions/timer/action
2025-12-03T11:54:10.053Z DEBUG 15034 --- [0.0-8080-exec-1] o.s.security.web.FilterChainProxy        : Secured POST /api/sessions/timer/action
2025-12-03T11:54:10.053Z DEBUG 15034 --- [0.0-8080-exec-1] o.s.web.servlet.DispatcherServlet        : POST "/api/sessions/timer/action", parameters={}
2025-12-03T11:54:10.053Z DEBUG 15034 --- [0.0-8080-exec-1] s.w.s.m.m.a.RequestMappingHandlerMapping : Mapped to com.sparkage.timebeam.presentation.controller.SessionController#pushTimerAction(TimerActionDto, Principal)
2025-12-03T11:54:10.053Z DEBUG 15034 --- [0.0-8080-exec-1] o.j.s.OpenEntityManagerInViewInterceptor : Opening JPA EntityManager in OpenEntityManagerInViewInterceptor
2025-12-03T11:54:10.054Z DEBUG 15034 --- [0.0-8080-exec-1] m.m.a.RequestResponseBodyMethodProcessor : Read "application/json;charset=UTF-8" to [TimerActionDto{action='sync', timestamp=1994-12-03T11:54:10.043498Z, deviceId='C4ACD8C1-9F68-4DCF-B8 (truncated)...]
2025-12-03T11:54:10.054Z DEBUG 15034 --- [0.0-8080-exec-9] o.s.security.web.FilterChainProxy        : Secured POST /api/sessions/timer/action
2025-12-03T11:54:10.054Z DEBUG 15034 --- [0.0-8080-exec-9] o.s.web.servlet.DispatcherServlet        : POST "/api/sessions/timer/action", parameters={}
2025-12-03T11:54:10.054Z DEBUG 15034 --- [0.0-8080-exec-9] s.w.s.m.m.a.RequestMappingHandlerMapping : Mapped to com.sparkage.timebeam.presentation.controller.SessionController#pushTimerAction(TimerActionDto, Principal)
2025-12-03T11:54:10.055Z DEBUG 15034 --- [0.0-8080-exec-9] o.j.s.OpenEntityManagerInViewInterceptor : Opening JPA EntityManager in OpenEntityManagerInViewInterceptor
2025-12-03T11:54:10.055Z DEBUG 15034 --- [0.0-8080-exec-9] m.m.a.RequestResponseBodyMethodProcessor : Read "application/json;charset=UTF-8" to [TimerActionDto{action='sync', timestamp=1994-12-03T11:54:10.043770Z, deviceId='C4ACD8C1-9F68-4DCF-B8 (truncated)...]
2025-12-03T11:54:10.055Z DEBUG 15034 --- [0.0-8080-exec-1] horizationManagerBeforeMethodInterceptor : Authorizing method invocation ReflectiveMethodInvocation: public org.springframework.http.ResponseEntity com.sparkage.timebeam.presentation.controller.SessionController.pushTimerAction(com.sparkage.timebeam.presentation.dto.TimerActionDto,java.security.Principal); target is of class [com.sparkage.timebeam.presentation.controller.SessionController]
2025-12-03T11:54:10.055Z DEBUG 15034 --- [0.0-8080-exec-9] horizationManagerBeforeMethodInterceptor : Authorizing method invocation ReflectiveMethodInvocation: public org.springframework.http.ResponseEntity com.sparkage.timebeam.presentation.controller.SessionController.pushTimerAction(com.sparkage.timebeam.presentation.dto.TimerActionDto,java.security.Principal); target is of class [com.sparkage.timebeam.presentation.controller.SessionController]
2025-12-03T11:54:10.055Z DEBUG 15034 --- [0.0-8080-exec-9] horizationManagerBeforeMethodInterceptor : Authorized method invocation ReflectiveMethodInvocation: public org.springframework.http.ResponseEntity com.sparkage.timebeam.presentation.controller.SessionController.pushTimerAction(com.sparkage.timebeam.presentation.dto.TimerActionDto,java.security.Principal); target is of class [com.sparkage.timebeam.presentation.controller.SessionController]
2025-12-03T11:54:10.055Z DEBUG 15034 --- [0.0-8080-exec-9] c.s.t.p.controller.SessionController     : push timer action called: action=sync, device=C4ACD8C1-9F68-4DCF-B858-6EF76B6F2CFE
2025-12-03T11:54:10.055Z  INFO 15034 --- [0.0-8080-exec-9] c.s.t.a.service.TimerSyncService         : Pushing timer state for user=67546cba-5ba0-4b83-84bf-5906af7b2708, device=C4ACD8C1-9F68-4DCF-B858-6EF76B6F2CFE, timestamp=1994-12-03T11:54:10.043770Z
2025-12-03T11:54:10.055Z DEBUG 15034 --- [0.0-8080-exec-9] c.s.t.a.service.TimerSyncService         : Updated timer state for user=67546cba-5ba0-4b83-84bf-5906af7b2708 with device=C4ACD8C1-9F68-4DCF-B858-6EF76B6F2CFE
2025-12-03T11:54:10.055Z  INFO 15034 --- [0.0-8080-exec-9] c.s.t.p.controller.SessionController     : timer action pushed for user=67546cba-5ba0-4b83-84bf-5906af7b2708, device=C4ACD8C1-9F68-4DCF-B858-6EF76B6F2CFE, action=sync
2025-12-03T11:54:10.055Z  WARN 15034 --- [0.0-8080-exec-9] c.s.t.i.e.PushNotificationService        : getFcmTokensForUser not implemented - returning empty list
2025-12-03T11:54:10.055Z DEBUG 15034 --- [0.0-8080-exec-9] c.s.t.i.e.PushNotificationService        : No FCM tokens found for user: 67546cba-5ba0-4b83-84bf-5906af7b2708
2025-12-03T11:54:10.055Z DEBUG 15034 --- [0.0-8080-exec-1] horizationManagerBeforeMethodInterceptor : Authorized method invocation ReflectiveMethodInvocation: public org.springframework.http.ResponseEntity com.sparkage.timebeam.presentation.controller.SessionController.pushTimerAction(com.sparkage.timebeam.presentation.dto.TimerActionDto,java.security.Principal); target is of class [com.sparkage.timebeam.presentation.controller.SessionController]
2025-12-03T11:54:10.056Z DEBUG 15034 --- [0.0-8080-exec-1] c.s.t.p.controller.SessionController     : push timer action called: action=sync, device=C4ACD8C1-9F68-4DCF-B858-6EF76B6F2CFE
2025-12-03T11:54:10.056Z DEBUG 15034 --- [0.0-8080-exec-9] o.s.w.s.m.m.a.HttpEntityMethodProcessor  : Using 'application/json', given [*/*] and supported [application/json, application/*+json]
2025-12-03T11:54:10.056Z  INFO 15034 --- [0.0-8080-exec-1] c.s.t.a.service.TimerSyncService         : Pushing timer state for user=67546cba-5ba0-4b83-84bf-5906af7b2708, device=C4ACD8C1-9F68-4DCF-B858-6EF76B6F2CFE, timestamp=1994-12-03T11:54:10.043498Z
2025-12-03T11:54:10.056Z DEBUG 15034 --- [0.0-8080-exec-1] c.s.t.a.service.TimerSyncService         : Updated timer state for user=67546cba-5ba0-4b83-84bf-5906af7b2708 with device=C4ACD8C1-9F68-4DCF-B858-6EF76B6F2CFE
2025-12-03T11:54:10.056Z DEBUG 15034 --- [0.0-8080-exec-9] o.s.w.s.m.m.a.HttpEntityMethodProcessor  : Nothing to write: null body
2025-12-03T11:54:10.056Z DEBUG 15034 --- [0.0-8080-exec-9] o.j.s.OpenEntityManagerInViewInterceptor : Closing JPA EntityManager in OpenEntityManagerInViewInterceptor
2025-12-03T11:54:10.056Z DEBUG 15034 --- [0.0-8080-exec-9] o.s.web.servlet.DispatcherServlet        : Completed 200 OK
2025-12-03T11:54:10.056Z  INFO 15034 --- [0.0-8080-exec-1] c.s.t.p.controller.SessionController     : timer action pushed for user=67546cba-5ba0-4b83-84bf-5906af7b2708, device=C4ACD8C1-9F68-4DCF-B858-6EF76B6F2CFE, action=sync
2025-12-03T11:54:10.056Z  WARN 15034 --- [0.0-8080-exec-1] c.s.t.i.e.PushNotificationService        : getFcmTokensForUser not implemented - returning empty list
2025-12-03T11:54:10.056Z DEBUG 15034 --- [0.0-8080-exec-1] c.s.t.i.e.PushNotificationService        : No FCM tokens found for user: 67546cba-5ba0-4b83-84bf-5906af7b2708
2025-12-03T11:54:10.057Z DEBUG 15034 --- [0.0-8080-exec-1] o.s.w.s.m.m.a.HttpEntityMethodProcessor  : Using 'application/json', given [*/*] and supported [application/json, application/*+json]
2025-12-03T11:54:10.058Z DEBUG 15034 --- [0.0-8080-exec-1] o.s.w.s.m.m.a.HttpEntityMethodProcessor  : Nothing to write: null body
2025-12-03T11:54:10.058Z DEBUG 15034 --- [0.0-8080-exec-1] o.j.s.OpenEntityManagerInViewInterceptor : Closing JPA EntityManager in OpenEntityManagerInViewInterceptor
2025-12-03T11:54:10.058Z DEBUG 15034 --- [0.0-8080-exec-1] o.s.web.servlet.DispatcherServlet        : Completed 200 OK
2025-12-03T11:54:33.532Z DEBUG 15034 --- [.0-8080-exec-10] o.s.security.web.FilterChainProxy        : Securing GET /api/v1/analytics/weekly
2025-12-03T11:54:33.553Z DEBUG 15034 --- [.0-8080-exec-10] o.s.security.web.FilterChainProxy        : Secured GET /api/v1/analytics/weekly
2025-12-03T11:54:33.554Z DEBUG 15034 --- [.0-8080-exec-10] o.s.web.servlet.DispatcherServlet        : GET "/api/v1/analytics/weekly", parameters={}
2025-12-03T11:54:33.554Z DEBUG 15034 --- [.0-8080-exec-10] s.w.s.m.m.a.RequestMappingHandlerMapping : Mapped to com.sparkage.timebeam.presentation.controller.AnalyticsController#getWeeklyAnalytics(Authentication)
2025-12-03T11:54:33.555Z DEBUG 15034 --- [.0-8080-exec-10] o.j.s.OpenEntityManagerInViewInterceptor : Opening JPA EntityManager in OpenEntityManagerInViewInterceptor
2025-12-03T11:54:33.558Z DEBUG 15034 --- [.0-8080-exec-10] horizationManagerBeforeMethodInterceptor : Authorizing method invocation ReflectiveMethodInvocation: public org.springframework.http.ResponseEntity com.sparkage.timebeam.presentation.controller.AnalyticsController.getWeeklyAnalytics(org.springframework.security.core.Authentication); target is of class [com.sparkage.timebeam.presentation.controller.AnalyticsController]
2025-12-03T11:54:33.560Z DEBUG 15034 --- [.0-8080-exec-10] horizationManagerBeforeMethodInterceptor : Authorized method invocation ReflectiveMethodInvocation: public org.springframework.http.ResponseEntity com.sparkage.timebeam.presentation.controller.AnalyticsController.getWeeklyAnalytics(org.springframework.security.core.Authentication); target is of class [com.sparkage.timebeam.presentation.controller.AnalyticsController]
2025-12-03T11:54:33.561Z  INFO 15034 --- [.0-8080-exec-10] c.s.t.p.controller.AnalyticsController   : getWeeklyAnalytics userId=67546cba-5ba0-4b83-84bf-5906af7b2708
2025-12-03T11:54:33.561Z DEBUG 15034 --- [.0-8080-exec-10] c.s.t.a.service.AnalyticsService         : getWeeklyAnalytics userId=67546cba-5ba0-4b83-84bf-5906af7b2708
2025-12-03T11:54:33.561Z DEBUG 15034 --- [.0-8080-exec-10] c.s.t.a.service.AnalyticsService         : getDailyTotals userId=67546cba-5ba0-4b83-84bf-5906af7b2708, days=7, timezone=UTC
2025-12-03T11:54:33.562Z DEBUG 15034 --- [.0-8080-exec-10] o.s.jdbc.core.JdbcTemplate               : Executing prepared SQL query
2025-12-03T11:54:33.562Z DEBUG 15034 --- [.0-8080-exec-10] o.s.jdbc.core.JdbcTemplate               : Executing prepared SQL statement [SELECT
    work_date as date,
    SUM(duration_seconds / 60) as total_minutes,
    COUNT(*) as session_count
FROM (
    SELECT
        DATE(sr.started_at AT TIME ZONE ?) as work_date,
        sr.duration_seconds
    FROM session_records sr
    WHERE sr.user_id = ?::uuid
      AND sr.kind = 'WORK'
      AND sr.started_at >= ?::timestamptz
      AND sr.started_at < ?::timestamptz
) daily_work
GROUP BY work_date
ORDER BY work_date ASC
]
2025-12-03T11:54:33.563Z DEBUG 15034 --- [.0-8080-exec-10] o.s.jdbc.datasource.DataSourceUtils      : Fetching JDBC Connection from DataSource
2025-12-03T11:54:33.594Z  INFO 15034 --- [.0-8080-exec-10] c.s.t.a.service.AnalyticsService         : getDailyTotals returned 8 days of data
2025-12-03T11:54:33.598Z DEBUG 15034 --- [.0-8080-exec-10] o.s.jdbc.core.JdbcTemplate               : Executing prepared SQL query
2025-12-03T11:54:33.598Z DEBUG 15034 --- [.0-8080-exec-10] o.s.jdbc.core.JdbcTemplate               : Executing prepared SQL statement [SELECT
    COALESCE(SUM(duration_seconds / 60), 0) as minutes,
    COUNT(*) as sessions
FROM session_records sr
WHERE sr.user_id = ?::uuid
  AND sr.kind = 'WORK'
  AND DATE(sr.started_at AT TIME ZONE ?) = CURRENT_DATE AT TIME ZONE ?
]
2025-12-03T11:54:33.598Z DEBUG 15034 --- [.0-8080-exec-10] o.s.jdbc.datasource.DataSourceUtils      : Fetching JDBC Connection from DataSource
2025-12-03T11:54:33.600Z DEBUG 15034 --- [.0-8080-exec-10] o.s.jdbc.core.JdbcTemplate               : Executing prepared SQL query
2025-12-03T11:54:33.600Z DEBUG 15034 --- [.0-8080-exec-10] o.s.jdbc.core.JdbcTemplate               : Executing prepared SQL statement [SELECT
    COALESCE(SUM(duration_seconds / 60), 0) as minutes,
    COUNT(*) as sessions
FROM session_records sr
WHERE sr.user_id = ?::uuid
  AND sr.kind = 'WORK'
  AND sr.started_at >= (CURRENT_TIMESTAMP AT TIME ZONE ? - INTERVAL '7 days')
  AND sr.started_at < CURRENT_TIMESTAMP AT TIME ZONE ?
]
2025-12-03T11:54:33.600Z DEBUG 15034 --- [.0-8080-exec-10] o.s.jdbc.datasource.DataSourceUtils      : Fetching JDBC Connection from DataSource
2025-12-03T11:54:33.601Z DEBUG 15034 --- [.0-8080-exec-10] c.s.t.a.service.AnalyticsService         : getProductiveStreak userId=67546cba-5ba0-4b83-84bf-5906af7b2708, timezone=UTC
2025-12-03T11:54:33.602Z DEBUG 15034 --- [.0-8080-exec-10] o.s.jdbc.core.JdbcTemplate               : Executing prepared SQL query
2025-12-03T11:54:33.602Z DEBUG 15034 --- [.0-8080-exec-10] o.s.jdbc.core.JdbcTemplate               : Executing prepared SQL statement [WITH productive_days AS (
    SELECT DISTINCT DATE(sr.started_at AT TIME ZONE ?) as work_date
    FROM session_records sr
    WHERE sr.user_id = ?::uuid
      AND sr.kind = 'WORK'
      AND sr.started_at <= CURRENT_TIMESTAMP AT TIME ZONE ?
    ORDER BY work_date DESC
),
ranked_days AS (
    SELECT work_date,
           ROW_NUMBER() OVER (ORDER BY work_date DESC) as day_rank
    FROM productive_days
)
SELECT COUNT(*) as current_streak
FROM ranked_days
WHERE work_date = (DATE(CURRENT_TIMESTAMP AT TIME ZONE ?) - (day_rank - 1) * INTERVAL '1 day')
]
2025-12-03T11:54:33.602Z DEBUG 15034 --- [.0-8080-exec-10] o.s.jdbc.datasource.DataSourceUtils      : Fetching JDBC Connection from DataSource
2025-12-03T11:54:33.606Z  INFO 15034 --- [.0-8080-exec-10] c.s.t.a.service.AnalyticsService         : getProductiveStreak userId=67546cba-5ba0-4b83-84bf-5906af7b2708 streak=45 days
2025-12-03T11:54:33.606Z DEBUG 15034 --- [.0-8080-exec-10] o.s.jdbc.core.JdbcTemplate               : Executing prepared SQL query
2025-12-03T11:54:33.606Z DEBUG 15034 --- [.0-8080-exec-10] o.s.jdbc.core.JdbcTemplate               : Executing prepared SQL statement [SELECT
    sr.kind as type,
    (sr.duration_seconds / 60) as duration_minutes,
    sr.started_at as timestamp
FROM session_records sr
WHERE sr.user_id = ?::uuid
ORDER BY sr.started_at DESC
LIMIT ?
]
2025-12-03T11:54:33.606Z DEBUG 15034 --- [.0-8080-exec-10] o.s.jdbc.datasource.DataSourceUtils      : Fetching JDBC Connection from DataSource
2025-12-03T11:54:33.608Z  INFO 15034 --- [.0-8080-exec-10] c.s.t.a.service.AnalyticsService         : getWeeklyAnalytics returned 7 days of weekly data, 20 recent sessions
2025-12-03T11:54:33.609Z DEBUG 15034 --- [.0-8080-exec-10] o.s.w.s.m.m.a.HttpEntityMethodProcessor  : Using 'application/json', given [application/json] and supported [application/json, application/*+json]
2025-12-03T11:54:33.611Z DEBUG 15034 --- [.0-8080-exec-10] o.s.w.s.m.m.a.HttpEntityMethodProcessor  : Writing [{weekly_total={minutes=2284, sessions=96}, requested_at=1764762873608, best_streak={days=45, unit=da (truncated)...]
2025-12-03T11:54:33.615Z DEBUG 15034 --- [.0-8080-exec-10] o.j.s.OpenEntityManagerInViewInterceptor : Closing JPA EntityManager in OpenEntityManagerInViewInterceptor
2025-12-03T11:54:33.615Z DEBUG 15034 --- [.0-8080-exec-10] o.s.web.servlet.DispatcherServlet        : Completed 200 OK
2025-12-03T11:58:57.080Z DEBUG 15034 --- [0.0-8080-exec-2] o.s.security.web.FilterChainProxy        : Securing POST /api/auth/login
2025-12-03T11:58:57.089Z DEBUG 15034 --- [0.0-8080-exec-2] o.s.s.w.a.AnonymousAuthenticationFilter  : Set SecurityContextHolder to anonymous SecurityContext
2025-12-03T11:58:57.090Z DEBUG 15034 --- [0.0-8080-exec-2] o.s.security.web.FilterChainProxy        : Secured POST /api/auth/login
2025-12-03T11:58:57.091Z DEBUG 15034 --- [0.0-8080-exec-2] o.s.web.servlet.DispatcherServlet        : POST "/api/auth/login", parameters={}
2025-12-03T11:58:57.091Z DEBUG 15034 --- [0.0-8080-exec-2] s.w.s.m.m.a.RequestMappingHandlerMapping : Mapped to com.sparkage.timebeam.presentation.controller.AuthController#login(Login)
2025-12-03T11:58:57.093Z DEBUG 15034 --- [0.0-8080-exec-2] o.j.s.OpenEntityManagerInViewInterceptor : Opening JPA EntityManager in OpenEntityManagerInViewInterceptor
2025-12-03T11:58:57.120Z DEBUG 15034 --- [0.0-8080-exec-2] m.m.a.RequestResponseBodyMethodProcessor : Read "application/json;charset=UTF-8" to [com.sparkage.timebeam.presentation.dto.AuthRequests$Login@4633bb08]
2025-12-03T11:58:57.129Z DEBUG 15034 --- [0.0-8080-exec-2] c.s.t.p.controller.AuthController        : Login request received for email=k****@gmail.com
2025-12-03T11:58:57.130Z DEBUG 15034 --- [0.0-8080-exec-2] c.s.t.application.service.AuthService    : auth.login called for email=kaisbk1@gmail.com
2025-12-03T11:58:57.174Z DEBUG 15034 --- [0.0-8080-exec-2] org.hibernate.SQL                        : 
    select
        u1_0.id,
        u1_0.is_admin,
        u1_0.display_name,
        u1_0.email 
    from
        users u1_0 
    where
        u1_0.email=?
2025-12-03T11:58:57.207Z  INFO 15034 --- [0.0-8080-exec-2] c.s.t.application.service.AuthService    : login success for userId=67546cba-5ba0-4b83-84bf-5906af7b2708
2025-12-03T11:58:57.207Z  INFO 15034 --- [0.0-8080-exec-2] c.s.t.p.controller.AuthController        : User logged in successfully: email=k****@gmail.com
2025-12-03T11:58:57.207Z DEBUG 15034 --- [0.0-8080-exec-2] o.s.w.s.m.m.a.HttpEntityMethodProcessor  : Using 'application/json', given [*/*] and supported [application/json, application/*+json]
2025-12-03T11:58:57.208Z DEBUG 15034 --- [0.0-8080-exec-2] o.s.w.s.m.m.a.HttpEntityMethodProcessor  : Writing [{accessToken=eyJhbGciOiJIUzM4NCJ9.eyJzdWIiOiI2NzU0NmNiYS01YmEwLTRiODMtODRiZi01OTA2YWY3YjI3MDgiLCJpYX (truncated)...]
2025-12-03T11:58:57.209Z DEBUG 15034 --- [0.0-8080-exec-2] o.j.s.OpenEntityManagerInViewInterceptor : Closing JPA EntityManager in OpenEntityManagerInViewInterceptor
2025-12-03T11:58:57.209Z DEBUG 15034 --- [0.0-8080-exec-2] o.s.web.servlet.DispatcherServlet        : Completed 200 OK
2025-12-03T11:58:57.557Z DEBUG 15034 --- [0.0-8080-exec-5] o.s.security.web.FilterChainProxy        : Securing GET /api/sessions/timer/state
2025-12-03T11:58:57.559Z DEBUG 15034 --- [0.0-8080-exec-6] o.s.security.web.FilterChainProxy        : Securing GET /api/sessions/timer/state
2025-12-03T11:58:57.566Z DEBUG 15034 --- [0.0-8080-exec-5] o.s.security.web.FilterChainProxy        : Secured GET /api/sessions/timer/state
2025-12-03T11:58:57.567Z DEBUG 15034 --- [0.0-8080-exec-5] o.s.web.servlet.DispatcherServlet        : GET "/api/sessions/timer/state", parameters={}
2025-12-03T11:58:57.567Z DEBUG 15034 --- [0.0-8080-exec-5] s.w.s.m.m.a.RequestMappingHandlerMapping : Mapped to com.sparkage.timebeam.presentation.controller.SessionController#pullTimerState(Principal)
2025-12-03T11:58:57.567Z DEBUG 15034 --- [0.0-8080-exec-5] o.j.s.OpenEntityManagerInViewInterceptor : Opening JPA EntityManager in OpenEntityManagerInViewInterceptor
2025-12-03T11:58:57.567Z DEBUG 15034 --- [0.0-8080-exec-6] o.s.security.web.FilterChainProxy        : Secured GET /api/sessions/timer/state
2025-12-03T11:58:57.567Z DEBUG 15034 --- [0.0-8080-exec-5] horizationManagerBeforeMethodInterceptor : Authorizing method invocation ReflectiveMethodInvocation: public org.springframework.http.ResponseEntity com.sparkage.timebeam.presentation.controller.SessionController.pullTimerState(java.security.Principal); target is of class [com.sparkage.timebeam.presentation.controller.SessionController]
2025-12-03T11:58:57.567Z DEBUG 15034 --- [0.0-8080-exec-6] o.s.web.servlet.DispatcherServlet        : GET "/api/sessions/timer/state", parameters={}
2025-12-03T11:58:57.567Z DEBUG 15034 --- [0.0-8080-exec-6] s.w.s.m.m.a.RequestMappingHandlerMapping : Mapped to com.sparkage.timebeam.presentation.controller.SessionController#pullTimerState(Principal)
2025-12-03T11:58:57.567Z DEBUG 15034 --- [0.0-8080-exec-6] o.j.s.OpenEntityManagerInViewInterceptor : Opening JPA EntityManager in OpenEntityManagerInViewInterceptor
2025-12-03T11:58:57.567Z DEBUG 15034 --- [0.0-8080-exec-6] horizationManagerBeforeMethodInterceptor : Authorizing method invocation ReflectiveMethodInvocation: public org.springframework.http.ResponseEntity com.sparkage.timebeam.presentation.controller.SessionController.pullTimerState(java.security.Principal); target is of class [com.sparkage.timebeam.presentation.controller.SessionController]
2025-12-03T11:58:57.568Z DEBUG 15034 --- [0.0-8080-exec-5] horizationManagerBeforeMethodInterceptor : Authorized method invocation ReflectiveMethodInvocation: public org.springframework.http.ResponseEntity com.sparkage.timebeam.presentation.controller.SessionController.pullTimerState(java.security.Principal); target is of class [com.sparkage.timebeam.presentation.controller.SessionController]
2025-12-03T11:58:57.568Z DEBUG 15034 --- [0.0-8080-exec-6] horizationManagerBeforeMethodInterceptor : Authorized method invocation ReflectiveMethodInvocation: public org.springframework.http.ResponseEntity com.sparkage.timebeam.presentation.controller.SessionController.pullTimerState(java.security.Principal); target is of class [com.sparkage.timebeam.presentation.controller.SessionController]
2025-12-03T11:58:57.568Z DEBUG 15034 --- [0.0-8080-exec-5] c.s.t.p.controller.SessionController     : pull timer state called
2025-12-03T11:58:57.568Z DEBUG 15034 --- [0.0-8080-exec-6] c.s.t.p.controller.SessionController     : pull timer state called
2025-12-03T11:58:57.570Z DEBUG 15034 --- [0.0-8080-exec-6] c.s.t.a.service.TimerSyncService         : Pulled timer state for user=67546cba-5ba0-4b83-84bf-5906af7b2708, device=C4ACD8C1-9F68-4DCF-B858-6EF76B6F2CFE, timestamp=1994-12-03T11:54:10.043498Z
2025-12-03T11:58:57.570Z DEBUG 15034 --- [0.0-8080-exec-5] c.s.t.a.service.TimerSyncService         : Pulled timer state for user=67546cba-5ba0-4b83-84bf-5906af7b2708, device=C4ACD8C1-9F68-4DCF-B858-6EF76B6F2CFE, timestamp=1994-12-03T11:54:10.043498Z
2025-12-03T11:58:57.570Z  INFO 15034 --- [0.0-8080-exec-5] c.s.t.p.controller.SessionController     : timer state pulled for user=67546cba-5ba0-4b83-84bf-5906af7b2708, device=C4ACD8C1-9F68-4DCF-B858-6EF76B6F2CFE
2025-12-03T11:58:57.570Z  INFO 15034 --- [0.0-8080-exec-6] c.s.t.p.controller.SessionController     : timer state pulled for user=67546cba-5ba0-4b83-84bf-5906af7b2708, device=C4ACD8C1-9F68-4DCF-B858-6EF76B6F2CFE
2025-12-03T11:58:57.571Z DEBUG 15034 --- [0.0-8080-exec-5] o.s.w.s.m.m.a.HttpEntityMethodProcessor  : Using 'application/json', given [*/*] and supported [application/json, application/*+json]
2025-12-03T11:58:57.571Z DEBUG 15034 --- [0.0-8080-exec-6] o.s.w.s.m.m.a.HttpEntityMethodProcessor  : Using 'application/json', given [*/*] and supported [application/json, application/*+json]
2025-12-03T11:58:57.571Z DEBUG 15034 --- [0.0-8080-exec-6] o.s.w.s.m.m.a.HttpEntityMethodProcessor  : Writing [TimerStateDto{phase='WORK', remainingSeconds=1500, isRunning=false, timestamp=1994-12-03T11:54:10.04 (truncated)...]
2025-12-03T11:58:57.571Z DEBUG 15034 --- [0.0-8080-exec-5] o.s.w.s.m.m.a.HttpEntityMethodProcessor  : Writing [TimerStateDto{phase='WORK', remainingSeconds=1500, isRunning=false, timestamp=1994-12-03T11:54:10.04 (truncated)...]
2025-12-03T11:58:57.573Z DEBUG 15034 --- [0.0-8080-exec-6] o.j.s.OpenEntityManagerInViewInterceptor : Closing JPA EntityManager in OpenEntityManagerInViewInterceptor
2025-12-03T11:58:57.573Z DEBUG 15034 --- [0.0-8080-exec-5] o.j.s.OpenEntityManagerInViewInterceptor : Closing JPA EntityManager in OpenEntityManagerInViewInterceptor
2025-12-03T11:58:57.573Z DEBUG 15034 --- [0.0-8080-exec-6] o.s.web.servlet.DispatcherServlet        : Completed 200 OK
2025-12-03T11:58:57.573Z DEBUG 15034 --- [0.0-8080-exec-5] o.s.web.servlet.DispatcherServlet        : Completed 200 OK
2025-12-03T11:58:57.584Z DEBUG 15034 --- [0.0-8080-exec-7] o.s.security.web.FilterChainProxy        : Securing POST /api/sessions/timer/action
2025-12-03T11:58:57.585Z DEBUG 15034 --- [0.0-8080-exec-8] o.s.security.web.FilterChainProxy        : Securing POST /api/sessions/timer/action
2025-12-03T11:58:57.591Z DEBUG 15034 --- [0.0-8080-exec-8] o.s.security.web.FilterChainProxy        : Secured POST /api/sessions/timer/action
2025-12-03T11:58:57.591Z DEBUG 15034 --- [0.0-8080-exec-7] o.s.security.web.FilterChainProxy        : Secured POST /api/sessions/timer/action
2025-12-03T11:58:57.591Z DEBUG 15034 --- [0.0-8080-exec-8] o.s.web.servlet.DispatcherServlet        : POST "/api/sessions/timer/action", parameters={}
2025-12-03T11:58:57.591Z DEBUG 15034 --- [0.0-8080-exec-8] s.w.s.m.m.a.RequestMappingHandlerMapping : Mapped to com.sparkage.timebeam.presentation.controller.SessionController#pushTimerAction(TimerActionDto, Principal)
2025-12-03T11:58:57.591Z DEBUG 15034 --- [0.0-8080-exec-8] o.j.s.OpenEntityManagerInViewInterceptor : Opening JPA EntityManager in OpenEntityManagerInViewInterceptor
2025-12-03T11:58:57.591Z DEBUG 15034 --- [0.0-8080-exec-7] o.s.web.servlet.DispatcherServlet        : POST "/api/sessions/timer/action", parameters={}
2025-12-03T11:58:57.591Z DEBUG 15034 --- [0.0-8080-exec-7] s.w.s.m.m.a.RequestMappingHandlerMapping : Mapped to com.sparkage.timebeam.presentation.controller.SessionController#pushTimerAction(TimerActionDto, Principal)
2025-12-03T11:58:57.591Z DEBUG 15034 --- [0.0-8080-exec-7] o.j.s.OpenEntityManagerInViewInterceptor : Opening JPA EntityManager in OpenEntityManagerInViewInterceptor
2025-12-03T11:58:57.594Z DEBUG 15034 --- [0.0-8080-exec-8] m.m.a.RequestResponseBodyMethodProcessor : Read "application/json;charset=UTF-8" to [TimerActionDto{action='sync', timestamp=1994-12-03T11:58:57.577905Z, deviceId='2B1ACB4E-F503-4680-AD (truncated)...]
2025-12-03T11:58:57.594Z DEBUG 15034 --- [0.0-8080-exec-7] m.m.a.RequestResponseBodyMethodProcessor : Read "application/json;charset=UTF-8" to [TimerActionDto{action='sync', timestamp=1994-12-03T11:58:57.578157Z, deviceId='2B1ACB4E-F503-4680-AD (truncated)...]
2025-12-03T11:58:57.595Z DEBUG 15034 --- [0.0-8080-exec-7] horizationManagerBeforeMethodInterceptor : Authorizing method invocation ReflectiveMethodInvocation: public org.springframework.http.ResponseEntity com.sparkage.timebeam.presentation.controller.SessionController.pushTimerAction(com.sparkage.timebeam.presentation.dto.TimerActionDto,java.security.Principal); target is of class [com.sparkage.timebeam.presentation.controller.SessionController]
2025-12-03T11:58:57.595Z DEBUG 15034 --- [0.0-8080-exec-8] horizationManagerBeforeMethodInterceptor : Authorizing method invocation ReflectiveMethodInvocation: public org.springframework.http.ResponseEntity com.sparkage.timebeam.presentation.controller.SessionController.pushTimerAction(com.sparkage.timebeam.presentation.dto.TimerActionDto,java.security.Principal); target is of class [com.sparkage.timebeam.presentation.controller.SessionController]
2025-12-03T11:58:57.596Z DEBUG 15034 --- [0.0-8080-exec-7] horizationManagerBeforeMethodInterceptor : Authorized method invocation ReflectiveMethodInvocation: public org.springframework.http.ResponseEntity com.sparkage.timebeam.presentation.controller.SessionController.pushTimerAction(com.sparkage.timebeam.presentation.dto.TimerActionDto,java.security.Principal); target is of class [com.sparkage.timebeam.presentation.controller.SessionController]
2025-12-03T11:58:57.596Z DEBUG 15034 --- [0.0-8080-exec-7] c.s.t.p.controller.SessionController     : push timer action called: action=sync, device=2B1ACB4E-F503-4680-ADC2-B0C3C9E91437
2025-12-03T11:58:57.596Z DEBUG 15034 --- [0.0-8080-exec-8] horizationManagerBeforeMethodInterceptor : Authorized method invocation ReflectiveMethodInvocation: public org.springframework.http.ResponseEntity com.sparkage.timebeam.presentation.controller.SessionController.pushTimerAction(com.sparkage.timebeam.presentation.dto.TimerActionDto,java.security.Principal); target is of class [com.sparkage.timebeam.presentation.controller.SessionController]
2025-12-03T11:58:57.596Z DEBUG 15034 --- [0.0-8080-exec-8] c.s.t.p.controller.SessionController     : push timer action called: action=sync, device=2B1ACB4E-F503-4680-ADC2-B0C3C9E91437
2025-12-03T11:58:57.596Z  INFO 15034 --- [0.0-8080-exec-7] c.s.t.a.service.TimerSyncService         : Pushing timer state for user=67546cba-5ba0-4b83-84bf-5906af7b2708, device=2B1ACB4E-F503-4680-ADC2-B0C3C9E91437, timestamp=1994-12-03T11:58:57.578157Z
2025-12-03T11:58:57.596Z DEBUG 15034 --- [0.0-8080-exec-7] c.s.t.a.service.TimerSyncService         : Updated timer state for user=67546cba-5ba0-4b83-84bf-5906af7b2708 with device=2B1ACB4E-F503-4680-ADC2-B0C3C9E91437
2025-12-03T11:58:57.596Z  INFO 15034 --- [0.0-8080-exec-7] c.s.t.p.controller.SessionController     : timer action pushed for user=67546cba-5ba0-4b83-84bf-5906af7b2708, device=2B1ACB4E-F503-4680-ADC2-B0C3C9E91437, action=sync
2025-12-03T11:58:57.596Z  INFO 15034 --- [0.0-8080-exec-8] c.s.t.a.service.TimerSyncService         : Pushing timer state for user=67546cba-5ba0-4b83-84bf-5906af7b2708, device=2B1ACB4E-F503-4680-ADC2-B0C3C9E91437, timestamp=1994-12-03T11:58:57.577905Z
2025-12-03T11:58:57.596Z DEBUG 15034 --- [0.0-8080-exec-8] c.s.t.a.service.TimerSyncService         : Updated timer state for user=67546cba-5ba0-4b83-84bf-5906af7b2708 with device=2B1ACB4E-F503-4680-ADC2-B0C3C9E91437
2025-12-03T11:58:57.596Z  INFO 15034 --- [0.0-8080-exec-8] c.s.t.p.controller.SessionController     : timer action pushed for user=67546cba-5ba0-4b83-84bf-5906af7b2708, device=2B1ACB4E-F503-4680-ADC2-B0C3C9E91437, action=sync
2025-12-03T11:58:57.597Z  WARN 15034 --- [0.0-8080-exec-8] c.s.t.i.e.PushNotificationService        : getFcmTokensForUser not implemented - returning empty list
2025-12-03T11:58:57.597Z  WARN 15034 --- [0.0-8080-exec-7] c.s.t.i.e.PushNotificationService        : getFcmTokensForUser not implemented - returning empty list
2025-12-03T11:58:57.597Z DEBUG 15034 --- [0.0-8080-exec-7] c.s.t.i.e.PushNotificationService        : No FCM tokens found for user: 67546cba-5ba0-4b83-84bf-5906af7b2708
2025-12-03T11:58:57.597Z DEBUG 15034 --- [0.0-8080-exec-8] c.s.t.i.e.PushNotificationService        : No FCM tokens found for user: 67546cba-5ba0-4b83-84bf-5906af7b2708
2025-12-03T11:58:57.597Z DEBUG 15034 --- [0.0-8080-exec-8] o.s.w.s.m.m.a.HttpEntityMethodProcessor  : Using 'application/json', given [*/*] and supported [application/json, application/*+json]
2025-12-03T11:58:57.597Z DEBUG 15034 --- [0.0-8080-exec-7] o.s.w.s.m.m.a.HttpEntityMethodProcessor  : Using 'application/json', given [*/*] and supported [application/json, application/*+json]
2025-12-03T11:58:57.597Z DEBUG 15034 --- [0.0-8080-exec-8] o.s.w.s.m.m.a.HttpEntityMethodProcessor  : Nothing to write: null body
2025-12-03T11:58:57.597Z DEBUG 15034 --- [0.0-8080-exec-7] o.s.w.s.m.m.a.HttpEntityMethodProcessor  : Nothing to write: null body
2025-12-03T11:58:57.597Z DEBUG 15034 --- [0.0-8080-exec-7] o.j.s.OpenEntityManagerInViewInterceptor : Closing JPA EntityManager in OpenEntityManagerInViewInterceptor
2025-12-03T11:58:57.597Z DEBUG 15034 --- [0.0-8080-exec-7] o.s.web.servlet.DispatcherServlet        : Completed 200 OK
2025-12-03T11:58:57.597Z DEBUG 15034 --- [0.0-8080-exec-8] o.j.s.OpenEntityManagerInViewInterceptor : Closing JPA EntityManager in OpenEntityManagerInViewInterceptor
2025-12-03T11:58:57.598Z DEBUG 15034 --- [0.0-8080-exec-8] o.s.web.servlet.DispatcherServlet        : Completed 200 OK
2025-12-03T12:03:37.686Z DEBUG 15034 --- [.0-8080-exec-10] o.s.security.web.FilterChainProxy        : Securing POST /api/auth/login
2025-12-03T12:03:37.738Z DEBUG 15034 --- [.0-8080-exec-10] o.s.s.w.a.AnonymousAuthenticationFilter  : Set SecurityContextHolder to anonymous SecurityContext
2025-12-03T12:03:37.748Z DEBUG 15034 --- [.0-8080-exec-10] o.s.security.web.FilterChainProxy        : Secured POST /api/auth/login
2025-12-03T12:03:37.750Z DEBUG 15034 --- [.0-8080-exec-10] o.s.web.servlet.DispatcherServlet        : POST "/api/auth/login", parameters={}
2025-12-03T12:03:37.752Z DEBUG 15034 --- [.0-8080-exec-10] s.w.s.m.m.a.RequestMappingHandlerMapping : Mapped to com.sparkage.timebeam.presentation.controller.AuthController#login(Login)
2025-12-03T12:03:37.755Z DEBUG 15034 --- [.0-8080-exec-10] o.j.s.OpenEntityManagerInViewInterceptor : Opening JPA EntityManager in OpenEntityManagerInViewInterceptor
2025-12-03T12:03:37.793Z DEBUG 15034 --- [.0-8080-exec-10] m.m.a.RequestResponseBodyMethodProcessor : Read "application/json;charset=UTF-8" to [com.sparkage.timebeam.presentation.dto.AuthRequests$Login@1cdf27]
2025-12-03T12:03:37.806Z DEBUG 15034 --- [.0-8080-exec-10] c.s.t.p.controller.AuthController        : Login request received for email=k****@gmail.com
2025-12-03T12:03:37.807Z DEBUG 15034 --- [.0-8080-exec-10] c.s.t.application.service.AuthService    : auth.login called for email=kaisbk1@gmail.com
2025-12-03T12:03:37.849Z DEBUG 15034 --- [.0-8080-exec-10] org.hibernate.SQL                        : 
    select
        u1_0.id,
        u1_0.is_admin,
        u1_0.display_name,
        u1_0.email 
    from
        users u1_0 
    where
        u1_0.email=?
2025-12-03T12:03:37.871Z  WARN 15034 --- [.0-8080-exec-10] com.zaxxer.hikari.pool.PoolBase          : HikariPool-1 - Failed to validate connection org.postgresql.jdbc.PgConnection@3d3f781c (This connection has been closed.). Possibly consider using a shorter maxLifetime value.
2025-12-03T12:03:37.880Z  WARN 15034 --- [.0-8080-exec-10] com.zaxxer.hikari.pool.PoolBase          : HikariPool-1 - Failed to validate connection org.postgresql.jdbc.PgConnection@2119eb42 (This connection has been closed.). Possibly consider using a shorter maxLifetime value.
2025-12-03T12:03:37.884Z  WARN 15034 --- [.0-8080-exec-10] com.zaxxer.hikari.pool.PoolBase          : HikariPool-1 - Failed to validate connection org.postgresql.jdbc.PgConnection@206f52e9 (This connection has been closed.). Possibly consider using a shorter maxLifetime value.
2025-12-03T12:03:37.887Z  WARN 15034 --- [.0-8080-exec-10] com.zaxxer.hikari.pool.PoolBase          : HikariPool-1 - Failed to validate connection org.postgresql.jdbc.PgConnection@66562160 (This connection has been closed.). Possibly consider using a shorter maxLifetime value.
2025-12-03T12:03:37.889Z  WARN 15034 --- [.0-8080-exec-10] com.zaxxer.hikari.pool.PoolBase          : HikariPool-1 - Failed to validate connection org.postgresql.jdbc.PgConnection@70fb7c1c (This connection has been closed.). Possibly consider using a shorter maxLifetime value.
2025-12-03T12:03:37.889Z  WARN 15034 --- [.0-8080-exec-10] com.zaxxer.hikari.pool.PoolBase          : HikariPool-1 - Failed to validate connection org.postgresql.jdbc.PgConnection@1e56caba (This connection has been closed.). Possibly consider using a shorter maxLifetime value.
2025-12-03T12:03:37.891Z  WARN 15034 --- [.0-8080-exec-10] com.zaxxer.hikari.pool.PoolBase          : HikariPool-1 - Failed to validate connection org.postgresql.jdbc.PgConnection@44743b83 (This connection has been closed.). Possibly consider using a shorter maxLifetime value.
2025-12-03T12:03:37.893Z  WARN 15034 --- [.0-8080-exec-10] com.zaxxer.hikari.pool.PoolBase          : HikariPool-1 - Failed to validate connection org.postgresql.jdbc.PgConnection@13fe4f4c (This connection has been closed.). Possibly consider using a shorter maxLifetime value.
2025-12-03T12:03:37.894Z  WARN 15034 --- [.0-8080-exec-10] com.zaxxer.hikari.pool.PoolBase          : HikariPool-1 - Failed to validate connection org.postgresql.jdbc.PgConnection@384edab3 (This connection has been closed.). Possibly consider using a shorter maxLifetime value.
2025-12-03T12:03:37.894Z  WARN 15034 --- [.0-8080-exec-10] com.zaxxer.hikari.pool.PoolBase          : HikariPool-1 - Failed to validate connection org.postgresql.jdbc.PgConnection@1065c41a (This connection has been closed.). Possibly consider using a shorter maxLifetime value.
2025-12-03T12:03:37.998Z  INFO 15034 --- [.0-8080-exec-10] c.s.t.application.service.AuthService    : login success for userId=67546cba-5ba0-4b83-84bf-5906af7b2708
2025-12-03T12:03:37.998Z  INFO 15034 --- [.0-8080-exec-10] c.s.t.p.controller.AuthController        : User logged in successfully: email=k****@gmail.com
2025-12-03T12:03:38.002Z DEBUG 15034 --- [.0-8080-exec-10] o.s.w.s.m.m.a.HttpEntityMethodProcessor  : Using 'application/json', given [*/*] and supported [application/json, application/*+json]
2025-12-03T12:03:38.005Z DEBUG 15034 --- [.0-8080-exec-10] o.s.w.s.m.m.a.HttpEntityMethodProcessor  : Writing [{accessToken=eyJhbGciOiJIUzM4NCJ9.eyJzdWIiOiI2NzU0NmNiYS01YmEwLTRiODMtODRiZi01OTA2YWY3YjI3MDgiLCJpYX (truncated)...]
2025-12-03T12:03:38.009Z DEBUG 15034 --- [.0-8080-exec-10] o.j.s.OpenEntityManagerInViewInterceptor : Closing JPA EntityManager in OpenEntityManagerInViewInterceptor
2025-12-03T12:03:38.009Z DEBUG 15034 --- [.0-8080-exec-10] o.s.web.servlet.DispatcherServlet        : Completed 200 OK
2025-12-03T12:03:38.602Z DEBUG 15034 --- [0.0-8080-exec-3] o.s.security.web.FilterChainProxy        : Securing GET /api/sessions/timer/state
2025-12-03T12:03:38.612Z DEBUG 15034 --- [0.0-8080-exec-3] o.s.security.web.FilterChainProxy        : Secured GET /api/sessions/timer/state
2025-12-03T12:03:38.613Z DEBUG 15034 --- [0.0-8080-exec-3] o.s.web.servlet.DispatcherServlet        : GET "/api/sessions/timer/state", parameters={}
2025-12-03T12:03:38.613Z DEBUG 15034 --- [0.0-8080-exec-3] s.w.s.m.m.a.RequestMappingHandlerMapping : Mapped to com.sparkage.timebeam.presentation.controller.SessionController#pullTimerState(Principal)
2025-12-03T12:03:38.614Z DEBUG 15034 --- [0.0-8080-exec-3] o.j.s.OpenEntityManagerInViewInterceptor : Opening JPA EntityManager in OpenEntityManagerInViewInterceptor
2025-12-03T12:03:38.615Z DEBUG 15034 --- [0.0-8080-exec-3] horizationManagerBeforeMethodInterceptor : Authorizing method invocation ReflectiveMethodInvocation: public org.springframework.http.ResponseEntity com.sparkage.timebeam.presentation.controller.SessionController.pullTimerState(java.security.Principal); target is of class [com.sparkage.timebeam.presentation.controller.SessionController]
2025-12-03T12:03:38.618Z DEBUG 15034 --- [0.0-8080-exec-3] horizationManagerBeforeMethodInterceptor : Authorized method invocation ReflectiveMethodInvocation: public org.springframework.http.ResponseEntity com.sparkage.timebeam.presentation.controller.SessionController.pullTimerState(java.security.Principal); target is of class [com.sparkage.timebeam.presentation.controller.SessionController]
2025-12-03T12:03:38.619Z DEBUG 15034 --- [0.0-8080-exec-3] c.s.t.p.controller.SessionController     : pull timer state called
2025-12-03T12:03:38.619Z DEBUG 15034 --- [0.0-8080-exec-4] o.s.security.web.FilterChainProxy        : Securing GET /api/sessions/timer/state
2025-12-03T12:03:38.619Z DEBUG 15034 --- [0.0-8080-exec-3] c.s.t.a.service.TimerSyncService         : Pulled timer state for user=67546cba-5ba0-4b83-84bf-5906af7b2708, device=2B1ACB4E-F503-4680-ADC2-B0C3C9E91437, timestamp=1994-12-03T11:58:57.577905Z
2025-12-03T12:03:38.622Z  INFO 15034 --- [0.0-8080-exec-3] c.s.t.p.controller.SessionController     : timer state pulled for user=67546cba-5ba0-4b83-84bf-5906af7b2708, device=2B1ACB4E-F503-4680-ADC2-B0C3C9E91437
2025-12-03T12:03:38.623Z DEBUG 15034 --- [0.0-8080-exec-3] o.s.w.s.m.m.a.HttpEntityMethodProcessor  : Using 'application/json', given [*/*] and supported [application/json, application/*+json]
2025-12-03T12:03:38.624Z DEBUG 15034 --- [0.0-8080-exec-3] o.s.w.s.m.m.a.HttpEntityMethodProcessor  : Writing [TimerStateDto{phase='WORK', remainingSeconds=1500, isRunning=false, timestamp=1994-12-03T11:58:57.57 (truncated)...]
2025-12-03T12:03:38.625Z DEBUG 15034 --- [0.0-8080-exec-3] o.j.s.OpenEntityManagerInViewInterceptor : Closing JPA EntityManager in OpenEntityManagerInViewInterceptor
2025-12-03T12:03:38.626Z DEBUG 15034 --- [0.0-8080-exec-3] o.s.web.servlet.DispatcherServlet        : Completed 200 OK
2025-12-03T12:03:38.633Z DEBUG 15034 --- [0.0-8080-exec-4] o.s.security.web.FilterChainProxy        : Secured GET /api/sessions/timer/state
2025-12-03T12:03:38.634Z DEBUG 15034 --- [0.0-8080-exec-4] o.s.web.servlet.DispatcherServlet        : GET "/api/sessions/timer/state", parameters={}
2025-12-03T12:03:38.634Z DEBUG 15034 --- [0.0-8080-exec-4] s.w.s.m.m.a.RequestMappingHandlerMapping : Mapped to com.sparkage.timebeam.presentation.controller.SessionController#pullTimerState(Principal)
2025-12-03T12:03:38.638Z DEBUG 15034 --- [0.0-8080-exec-4] o.j.s.OpenEntityManagerInViewInterceptor : Opening JPA EntityManager in OpenEntityManagerInViewInterceptor
2025-12-03T12:03:38.640Z DEBUG 15034 --- [0.0-8080-exec-4] horizationManagerBeforeMethodInterceptor : Authorizing method invocation ReflectiveMethodInvocation: public org.springframework.http.ResponseEntity com.sparkage.timebeam.presentation.controller.SessionController.pullTimerState(java.security.Principal); target is of class [com.sparkage.timebeam.presentation.controller.SessionController]
2025-12-03T12:03:38.642Z DEBUG 15034 --- [0.0-8080-exec-4] horizationManagerBeforeMethodInterceptor : Authorized method invocation ReflectiveMethodInvocation: public org.springframework.http.ResponseEntity com.sparkage.timebeam.presentation.controller.SessionController.pullTimerState(java.security.Principal); target is of class [com.sparkage.timebeam.presentation.controller.SessionController]
2025-12-03T12:03:38.642Z DEBUG 15034 --- [0.0-8080-exec-4] c.s.t.p.controller.SessionController     : pull timer state called
2025-12-03T12:03:38.643Z DEBUG 15034 --- [0.0-8080-exec-4] c.s.t.a.service.TimerSyncService         : Pulled timer state for user=67546cba-5ba0-4b83-84bf-5906af7b2708, device=2B1ACB4E-F503-4680-ADC2-B0C3C9E91437, timestamp=1994-12-03T11:58:57.577905Z
2025-12-03T12:03:38.643Z  INFO 15034 --- [0.0-8080-exec-4] c.s.t.p.controller.SessionController     : timer state pulled for user=67546cba-5ba0-4b83-84bf-5906af7b2708, device=2B1ACB4E-F503-4680-ADC2-B0C3C9E91437
2025-12-03T12:03:38.643Z DEBUG 15034 --- [0.0-8080-exec-4] o.s.w.s.m.m.a.HttpEntityMethodProcessor  : Using 'application/json', given [*/*] and supported [application/json, application/*+json]
2025-12-03T12:03:38.643Z DEBUG 15034 --- [0.0-8080-exec-4] o.s.w.s.m.m.a.HttpEntityMethodProcessor  : Writing [TimerStateDto{phase='WORK', remainingSeconds=1500, isRunning=false, timestamp=1994-12-03T11:58:57.57 (truncated)...]
2025-12-03T12:03:38.645Z DEBUG 15034 --- [0.0-8080-exec-4] o.j.s.OpenEntityManagerInViewInterceptor : Closing JPA EntityManager in OpenEntityManagerInViewInterceptor
2025-12-03T12:03:38.645Z DEBUG 15034 --- [0.0-8080-exec-4] o.s.web.servlet.DispatcherServlet        : Completed 200 OK
2025-12-03T12:03:38.652Z DEBUG 15034 --- [0.0-8080-exec-2] o.s.security.web.FilterChainProxy        : Securing POST /api/sessions/timer/state
2025-12-03T12:03:38.666Z DEBUG 15034 --- [0.0-8080-exec-5] o.s.security.web.FilterChainProxy        : Securing POST /api/sessions/timer/state
2025-12-03T12:03:38.674Z DEBUG 15034 --- [0.0-8080-exec-2] o.s.security.web.FilterChainProxy        : Secured POST /api/sessions/timer/state
2025-12-03T12:03:38.674Z DEBUG 15034 --- [0.0-8080-exec-2] o.s.web.servlet.DispatcherServlet        : POST "/api/sessions/timer/state", parameters={}
2025-12-03T12:03:38.674Z DEBUG 15034 --- [0.0-8080-exec-2] s.w.s.m.m.a.RequestMappingHandlerMapping : Mapped to com.sparkage.timebeam.presentation.controller.SessionController#pushTimerState(TimerStateDto, Principal)
2025-12-03T12:03:38.675Z DEBUG 15034 --- [0.0-8080-exec-2] o.j.s.OpenEntityManagerInViewInterceptor : Opening JPA EntityManager in OpenEntityManagerInViewInterceptor
2025-12-03T12:03:38.706Z DEBUG 15034 --- [0.0-8080-exec-5] o.s.security.web.FilterChainProxy        : Secured POST /api/sessions/timer/state
2025-12-03T12:03:38.706Z DEBUG 15034 --- [0.0-8080-exec-5] o.s.web.servlet.DispatcherServlet        : POST "/api/sessions/timer/state", parameters={}
2025-12-03T12:03:38.706Z DEBUG 15034 --- [0.0-8080-exec-5] s.w.s.m.m.a.RequestMappingHandlerMapping : Mapped to com.sparkage.timebeam.presentation.controller.SessionController#pushTimerState(TimerStateDto, Principal)
2025-12-03T12:03:38.706Z DEBUG 15034 --- [0.0-8080-exec-5] o.j.s.OpenEntityManagerInViewInterceptor : Opening JPA EntityManager in OpenEntityManagerInViewInterceptor
2025-12-03T12:03:38.722Z DEBUG 15034 --- [0.0-8080-exec-2] m.m.a.RequestResponseBodyMethodProcessor : Read "application/json;charset=UTF-8" to [TimerStateDto{phase='work', remainingSeconds=1500, isRunning=false, timestamp=1994-12-03T12:03:38.63 (truncated)...]
2025-12-03T12:03:38.722Z DEBUG 15034 --- [0.0-8080-exec-5] m.m.a.RequestResponseBodyMethodProcessor : Read "application/json;charset=UTF-8" to [TimerStateDto{phase='work', remainingSeconds=1500, isRunning=false, timestamp=1994-12-03T12:03:38.65 (truncated)...]
2025-12-03T12:03:38.727Z DEBUG 15034 --- [0.0-8080-exec-2] horizationManagerBeforeMethodInterceptor : Authorizing method invocation ReflectiveMethodInvocation: public org.springframework.http.ResponseEntity com.sparkage.timebeam.presentation.controller.SessionController.pushTimerState(com.sparkage.timebeam.presentation.dto.TimerStateDto,java.security.Principal); target is of class [com.sparkage.timebeam.presentation.controller.SessionController]
2025-12-03T12:03:38.727Z DEBUG 15034 --- [0.0-8080-exec-5] horizationManagerBeforeMethodInterceptor : Authorizing method invocation ReflectiveMethodInvocation: public org.springframework.http.ResponseEntity com.sparkage.timebeam.presentation.controller.SessionController.pushTimerState(com.sparkage.timebeam.presentation.dto.TimerStateDto,java.security.Principal); target is of class [com.sparkage.timebeam.presentation.controller.SessionController]
2025-12-03T12:03:38.730Z DEBUG 15034 --- [0.0-8080-exec-2] horizationManagerBeforeMethodInterceptor : Authorized method invocation ReflectiveMethodInvocation: public org.springframework.http.ResponseEntity com.sparkage.timebeam.presentation.controller.SessionController.pushTimerState(com.sparkage.timebeam.presentation.dto.TimerStateDto,java.security.Principal); target is of class [com.sparkage.timebeam.presentation.controller.SessionController]
2025-12-03T12:03:38.730Z DEBUG 15034 --- [0.0-8080-exec-2] c.s.t.p.controller.SessionController     : push timer state called: device=6F1CE3D2-1227-4B0C-A8F9-4AA64F27D042
2025-12-03T12:03:38.730Z DEBUG 15034 --- [0.0-8080-exec-5] horizationManagerBeforeMethodInterceptor : Authorized method invocation ReflectiveMethodInvocation: public org.springframework.http.ResponseEntity com.sparkage.timebeam.presentation.controller.SessionController.pushTimerState(com.sparkage.timebeam.presentation.dto.TimerStateDto,java.security.Principal); target is of class [com.sparkage.timebeam.presentation.controller.SessionController]
2025-12-03T12:03:38.730Z DEBUG 15034 --- [0.0-8080-exec-5] c.s.t.p.controller.SessionController     : push timer state called: device=6F1CE3D2-1227-4B0C-A8F9-4AA64F27D042
2025-12-03T12:03:38.730Z  INFO 15034 --- [0.0-8080-exec-2] c.s.t.a.service.TimerSyncService         : Pushing timer state for user=67546cba-5ba0-4b83-84bf-5906af7b2708, device=6F1CE3D2-1227-4B0C-A8F9-4AA64F27D042, timestamp=1994-12-03T12:03:38.639945Z
2025-12-03T12:03:38.730Z DEBUG 15034 --- [0.0-8080-exec-2] c.s.t.a.service.TimerSyncService         : Updated timer state for user=67546cba-5ba0-4b83-84bf-5906af7b2708 with device=6F1CE3D2-1227-4B0C-A8F9-4AA64F27D042
2025-12-03T12:03:38.730Z  INFO 15034 --- [0.0-8080-exec-2] c.s.t.p.controller.SessionController     : timer state pushed for user=67546cba-5ba0-4b83-84bf-5906af7b2708, device=6F1CE3D2-1227-4B0C-A8F9-4AA64F27D042
2025-12-03T12:03:38.731Z DEBUG 15034 --- [0.0-8080-exec-2] o.s.w.s.m.m.a.HttpEntityMethodProcessor  : Using 'application/json', given [*/*] and supported [application/json, application/*+json]
2025-12-03T12:03:38.731Z DEBUG 15034 --- [0.0-8080-exec-2] o.s.w.s.m.m.a.HttpEntityMethodProcessor  : Nothing to write: null body
2025-12-03T12:03:38.730Z  INFO 15034 --- [0.0-8080-exec-5] c.s.t.a.service.TimerSyncService         : Pushing timer state for user=67546cba-5ba0-4b83-84bf-5906af7b2708, device=6F1CE3D2-1227-4B0C-A8F9-4AA64F27D042, timestamp=1994-12-03T12:03:38.659282Z
2025-12-03T12:03:38.731Z DEBUG 15034 --- [0.0-8080-exec-5] c.s.t.a.service.TimerSyncService         : Updated timer state for user=67546cba-5ba0-4b83-84bf-5906af7b2708 with device=6F1CE3D2-1227-4B0C-A8F9-4AA64F27D042
2025-12-03T12:03:38.731Z DEBUG 15034 --- [0.0-8080-exec-2] o.j.s.OpenEntityManagerInViewInterceptor : Closing JPA EntityManager in OpenEntityManagerInViewInterceptor
2025-12-03T12:03:38.731Z  INFO 15034 --- [0.0-8080-exec-5] c.s.t.p.controller.SessionController     : timer state pushed for user=67546cba-5ba0-4b83-84bf-5906af7b2708, device=6F1CE3D2-1227-4B0C-A8F9-4AA64F27D042
2025-12-03T12:03:38.731Z DEBUG 15034 --- [0.0-8080-exec-2] o.s.web.servlet.DispatcherServlet        : Completed 200 OK
2025-12-03T12:03:38.731Z DEBUG 15034 --- [0.0-8080-exec-5] o.s.w.s.m.m.a.HttpEntityMethodProcessor  : Using 'application/json', given [*/*] and supported [application/json, application/*+json]
2025-12-03T12:03:38.731Z DEBUG 15034 --- [0.0-8080-exec-5] o.s.w.s.m.m.a.HttpEntityMethodProcessor  : Nothing to write: null body
2025-12-03T12:03:38.731Z DEBUG 15034 --- [0.0-8080-exec-5] o.j.s.OpenEntityManagerInViewInterceptor : Closing JPA EntityManager in OpenEntityManagerInViewInterceptor
2025-12-03T12:03:38.731Z DEBUG 15034 --- [0.0-8080-exec-5] o.s.web.servlet.DispatcherServlet        : Completed 200 OK
2025-12-03T12:03:53.832Z DEBUG 15034 --- [0.0-8080-exec-6] o.s.security.web.FilterChainProxy        : Securing POST /api/auth/login
2025-12-03T12:03:53.837Z DEBUG 15034 --- [0.0-8080-exec-6] o.s.s.w.a.AnonymousAuthenticationFilter  : Set SecurityContextHolder to anonymous SecurityContext
2025-12-03T12:03:53.838Z DEBUG 15034 --- [0.0-8080-exec-6] o.s.security.web.FilterChainProxy        : Secured POST /api/auth/login
2025-12-03T12:03:53.838Z DEBUG 15034 --- [0.0-8080-exec-6] o.s.web.servlet.DispatcherServlet        : POST "/api/auth/login", parameters={}
2025-12-03T12:03:53.839Z DEBUG 15034 --- [0.0-8080-exec-6] s.w.s.m.m.a.RequestMappingHandlerMapping : Mapped to com.sparkage.timebeam.presentation.controller.AuthController#login(Login)
2025-12-03T12:03:53.840Z DEBUG 15034 --- [0.0-8080-exec-6] o.j.s.OpenEntityManagerInViewInterceptor : Opening JPA EntityManager in OpenEntityManagerInViewInterceptor
2025-12-03T12:03:53.842Z DEBUG 15034 --- [0.0-8080-exec-6] m.m.a.RequestResponseBodyMethodProcessor : Read "application/json;charset=UTF-8" to [com.sparkage.timebeam.presentation.dto.AuthRequests$Login@39020d14]
2025-12-03T12:03:53.844Z DEBUG 15034 --- [0.0-8080-exec-6] c.s.t.p.controller.AuthController        : Login request received for email=k****@gmail.com
2025-12-03T12:03:53.844Z DEBUG 15034 --- [0.0-8080-exec-6] c.s.t.application.service.AuthService    : auth.login called for email=kaisbk1@gmail.com
2025-12-03T12:03:53.849Z DEBUG 15034 --- [0.0-8080-exec-6] org.hibernate.SQL                        : 
    select
        u1_0.id,
        u1_0.is_admin,
        u1_0.display_name,
        u1_0.email 
    from
        users u1_0 
    where
        u1_0.email=?
2025-12-03T12:03:53.881Z  INFO 15034 --- [0.0-8080-exec-6] c.s.t.application.service.AuthService    : login success for userId=67546cba-5ba0-4b83-84bf-5906af7b2708
2025-12-03T12:03:53.881Z  INFO 15034 --- [0.0-8080-exec-6] c.s.t.p.controller.AuthController        : User logged in successfully: email=k****@gmail.com
2025-12-03T12:03:53.883Z DEBUG 15034 --- [0.0-8080-exec-6] o.s.w.s.m.m.a.HttpEntityMethodProcessor  : Using 'application/json', given [*/*] and supported [application/json, application/*+json]
2025-12-03T12:03:53.884Z DEBUG 15034 --- [0.0-8080-exec-6] o.s.w.s.m.m.a.HttpEntityMethodProcessor  : Writing [{accessToken=eyJhbGciOiJIUzM4NCJ9.eyJzdWIiOiI2NzU0NmNiYS01YmEwLTRiODMtODRiZi01OTA2YWY3YjI3MDgiLCJpYX (truncated)...]
2025-12-03T12:03:53.884Z DEBUG 15034 --- [0.0-8080-exec-6] o.j.s.OpenEntityManagerInViewInterceptor : Closing JPA EntityManager in OpenEntityManagerInViewInterceptor
2025-12-03T12:03:53.887Z DEBUG 15034 --- [0.0-8080-exec-6] o.s.web.servlet.DispatcherServlet        : Completed 200 OK
2025-12-03T12:03:54.062Z DEBUG 15034 --- [0.0-8080-exec-8] o.s.security.web.FilterChainProxy        : Securing GET /api/sessions/timer/state
2025-12-03T12:03:54.077Z DEBUG 15034 --- [0.0-8080-exec-8] o.s.security.web.FilterChainProxy        : Secured GET /api/sessions/timer/state
2025-12-03T12:03:54.078Z DEBUG 15034 --- [0.0-8080-exec-8] o.s.web.servlet.DispatcherServlet        : GET "/api/sessions/timer/state", parameters={}
2025-12-03T12:03:54.078Z DEBUG 15034 --- [0.0-8080-exec-8] s.w.s.m.m.a.RequestMappingHandlerMapping : Mapped to com.sparkage.timebeam.presentation.controller.SessionController#pullTimerState(Principal)
2025-12-03T12:03:54.078Z DEBUG 15034 --- [0.0-8080-exec-8] o.j.s.OpenEntityManagerInViewInterceptor : Opening JPA EntityManager in OpenEntityManagerInViewInterceptor
2025-12-03T12:03:54.079Z DEBUG 15034 --- [0.0-8080-exec-8] horizationManagerBeforeMethodInterceptor : Authorizing method invocation ReflectiveMethodInvocation: public org.springframework.http.ResponseEntity com.sparkage.timebeam.presentation.controller.SessionController.pullTimerState(java.security.Principal); target is of class [com.sparkage.timebeam.presentation.controller.SessionController]
2025-12-03T12:03:54.080Z DEBUG 15034 --- [0.0-8080-exec-8] horizationManagerBeforeMethodInterceptor : Authorized method invocation ReflectiveMethodInvocation: public org.springframework.http.ResponseEntity com.sparkage.timebeam.presentation.controller.SessionController.pullTimerState(java.security.Principal); target is of class [com.sparkage.timebeam.presentation.controller.SessionController]
2025-12-03T12:03:54.080Z DEBUG 15034 --- [0.0-8080-exec-8] c.s.t.p.controller.SessionController     : pull timer state called
2025-12-03T12:03:54.082Z DEBUG 15034 --- [0.0-8080-exec-8] c.s.t.a.service.TimerSyncService         : Pulled timer state for user=67546cba-5ba0-4b83-84bf-5906af7b2708, device=6F1CE3D2-1227-4B0C-A8F9-4AA64F27D042, timestamp=1994-12-03T12:03:38.659282Z
2025-12-03T12:03:54.082Z  INFO 15034 --- [0.0-8080-exec-8] c.s.t.p.controller.SessionController     : timer state pulled for user=67546cba-5ba0-4b83-84bf-5906af7b2708, device=6F1CE3D2-1227-4B0C-A8F9-4AA64F27D042
2025-12-03T12:03:54.083Z DEBUG 15034 --- [0.0-8080-exec-8] o.s.w.s.m.m.a.HttpEntityMethodProcessor  : Using 'application/json', given [*/*] and supported [application/json, application/*+json]
2025-12-03T12:03:54.083Z DEBUG 15034 --- [0.0-8080-exec-8] o.s.w.s.m.m.a.HttpEntityMethodProcessor  : Writing [TimerStateDto{phase='work', remainingSeconds=1500, isRunning=false, timestamp=1994-12-03T12:03:38.65 (truncated)...]
2025-12-03T12:03:54.084Z DEBUG 15034 --- [0.0-8080-exec-8] o.j.s.OpenEntityManagerInViewInterceptor : Closing JPA EntityManager in OpenEntityManagerInViewInterceptor
2025-12-03T12:03:54.084Z DEBUG 15034 --- [0.0-8080-exec-8] o.s.web.servlet.DispatcherServlet        : Completed 200 OK
2025-12-03T12:03:54.091Z DEBUG 15034 --- [0.0-8080-exec-7] o.s.security.web.FilterChainProxy        : Securing POST /api/sessions/timer/state
2025-12-03T12:03:54.100Z DEBUG 15034 --- [0.0-8080-exec-7] o.s.security.web.FilterChainProxy        : Secured POST /api/sessions/timer/state
2025-12-03T12:03:54.101Z DEBUG 15034 --- [0.0-8080-exec-7] o.s.web.servlet.DispatcherServlet        : POST "/api/sessions/timer/state", parameters={}
2025-12-03T12:03:54.101Z DEBUG 15034 --- [0.0-8080-exec-7] s.w.s.m.m.a.RequestMappingHandlerMapping : Mapped to com.sparkage.timebeam.presentation.controller.SessionController#pushTimerState(TimerStateDto, Principal)
2025-12-03T12:03:54.102Z DEBUG 15034 --- [0.0-8080-exec-7] o.j.s.OpenEntityManagerInViewInterceptor : Opening JPA EntityManager in OpenEntityManagerInViewInterceptor
2025-12-03T12:03:54.104Z DEBUG 15034 --- [0.0-8080-exec-7] m.m.a.RequestResponseBodyMethodProcessor : Read "application/json;charset=UTF-8" to [TimerStateDto{phase='longBreak', remainingSeconds=892, isRunning=false, timestamp=1994-12-03T11:18:4 (truncated)...]
2025-12-03T12:03:54.105Z DEBUG 15034 --- [0.0-8080-exec-7] horizationManagerBeforeMethodInterceptor : Authorizing method invocation ReflectiveMethodInvocation: public org.springframework.http.ResponseEntity com.sparkage.timebeam.presentation.controller.SessionController.pushTimerState(com.sparkage.timebeam.presentation.dto.TimerStateDto,java.security.Principal); target is of class [com.sparkage.timebeam.presentation.controller.SessionController]
2025-12-03T12:03:54.105Z DEBUG 15034 --- [0.0-8080-exec-7] horizationManagerBeforeMethodInterceptor : Authorized method invocation ReflectiveMethodInvocation: public org.springframework.http.ResponseEntity com.sparkage.timebeam.presentation.controller.SessionController.pushTimerState(com.sparkage.timebeam.presentation.dto.TimerStateDto,java.security.Principal); target is of class [com.sparkage.timebeam.presentation.controller.SessionController]
2025-12-03T12:03:54.105Z DEBUG 15034 --- [0.0-8080-exec-7] c.s.t.p.controller.SessionController     : push timer state called: device=4DA9E8E0-3DF3-448F-A7C3-95D5A84F60AB
2025-12-03T12:03:54.105Z  INFO 15034 --- [0.0-8080-exec-7] c.s.t.a.service.TimerSyncService         : Pushing timer state for user=67546cba-5ba0-4b83-84bf-5906af7b2708, device=4DA9E8E0-3DF3-448F-A7C3-95D5A84F60AB, timestamp=1994-12-03T11:18:40.023333Z
2025-12-03T12:03:54.105Z DEBUG 15034 --- [0.0-8080-exec-7] c.s.t.a.service.TimerSyncService         : Updated timer state for user=67546cba-5ba0-4b83-84bf-5906af7b2708 with device=4DA9E8E0-3DF3-448F-A7C3-95D5A84F60AB
2025-12-03T12:03:54.105Z  INFO 15034 --- [0.0-8080-exec-7] c.s.t.p.controller.SessionController     : timer state pushed for user=67546cba-5ba0-4b83-84bf-5906af7b2708, device=4DA9E8E0-3DF3-448F-A7C3-95D5A84F60AB
2025-12-03T12:03:54.107Z DEBUG 15034 --- [0.0-8080-exec-7] o.s.w.s.m.m.a.HttpEntityMethodProcessor  : Using 'application/json', given [*/*] and supported [application/json, application/*+json]
2025-12-03T12:03:54.107Z DEBUG 15034 --- [0.0-8080-exec-7] o.s.w.s.m.m.a.HttpEntityMethodProcessor  : Nothing to write: null body
2025-12-03T12:03:54.107Z DEBUG 15034 --- [0.0-8080-exec-7] o.j.s.OpenEntityManagerInViewInterceptor : Closing JPA EntityManager in OpenEntityManagerInViewInterceptor
2025-12-03T12:03:54.107Z DEBUG 15034 --- [0.0-8080-exec-7] o.s.web.servlet.DispatcherServlet        : Completed 200 OK
2025-12-03T12:03:54.590Z DEBUG 15034 --- [0.0-8080-exec-9] o.s.security.web.FilterChainProxy        : Securing GET /api/sessions/timer/state
2025-12-03T12:03:54.604Z DEBUG 15034 --- [0.0-8080-exec-9] o.s.security.web.FilterChainProxy        : Secured GET /api/sessions/timer/state
2025-12-03T12:03:54.604Z DEBUG 15034 --- [0.0-8080-exec-9] o.s.web.servlet.DispatcherServlet        : GET "/api/sessions/timer/state", parameters={}
2025-12-03T12:03:54.604Z DEBUG 15034 --- [0.0-8080-exec-9] s.w.s.m.m.a.RequestMappingHandlerMapping : Mapped to com.sparkage.timebeam.presentation.controller.SessionController#pullTimerState(Principal)
2025-12-03T12:03:54.605Z DEBUG 15034 --- [0.0-8080-exec-9] o.j.s.OpenEntityManagerInViewInterceptor : Opening JPA EntityManager in OpenEntityManagerInViewInterceptor
2025-12-03T12:03:54.605Z DEBUG 15034 --- [0.0-8080-exec-9] horizationManagerBeforeMethodInterceptor : Authorizing method invocation ReflectiveMethodInvocation: public org.springframework.http.ResponseEntity com.sparkage.timebeam.presentation.controller.SessionController.pullTimerState(java.security.Principal); target is of class [com.sparkage.timebeam.presentation.controller.SessionController]
2025-12-03T12:03:54.606Z DEBUG 15034 --- [0.0-8080-exec-9] horizationManagerBeforeMethodInterceptor : Authorized method invocation ReflectiveMethodInvocation: public org.springframework.http.ResponseEntity com.sparkage.timebeam.presentation.controller.SessionController.pullTimerState(java.security.Principal); target is of class [com.sparkage.timebeam.presentation.controller.SessionController]
2025-12-03T12:03:54.606Z DEBUG 15034 --- [0.0-8080-exec-9] c.s.t.p.controller.SessionController     : pull timer state called
2025-12-03T12:03:54.606Z DEBUG 15034 --- [0.0-8080-exec-9] c.s.t.a.service.TimerSyncService         : Pulled timer state for user=67546cba-5ba0-4b83-84bf-5906af7b2708, device=4DA9E8E0-3DF3-448F-A7C3-95D5A84F60AB, timestamp=1994-12-03T11:18:40.023333Z
2025-12-03T12:03:54.606Z  INFO 15034 --- [0.0-8080-exec-9] c.s.t.p.controller.SessionController     : timer state pulled for user=67546cba-5ba0-4b83-84bf-5906af7b2708, device=4DA9E8E0-3DF3-448F-A7C3-95D5A84F60AB
2025-12-03T12:03:54.606Z DEBUG 15034 --- [0.0-8080-exec-9] o.s.w.s.m.m.a.HttpEntityMethodProcessor  : Using 'application/json', given [*/*] and supported [application/json, application/*+json]
2025-12-03T12:03:54.607Z DEBUG 15034 --- [0.0-8080-exec-9] o.s.w.s.m.m.a.HttpEntityMethodProcessor  : Writing [TimerStateDto{phase='longBreak', remainingSeconds=892, isRunning=false, timestamp=1994-12-03T11:18:4 (truncated)...]
2025-12-03T12:03:54.608Z DEBUG 15034 --- [0.0-8080-exec-9] o.j.s.OpenEntityManagerInViewInterceptor : Closing JPA EntityManager in OpenEntityManagerInViewInterceptor
2025-12-03T12:03:54.608Z DEBUG 15034 --- [0.0-8080-exec-9] o.s.web.servlet.DispatcherServlet        : Completed 200 OK
2025-12-03T12:03:54.614Z DEBUG 15034 --- [0.0-8080-exec-1] o.s.security.web.FilterChainProxy        : Securing POST /api/sessions/timer/state
2025-12-03T12:03:54.621Z DEBUG 15034 --- [0.0-8080-exec-1] o.s.security.web.FilterChainProxy        : Secured POST /api/sessions/timer/state
2025-12-03T12:03:54.622Z DEBUG 15034 --- [0.0-8080-exec-1] o.s.web.servlet.DispatcherServlet        : POST "/api/sessions/timer/state", parameters={}
2025-12-03T12:03:54.622Z DEBUG 15034 --- [0.0-8080-exec-1] s.w.s.m.m.a.RequestMappingHandlerMapping : Mapped to com.sparkage.timebeam.presentation.controller.SessionController#pushTimerState(TimerStateDto, Principal)
2025-12-03T12:03:54.622Z DEBUG 15034 --- [0.0-8080-exec-1] o.j.s.OpenEntityManagerInViewInterceptor : Opening JPA EntityManager in OpenEntityManagerInViewInterceptor
2025-12-03T12:03:54.624Z DEBUG 15034 --- [0.0-8080-exec-1] m.m.a.RequestResponseBodyMethodProcessor : Read "application/json;charset=UTF-8" to [TimerStateDto{phase='longBreak', remainingSeconds=892, isRunning=false, timestamp=1994-12-03T11:18:4 (truncated)...]
2025-12-03T12:03:54.624Z DEBUG 15034 --- [0.0-8080-exec-1] horizationManagerBeforeMethodInterceptor : Authorizing method invocation ReflectiveMethodInvocation: public org.springframework.http.ResponseEntity com.sparkage.timebeam.presentation.controller.SessionController.pushTimerState(com.sparkage.timebeam.presentation.dto.TimerStateDto,java.security.Principal); target is of class [com.sparkage.timebeam.presentation.controller.SessionController]
2025-12-03T12:03:54.625Z DEBUG 15034 --- [0.0-8080-exec-1] horizationManagerBeforeMethodInterceptor : Authorized method invocation ReflectiveMethodInvocation: public org.springframework.http.ResponseEntity com.sparkage.timebeam.presentation.controller.SessionController.pushTimerState(com.sparkage.timebeam.presentation.dto.TimerStateDto,java.security.Principal); target is of class [com.sparkage.timebeam.presentation.controller.SessionController]
2025-12-03T12:03:54.625Z DEBUG 15034 --- [0.0-8080-exec-1] c.s.t.p.controller.SessionController     : push timer state called: device=4DA9E8E0-3DF3-448F-A7C3-95D5A84F60AB
2025-12-03T12:03:54.625Z  INFO 15034 --- [0.0-8080-exec-1] c.s.t.a.service.TimerSyncService         : Pushing timer state for user=67546cba-5ba0-4b83-84bf-5906af7b2708, device=4DA9E8E0-3DF3-448F-A7C3-95D5A84F60AB, timestamp=1994-12-03T11:18:40.023333Z
2025-12-03T12:03:54.625Z DEBUG 15034 --- [0.0-8080-exec-1] c.s.t.a.service.TimerSyncService         : Updated timer state for user=67546cba-5ba0-4b83-84bf-5906af7b2708 with device=4DA9E8E0-3DF3-448F-A7C3-95D5A84F60AB
2025-12-03T12:03:54.625Z  INFO 15034 --- [0.0-8080-exec-1] c.s.t.p.controller.SessionController     : timer state pushed for user=67546cba-5ba0-4b83-84bf-5906af7b2708, device=4DA9E8E0-3DF3-448F-A7C3-95D5A84F60AB
2025-12-03T12:03:54.626Z DEBUG 15034 --- [0.0-8080-exec-1] o.s.w.s.m.m.a.HttpEntityMethodProcessor  : Using 'application/json', given [*/*] and supported [application/json, application/*+json]
2025-12-03T12:03:54.626Z DEBUG 15034 --- [0.0-8080-exec-1] o.s.w.s.m.m.a.HttpEntityMethodProcessor  : Nothing to write: null body
2025-12-03T12:03:54.626Z DEBUG 15034 --- [0.0-8080-exec-1] o.j.s.OpenEntityManagerInViewInterceptor : Closing JPA EntityManager in OpenEntityManagerInViewInterceptor
2025-12-03T12:03:54.626Z DEBUG 15034 --- [0.0-8080-exec-1] o.s.web.servlet.DispatcherServlet        : Completed 200 OK
2025-12-03T12:05:44.315Z DEBUG 15034 --- [0.0-8080-exec-5] o.s.security.web.FilterChainProxy        : Securing GET /api/v1/analytics/weekly
2025-12-03T12:05:44.334Z DEBUG 15034 --- [0.0-8080-exec-5] o.s.security.web.FilterChainProxy        : Secured GET /api/v1/analytics/weekly
2025-12-03T12:05:44.336Z DEBUG 15034 --- [0.0-8080-exec-5] o.s.web.servlet.DispatcherServlet        : GET "/api/v1/analytics/weekly", parameters={}
2025-12-03T12:05:44.336Z DEBUG 15034 --- [0.0-8080-exec-5] s.w.s.m.m.a.RequestMappingHandlerMapping : Mapped to com.sparkage.timebeam.presentation.controller.AnalyticsController#getWeeklyAnalytics(Authentication)
2025-12-03T12:05:44.337Z DEBUG 15034 --- [0.0-8080-exec-5] o.j.s.OpenEntityManagerInViewInterceptor : Opening JPA EntityManager in OpenEntityManagerInViewInterceptor
2025-12-03T12:05:44.339Z DEBUG 15034 --- [0.0-8080-exec-5] horizationManagerBeforeMethodInterceptor : Authorizing method invocation ReflectiveMethodInvocation: public org.springframework.http.ResponseEntity com.sparkage.timebeam.presentation.controller.AnalyticsController.getWeeklyAnalytics(org.springframework.security.core.Authentication); target is of class [com.sparkage.timebeam.presentation.controller.AnalyticsController]
2025-12-03T12:05:44.341Z DEBUG 15034 --- [0.0-8080-exec-5] horizationManagerBeforeMethodInterceptor : Authorized method invocation ReflectiveMethodInvocation: public org.springframework.http.ResponseEntity com.sparkage.timebeam.presentation.controller.AnalyticsController.getWeeklyAnalytics(org.springframework.security.core.Authentication); target is of class [com.sparkage.timebeam.presentation.controller.AnalyticsController]
2025-12-03T12:05:44.341Z  INFO 15034 --- [0.0-8080-exec-5] c.s.t.p.controller.AnalyticsController   : getWeeklyAnalytics userId=67546cba-5ba0-4b83-84bf-5906af7b2708
2025-12-03T12:05:44.342Z DEBUG 15034 --- [0.0-8080-exec-5] c.s.t.a.service.AnalyticsService         : getWeeklyAnalytics userId=67546cba-5ba0-4b83-84bf-5906af7b2708
2025-12-03T12:05:44.343Z DEBUG 15034 --- [0.0-8080-exec-5] c.s.t.a.service.AnalyticsService         : getDailyTotals userId=67546cba-5ba0-4b83-84bf-5906af7b2708, days=7, timezone=UTC
2025-12-03T12:05:44.344Z DEBUG 15034 --- [0.0-8080-exec-5] o.s.jdbc.core.JdbcTemplate               : Executing prepared SQL query
2025-12-03T12:05:44.344Z DEBUG 15034 --- [0.0-8080-exec-5] o.s.jdbc.core.JdbcTemplate               : Executing prepared SQL statement [SELECT
    work_date as date,
    SUM(duration_seconds / 60) as total_minutes,
    COUNT(*) as session_count
FROM (
    SELECT
        DATE(sr.started_at AT TIME ZONE ?) as work_date,
        sr.duration_seconds
    FROM session_records sr
    WHERE sr.user_id = ?::uuid
      AND sr.kind = 'WORK'
      AND sr.started_at >= ?::timestamptz
      AND sr.started_at < ?::timestamptz
) daily_work
GROUP BY work_date
ORDER BY work_date ASC
]
2025-12-03T12:05:44.345Z DEBUG 15034 --- [0.0-8080-exec-5] o.s.jdbc.datasource.DataSourceUtils      : Fetching JDBC Connection from DataSource
2025-12-03T12:05:44.381Z  INFO 15034 --- [0.0-8080-exec-5] c.s.t.a.service.AnalyticsService         : getDailyTotals returned 8 days of data
2025-12-03T12:05:44.382Z DEBUG 15034 --- [0.0-8080-exec-5] o.s.jdbc.core.JdbcTemplate               : Executing prepared SQL query
2025-12-03T12:05:44.383Z DEBUG 15034 --- [0.0-8080-exec-5] o.s.jdbc.core.JdbcTemplate               : Executing prepared SQL statement [SELECT
    COALESCE(SUM(duration_seconds / 60), 0) as minutes,
    COUNT(*) as sessions
FROM session_records sr
WHERE sr.user_id = ?::uuid
  AND sr.kind = 'WORK'
  AND DATE(sr.started_at AT TIME ZONE ?) = CURRENT_DATE AT TIME ZONE ?
]
2025-12-03T12:05:44.383Z DEBUG 15034 --- [0.0-8080-exec-5] o.s.jdbc.datasource.DataSourceUtils      : Fetching JDBC Connection from DataSource
2025-12-03T12:05:44.386Z DEBUG 15034 --- [0.0-8080-exec-5] o.s.jdbc.core.JdbcTemplate               : Executing prepared SQL query
2025-12-03T12:05:44.387Z DEBUG 15034 --- [0.0-8080-exec-5] o.s.jdbc.core.JdbcTemplate               : Executing prepared SQL statement [SELECT
    COALESCE(SUM(duration_seconds / 60), 0) as minutes,
    COUNT(*) as sessions
FROM session_records sr
WHERE sr.user_id = ?::uuid
  AND sr.kind = 'WORK'
  AND sr.started_at >= (CURRENT_TIMESTAMP AT TIME ZONE ? - INTERVAL '7 days')
  AND sr.started_at < CURRENT_TIMESTAMP AT TIME ZONE ?
]
2025-12-03T12:05:44.387Z DEBUG 15034 --- [0.0-8080-exec-5] o.s.jdbc.datasource.DataSourceUtils      : Fetching JDBC Connection from DataSource
2025-12-03T12:05:44.390Z DEBUG 15034 --- [0.0-8080-exec-5] c.s.t.a.service.AnalyticsService         : getProductiveStreak userId=67546cba-5ba0-4b83-84bf-5906af7b2708, timezone=UTC
2025-12-03T12:05:44.390Z DEBUG 15034 --- [0.0-8080-exec-5] o.s.jdbc.core.JdbcTemplate               : Executing prepared SQL query
2025-12-03T12:05:44.390Z DEBUG 15034 --- [0.0-8080-exec-5] o.s.jdbc.core.JdbcTemplate               : Executing prepared SQL statement [WITH productive_days AS (
    SELECT DISTINCT DATE(sr.started_at AT TIME ZONE ?) as work_date
    FROM session_records sr
    WHERE sr.user_id = ?::uuid
      AND sr.kind = 'WORK'
      AND sr.started_at <= CURRENT_TIMESTAMP AT TIME ZONE ?
    ORDER BY work_date DESC
),
ranked_days AS (
    SELECT work_date,
           ROW_NUMBER() OVER (ORDER BY work_date DESC) as day_rank
    FROM productive_days
)
SELECT COUNT(*) as current_streak
FROM ranked_days
WHERE work_date = (DATE(CURRENT_TIMESTAMP AT TIME ZONE ?) - (day_rank - 1) * INTERVAL '1 day')
]
2025-12-03T12:05:44.390Z DEBUG 15034 --- [0.0-8080-exec-5] o.s.jdbc.datasource.DataSourceUtils      : Fetching JDBC Connection from DataSource
2025-12-03T12:05:44.395Z  INFO 15034 --- [0.0-8080-exec-5] c.s.t.a.service.AnalyticsService         : getProductiveStreak userId=67546cba-5ba0-4b83-84bf-5906af7b2708 streak=45 days
2025-12-03T12:05:44.395Z DEBUG 15034 --- [0.0-8080-exec-5] o.s.jdbc.core.JdbcTemplate               : Executing prepared SQL query
2025-12-03T12:05:44.395Z DEBUG 15034 --- [0.0-8080-exec-5] o.s.jdbc.core.JdbcTemplate               : Executing prepared SQL statement [SELECT
    sr.kind as type,
    (sr.duration_seconds / 60) as duration_minutes,
    sr.started_at as timestamp
FROM session_records sr
WHERE sr.user_id = ?::uuid
ORDER BY sr.started_at DESC
LIMIT ?
]
2025-12-03T12:05:44.395Z DEBUG 15034 --- [0.0-8080-exec-5] o.s.jdbc.datasource.DataSourceUtils      : Fetching JDBC Connection from DataSource
2025-12-03T12:05:44.399Z  INFO 15034 --- [0.0-8080-exec-5] c.s.t.a.service.AnalyticsService         : getWeeklyAnalytics returned 7 days of weekly data, 20 recent sessions
2025-12-03T12:05:44.405Z DEBUG 15034 --- [0.0-8080-exec-5] o.s.w.s.m.m.a.HttpEntityMethodProcessor  : Using 'application/json', given [application/json] and supported [application/json, application/*+json]
2025-12-03T12:05:44.407Z DEBUG 15034 --- [0.0-8080-exec-5] o.s.w.s.m.m.a.HttpEntityMethodProcessor  : Writing [{weekly_total={minutes=2284, sessions=96}, requested_at=1764763544399, best_streak={days=45, unit=da (truncated)...]
2025-12-03T12:05:44.412Z DEBUG 15034 --- [0.0-8080-exec-5] o.j.s.OpenEntityManagerInViewInterceptor : Closing JPA EntityManager in OpenEntityManagerInViewInterceptor
2025-12-03T12:05:44.412Z DEBUG 15034 --- [0.0-8080-exec-5] o.s.web.servlet.DispatcherServlet        : Completed 200 OK
2025-12-03T12:06:13.232Z DEBUG 15034 --- [0.0-8080-exec-6] o.s.security.web.FilterChainProxy        : Securing POST /api/auth/login
2025-12-03T12:06:13.237Z DEBUG 15034 --- [0.0-8080-exec-6] o.s.s.w.a.AnonymousAuthenticationFilter  : Set SecurityContextHolder to anonymous SecurityContext
2025-12-03T12:06:13.240Z DEBUG 15034 --- [0.0-8080-exec-6] o.s.security.web.FilterChainProxy        : Secured POST /api/auth/login
2025-12-03T12:06:13.241Z DEBUG 15034 --- [0.0-8080-exec-6] o.s.web.servlet.DispatcherServlet        : POST "/api/auth/login", parameters={}
2025-12-03T12:06:13.241Z DEBUG 15034 --- [0.0-8080-exec-6] s.w.s.m.m.a.RequestMappingHandlerMapping : Mapped to com.sparkage.timebeam.presentation.controller.AuthController#login(Login)
2025-12-03T12:06:13.243Z DEBUG 15034 --- [0.0-8080-exec-6] o.j.s.OpenEntityManagerInViewInterceptor : Opening JPA EntityManager in OpenEntityManagerInViewInterceptor
2025-12-03T12:06:13.248Z DEBUG 15034 --- [0.0-8080-exec-6] m.m.a.RequestResponseBodyMethodProcessor : Read "application/json;charset=UTF-8" to [com.sparkage.timebeam.presentation.dto.AuthRequests$Login@ad461e1]
2025-12-03T12:06:13.252Z DEBUG 15034 --- [0.0-8080-exec-6] c.s.t.p.controller.AuthController        : Login request received for email=k****@gmail.com
2025-12-03T12:06:13.252Z DEBUG 15034 --- [0.0-8080-exec-6] c.s.t.application.service.AuthService    : auth.login called for email=kaisbk1@gmail.com
2025-12-03T12:06:13.264Z DEBUG 15034 --- [0.0-8080-exec-6] org.hibernate.SQL                        : 
    select
        u1_0.id,
        u1_0.is_admin,
        u1_0.display_name,
        u1_0.email 
    from
        users u1_0 
    where
        u1_0.email=?
2025-12-03T12:06:13.319Z  INFO 15034 --- [0.0-8080-exec-6] c.s.t.application.service.AuthService    : login success for userId=67546cba-5ba0-4b83-84bf-5906af7b2708
2025-12-03T12:06:13.319Z  INFO 15034 --- [0.0-8080-exec-6] c.s.t.p.controller.AuthController        : User logged in successfully: email=k****@gmail.com
2025-12-03T12:06:13.321Z DEBUG 15034 --- [0.0-8080-exec-6] o.s.w.s.m.m.a.HttpEntityMethodProcessor  : Using 'application/json', given [*/*] and supported [application/json, application/*+json]
2025-12-03T12:06:13.322Z DEBUG 15034 --- [0.0-8080-exec-6] o.s.w.s.m.m.a.HttpEntityMethodProcessor  : Writing [{accessToken=eyJhbGciOiJIUzM4NCJ9.eyJzdWIiOiI2NzU0NmNiYS01YmEwLTRiODMtODRiZi01OTA2YWY3YjI3MDgiLCJpYX (truncated)...]
2025-12-03T12:06:13.324Z DEBUG 15034 --- [0.0-8080-exec-6] o.j.s.OpenEntityManagerInViewInterceptor : Closing JPA EntityManager in OpenEntityManagerInViewInterceptor
2025-12-03T12:06:13.324Z DEBUG 15034 --- [0.0-8080-exec-6] o.s.web.servlet.DispatcherServlet        : Completed 200 OK
2025-12-03T12:06:13.680Z DEBUG 15034 --- [0.0-8080-exec-8] o.s.security.web.FilterChainProxy        : Securing GET /api/sessions/timer/state
2025-12-03T12:06:13.683Z DEBUG 15034 --- [0.0-8080-exec-7] o.s.security.web.FilterChainProxy        : Securing GET /api/sessions/timer/state
2025-12-03T12:06:13.689Z DEBUG 15034 --- [0.0-8080-exec-8] o.s.security.web.FilterChainProxy        : Secured GET /api/sessions/timer/state
2025-12-03T12:06:13.689Z DEBUG 15034 --- [0.0-8080-exec-8] o.s.web.servlet.DispatcherServlet        : GET "/api/sessions/timer/state", parameters={}
2025-12-03T12:06:13.689Z DEBUG 15034 --- [0.0-8080-exec-8] s.w.s.m.m.a.RequestMappingHandlerMapping : Mapped to com.sparkage.timebeam.presentation.controller.SessionController#pullTimerState(Principal)
2025-12-03T12:06:13.689Z DEBUG 15034 --- [0.0-8080-exec-8] o.j.s.OpenEntityManagerInViewInterceptor : Opening JPA EntityManager in OpenEntityManagerInViewInterceptor
2025-12-03T12:06:13.690Z DEBUG 15034 --- [0.0-8080-exec-8] horizationManagerBeforeMethodInterceptor : Authorizing method invocation ReflectiveMethodInvocation: public org.springframework.http.ResponseEntity com.sparkage.timebeam.presentation.controller.SessionController.pullTimerState(java.security.Principal); target is of class [com.sparkage.timebeam.presentation.controller.SessionController]
2025-12-03T12:06:13.691Z DEBUG 15034 --- [0.0-8080-exec-8] horizationManagerBeforeMethodInterceptor : Authorized method invocation ReflectiveMethodInvocation: public org.springframework.http.ResponseEntity com.sparkage.timebeam.presentation.controller.SessionController.pullTimerState(java.security.Principal); target is of class [com.sparkage.timebeam.presentation.controller.SessionController]
2025-12-03T12:06:13.691Z DEBUG 15034 --- [0.0-8080-exec-8] c.s.t.p.controller.SessionController     : pull timer state called
2025-12-03T12:06:13.691Z DEBUG 15034 --- [0.0-8080-exec-8] c.s.t.a.service.TimerSyncService         : Pulled timer state for user=67546cba-5ba0-4b83-84bf-5906af7b2708, device=4DA9E8E0-3DF3-448F-A7C3-95D5A84F60AB, timestamp=1994-12-03T11:18:40.023333Z
2025-12-03T12:06:13.691Z DEBUG 15034 --- [0.0-8080-exec-7] o.s.security.web.FilterChainProxy        : Secured GET /api/sessions/timer/state
2025-12-03T12:06:13.691Z DEBUG 15034 --- [0.0-8080-exec-7] o.s.web.servlet.DispatcherServlet        : GET "/api/sessions/timer/state", parameters={}
2025-12-03T12:06:13.691Z DEBUG 15034 --- [0.0-8080-exec-7] s.w.s.m.m.a.RequestMappingHandlerMapping : Mapped to com.sparkage.timebeam.presentation.controller.SessionController#pullTimerState(Principal)
2025-12-03T12:06:13.691Z DEBUG 15034 --- [0.0-8080-exec-7] o.j.s.OpenEntityManagerInViewInterceptor : Opening JPA EntityManager in OpenEntityManagerInViewInterceptor
2025-12-03T12:06:13.691Z DEBUG 15034 --- [0.0-8080-exec-7] horizationManagerBeforeMethodInterceptor : Authorizing method invocation ReflectiveMethodInvocation: public org.springframework.http.ResponseEntity com.sparkage.timebeam.presentation.controller.SessionController.pullTimerState(java.security.Principal); target is of class [com.sparkage.timebeam.presentation.controller.SessionController]
2025-12-03T12:06:13.691Z  INFO 15034 --- [0.0-8080-exec-8] c.s.t.p.controller.SessionController     : timer state pulled for user=67546cba-5ba0-4b83-84bf-5906af7b2708, device=4DA9E8E0-3DF3-448F-A7C3-95D5A84F60AB
2025-12-03T12:06:13.691Z DEBUG 15034 --- [0.0-8080-exec-8] o.s.w.s.m.m.a.HttpEntityMethodProcessor  : Using 'application/json', given [*/*] and supported [application/json, application/*+json]
2025-12-03T12:06:13.691Z DEBUG 15034 --- [0.0-8080-exec-8] o.s.w.s.m.m.a.HttpEntityMethodProcessor  : Writing [TimerStateDto{phase='longBreak', remainingSeconds=892, isRunning=false, timestamp=1994-12-03T11:18:4 (truncated)...]
2025-12-03T12:06:13.691Z DEBUG 15034 --- [0.0-8080-exec-7] horizationManagerBeforeMethodInterceptor : Authorized method invocation ReflectiveMethodInvocation: public org.springframework.http.ResponseEntity com.sparkage.timebeam.presentation.controller.SessionController.pullTimerState(java.security.Principal); target is of class [com.sparkage.timebeam.presentation.controller.SessionController]
2025-12-03T12:06:13.691Z DEBUG 15034 --- [0.0-8080-exec-7] c.s.t.p.controller.SessionController     : pull timer state called
2025-12-03T12:06:13.692Z DEBUG 15034 --- [0.0-8080-exec-8] o.j.s.OpenEntityManagerInViewInterceptor : Closing JPA EntityManager in OpenEntityManagerInViewInterceptor
2025-12-03T12:06:13.692Z DEBUG 15034 --- [0.0-8080-exec-8] o.s.web.servlet.DispatcherServlet        : Completed 200 OK
2025-12-03T12:06:13.692Z DEBUG 15034 --- [0.0-8080-exec-7] c.s.t.a.service.TimerSyncService         : Pulled timer state for user=67546cba-5ba0-4b83-84bf-5906af7b2708, device=4DA9E8E0-3DF3-448F-A7C3-95D5A84F60AB, timestamp=1994-12-03T11:18:40.023333Z
2025-12-03T12:06:13.692Z  INFO 15034 --- [0.0-8080-exec-7] c.s.t.p.controller.SessionController     : timer state pulled for user=67546cba-5ba0-4b83-84bf-5906af7b2708, device=4DA9E8E0-3DF3-448F-A7C3-95D5A84F60AB
2025-12-03T12:06:13.692Z DEBUG 15034 --- [0.0-8080-exec-7] o.s.w.s.m.m.a.HttpEntityMethodProcessor  : Using 'application/json', given [*/*] and supported [application/json, application/*+json]
2025-12-03T12:06:13.693Z DEBUG 15034 --- [0.0-8080-exec-7] o.s.w.s.m.m.a.HttpEntityMethodProcessor  : Writing [TimerStateDto{phase='longBreak', remainingSeconds=892, isRunning=false, timestamp=1994-12-03T11:18:4 (truncated)...]
2025-12-03T12:06:13.693Z DEBUG 15034 --- [0.0-8080-exec-7] o.j.s.OpenEntityManagerInViewInterceptor : Closing JPA EntityManager in OpenEntityManagerInViewInterceptor
2025-12-03T12:06:13.693Z DEBUG 15034 --- [0.0-8080-exec-7] o.s.web.servlet.DispatcherServlet        : Completed 200 OK
2025-12-03T12:06:13.699Z DEBUG 15034 --- [0.0-8080-exec-1] o.s.security.web.FilterChainProxy        : Securing POST /api/sessions/timer/state
2025-12-03T12:06:13.699Z DEBUG 15034 --- [0.0-8080-exec-9] o.s.security.web.FilterChainProxy        : Securing POST /api/sessions/timer/state
2025-12-03T12:06:13.705Z DEBUG 15034 --- [0.0-8080-exec-1] o.s.security.web.FilterChainProxy        : Secured POST /api/sessions/timer/state
2025-12-03T12:06:13.705Z DEBUG 15034 --- [0.0-8080-exec-1] o.s.web.servlet.DispatcherServlet        : POST "/api/sessions/timer/state", parameters={}
2025-12-03T12:06:13.705Z DEBUG 15034 --- [0.0-8080-exec-1] s.w.s.m.m.a.RequestMappingHandlerMapping : Mapped to com.sparkage.timebeam.presentation.controller.SessionController#pushTimerState(TimerStateDto, Principal)
2025-12-03T12:06:13.705Z DEBUG 15034 --- [0.0-8080-exec-1] o.j.s.OpenEntityManagerInViewInterceptor : Opening JPA EntityManager in OpenEntityManagerInViewInterceptor
2025-12-03T12:06:13.706Z DEBUG 15034 --- [0.0-8080-exec-1] m.m.a.RequestResponseBodyMethodProcessor : Read "application/json;charset=UTF-8" to [TimerStateDto{phase='work', remainingSeconds=1500, isRunning=false, timestamp=1994-12-03T12:06:13.69 (truncated)...]
2025-12-03T12:06:13.706Z DEBUG 15034 --- [0.0-8080-exec-9] o.s.security.web.FilterChainProxy        : Secured POST /api/sessions/timer/state
2025-12-03T12:06:13.706Z DEBUG 15034 --- [0.0-8080-exec-1] horizationManagerBeforeMethodInterceptor : Authorizing method invocation ReflectiveMethodInvocation: public org.springframework.http.ResponseEntity com.sparkage.timebeam.presentation.controller.SessionController.pushTimerState(com.sparkage.timebeam.presentation.dto.TimerStateDto,java.security.Principal); target is of class [com.sparkage.timebeam.presentation.controller.SessionController]
2025-12-03T12:06:13.706Z DEBUG 15034 --- [0.0-8080-exec-1] horizationManagerBeforeMethodInterceptor : Authorized method invocation ReflectiveMethodInvocation: public org.springframework.http.ResponseEntity com.sparkage.timebeam.presentation.controller.SessionController.pushTimerState(com.sparkage.timebeam.presentation.dto.TimerStateDto,java.security.Principal); target is of class [com.sparkage.timebeam.presentation.controller.SessionController]
2025-12-03T12:06:13.706Z DEBUG 15034 --- [0.0-8080-exec-1] c.s.t.p.controller.SessionController     : push timer state called: device=846156B9-35DB-4876-B8D4-EA3B54AA3BE9
2025-12-03T12:06:13.706Z  INFO 15034 --- [0.0-8080-exec-1] c.s.t.a.service.TimerSyncService         : Pushing timer state for user=67546cba-5ba0-4b83-84bf-5906af7b2708, device=846156B9-35DB-4876-B8D4-EA3B54AA3BE9, timestamp=1994-12-03T12:06:13.695633Z
2025-12-03T12:06:13.706Z DEBUG 15034 --- [0.0-8080-exec-1] c.s.t.a.service.TimerSyncService         : Updated timer state for user=67546cba-5ba0-4b83-84bf-5906af7b2708 with device=846156B9-35DB-4876-B8D4-EA3B54AA3BE9
2025-12-03T12:06:13.706Z  INFO 15034 --- [0.0-8080-exec-1] c.s.t.p.controller.SessionController     : timer state pushed for user=67546cba-5ba0-4b83-84bf-5906af7b2708, device=846156B9-35DB-4876-B8D4-EA3B54AA3BE9
2025-12-03T12:06:13.706Z DEBUG 15034 --- [0.0-8080-exec-9] o.s.web.servlet.DispatcherServlet        : POST "/api/sessions/timer/state", parameters={}
2025-12-03T12:06:13.707Z DEBUG 15034 --- [0.0-8080-exec-9] s.w.s.m.m.a.RequestMappingHandlerMapping : Mapped to com.sparkage.timebeam.presentation.controller.SessionController#pushTimerState(TimerStateDto, Principal)
2025-12-03T12:06:13.707Z DEBUG 15034 --- [0.0-8080-exec-1] o.s.w.s.m.m.a.HttpEntityMethodProcessor  : Using 'application/json', given [*/*] and supported [application/json, application/*+json]
2025-12-03T12:06:13.707Z DEBUG 15034 --- [0.0-8080-exec-9] o.j.s.OpenEntityManagerInViewInterceptor : Opening JPA EntityManager in OpenEntityManagerInViewInterceptor
2025-12-03T12:06:13.707Z DEBUG 15034 --- [0.0-8080-exec-1] o.s.w.s.m.m.a.HttpEntityMethodProcessor  : Nothing to write: null body
2025-12-03T12:06:13.707Z DEBUG 15034 --- [0.0-8080-exec-1] o.j.s.OpenEntityManagerInViewInterceptor : Closing JPA EntityManager in OpenEntityManagerInViewInterceptor
2025-12-03T12:06:13.707Z DEBUG 15034 --- [0.0-8080-exec-1] o.s.web.servlet.DispatcherServlet        : Completed 200 OK
2025-12-03T12:06:13.708Z DEBUG 15034 --- [0.0-8080-exec-9] m.m.a.RequestResponseBodyMethodProcessor : Read "application/json;charset=UTF-8" to [TimerStateDto{phase='work', remainingSeconds=1500, isRunning=false, timestamp=1994-12-03T12:06:13.69 (truncated)...]
2025-12-03T12:06:13.708Z DEBUG 15034 --- [0.0-8080-exec-9] horizationManagerBeforeMethodInterceptor : Authorizing method invocation ReflectiveMethodInvocation: public org.springframework.http.ResponseEntity com.sparkage.timebeam.presentation.controller.SessionController.pushTimerState(com.sparkage.timebeam.presentation.dto.TimerStateDto,java.security.Principal); target is of class [com.sparkage.timebeam.presentation.controller.SessionController]
2025-12-03T12:06:13.708Z DEBUG 15034 --- [0.0-8080-exec-9] horizationManagerBeforeMethodInterceptor : Authorized method invocation ReflectiveMethodInvocation: public org.springframework.http.ResponseEntity com.sparkage.timebeam.presentation.controller.SessionController.pushTimerState(com.sparkage.timebeam.presentation.dto.TimerStateDto,java.security.Principal); target is of class [com.sparkage.timebeam.presentation.controller.SessionController]
2025-12-03T12:06:13.708Z DEBUG 15034 --- [0.0-8080-exec-9] c.s.t.p.controller.SessionController     : push timer state called: device=846156B9-35DB-4876-B8D4-EA3B54AA3BE9
2025-12-03T12:06:13.708Z  INFO 15034 --- [0.0-8080-exec-9] c.s.t.a.service.TimerSyncService         : Pushing timer state for user=67546cba-5ba0-4b83-84bf-5906af7b2708, device=846156B9-35DB-4876-B8D4-EA3B54AA3BE9, timestamp=1994-12-03T12:06:13.695536Z
2025-12-03T12:06:13.708Z DEBUG 15034 --- [0.0-8080-exec-9] c.s.t.a.service.TimerSyncService         : Updated timer state for user=67546cba-5ba0-4b83-84bf-5906af7b2708 with device=846156B9-35DB-4876-B8D4-EA3B54AA3BE9
2025-12-03T12:06:13.708Z  INFO 15034 --- [0.0-8080-exec-9] c.s.t.p.controller.SessionController     : timer state pushed for user=67546cba-5ba0-4b83-84bf-5906af7b2708, device=846156B9-35DB-4876-B8D4-EA3B54AA3BE9
2025-12-03T12:06:13.708Z DEBUG 15034 --- [0.0-8080-exec-9] o.s.w.s.m.m.a.HttpEntityMethodProcessor  : Using 'application/json', given [*/*] and supported [application/json, application/*+json]
2025-12-03T12:06:13.708Z DEBUG 15034 --- [0.0-8080-exec-9] o.s.w.s.m.m.a.HttpEntityMethodProcessor  : Nothing to write: null body
2025-12-03T12:06:13.709Z DEBUG 15034 --- [0.0-8080-exec-9] o.j.s.OpenEntityManagerInViewInterceptor : Closing JPA EntityManager in OpenEntityManagerInViewInterceptor
2025-12-03T12:06:13.709Z DEBUG 15034 --- [0.0-8080-exec-9] o.s.web.servlet.DispatcherServlet        : Completed 200 OK
2025-12-03T12:09:04.994Z DEBUG 15034 --- [0.0-8080-exec-4] o.s.security.web.FilterChainProxy        : Securing POST /api/auth/login
2025-12-03T12:09:04.997Z DEBUG 15034 --- [0.0-8080-exec-4] o.s.s.w.a.AnonymousAuthenticationFilter  : Set SecurityContextHolder to anonymous SecurityContext
2025-12-03T12:09:04.998Z DEBUG 15034 --- [0.0-8080-exec-4] o.s.security.web.FilterChainProxy        : Secured POST /api/auth/login
2025-12-03T12:09:04.998Z DEBUG 15034 --- [0.0-8080-exec-4] o.s.web.servlet.DispatcherServlet        : POST "/api/auth/login", parameters={}
2025-12-03T12:09:04.999Z DEBUG 15034 --- [0.0-8080-exec-4] s.w.s.m.m.a.RequestMappingHandlerMapping : Mapped to com.sparkage.timebeam.presentation.controller.AuthController#login(Login)
2025-12-03T12:09:05.000Z DEBUG 15034 --- [0.0-8080-exec-4] o.j.s.OpenEntityManagerInViewInterceptor : Opening JPA EntityManager in OpenEntityManagerInViewInterceptor
2025-12-03T12:09:05.006Z DEBUG 15034 --- [0.0-8080-exec-4] m.m.a.RequestResponseBodyMethodProcessor : Read "application/json;charset=UTF-8" to [com.sparkage.timebeam.presentation.dto.AuthRequests$Login@2105770a]
2025-12-03T12:09:05.007Z DEBUG 15034 --- [0.0-8080-exec-4] c.s.t.p.controller.AuthController        : Login request received for email=t****@example.com
2025-12-03T12:09:05.008Z DEBUG 15034 --- [0.0-8080-exec-4] c.s.t.application.service.AuthService    : auth.login called for email=test@example.com
2025-12-03T12:09:05.014Z DEBUG 15034 --- [0.0-8080-exec-4] org.hibernate.SQL                        : 
    select
        u1_0.id,
        u1_0.is_admin,
        u1_0.display_name,
        u1_0.email 
    from
        users u1_0 
    where
        u1_0.email=?
2025-12-03T12:09:05.039Z  INFO 15034 --- [0.0-8080-exec-4] c.s.t.application.service.AuthService    : login success for userId=88475a64-7bd3-45ff-a33e-d1617c1e349e
2025-12-03T12:09:05.039Z  INFO 15034 --- [0.0-8080-exec-4] c.s.t.p.controller.AuthController        : User logged in successfully: email=t****@example.com
2025-12-03T12:09:05.040Z DEBUG 15034 --- [0.0-8080-exec-4] o.s.w.s.m.m.a.HttpEntityMethodProcessor  : Using 'application/json', given [*/*] and supported [application/json, application/*+json]
2025-12-03T12:09:05.040Z DEBUG 15034 --- [0.0-8080-exec-4] o.s.w.s.m.m.a.HttpEntityMethodProcessor  : Writing [{accessToken=eyJhbGciOiJIUzM4NCJ9.eyJzdWIiOiI4ODQ3NWE2NC03YmQzLTQ1ZmYtYTMzZS1kMTYxN2MxZTM0OWUiLCJpYX (truncated)...]
2025-12-03T12:09:05.041Z DEBUG 15034 --- [0.0-8080-exec-4] o.j.s.OpenEntityManagerInViewInterceptor : Closing JPA EntityManager in OpenEntityManagerInViewInterceptor
2025-12-03T12:09:05.041Z DEBUG 15034 --- [0.0-8080-exec-4] o.s.web.servlet.DispatcherServlet        : Completed 200 OK
2025-12-03T12:09:44.271Z DEBUG 15034 --- [0.0-8080-exec-2] o.s.security.web.FilterChainProxy        : Securing POST /api/auth/login
2025-12-03T12:09:44.274Z DEBUG 15034 --- [0.0-8080-exec-2] o.s.s.w.a.AnonymousAuthenticationFilter  : Set SecurityContextHolder to anonymous SecurityContext
2025-12-03T12:09:44.275Z DEBUG 15034 --- [0.0-8080-exec-2] o.s.security.web.FilterChainProxy        : Secured POST /api/auth/login
2025-12-03T12:09:44.276Z DEBUG 15034 --- [0.0-8080-exec-2] o.s.web.servlet.DispatcherServlet        : POST "/api/auth/login", parameters={}
2025-12-03T12:09:44.276Z DEBUG 15034 --- [0.0-8080-exec-2] s.w.s.m.m.a.RequestMappingHandlerMapping : Mapped to com.sparkage.timebeam.presentation.controller.AuthController#login(Login)
2025-12-03T12:09:44.277Z DEBUG 15034 --- [0.0-8080-exec-2] o.j.s.OpenEntityManagerInViewInterceptor : Opening JPA EntityManager in OpenEntityManagerInViewInterceptor
2025-12-03T12:09:44.280Z DEBUG 15034 --- [0.0-8080-exec-2] m.m.a.RequestResponseBodyMethodProcessor : Read "application/json;charset=UTF-8" to [com.sparkage.timebeam.presentation.dto.AuthRequests$Login@66e96e53]
2025-12-03T12:09:44.283Z DEBUG 15034 --- [0.0-8080-exec-2] c.s.t.p.controller.AuthController        : Login request received for email=k****@gmail.com
2025-12-03T12:09:44.285Z DEBUG 15034 --- [0.0-8080-exec-2] c.s.t.application.service.AuthService    : auth.login called for email=kaisbk1@gmail.com
2025-12-03T12:09:44.295Z DEBUG 15034 --- [0.0-8080-exec-2] org.hibernate.SQL                        : 
    select
        u1_0.id,
        u1_0.is_admin,
        u1_0.display_name,
        u1_0.email 
    from
        users u1_0 
    where
        u1_0.email=?
2025-12-03T12:09:44.320Z  INFO 15034 --- [0.0-8080-exec-2] c.s.t.application.service.AuthService    : login success for userId=67546cba-5ba0-4b83-84bf-5906af7b2708
2025-12-03T12:09:44.320Z  INFO 15034 --- [0.0-8080-exec-2] c.s.t.p.controller.AuthController        : User logged in successfully: email=k****@gmail.com
2025-12-03T12:09:44.321Z DEBUG 15034 --- [0.0-8080-exec-2] o.s.w.s.m.m.a.HttpEntityMethodProcessor  : Using 'application/json', given [*/*] and supported [application/json, application/*+json]
2025-12-03T12:09:44.322Z DEBUG 15034 --- [0.0-8080-exec-2] o.s.w.s.m.m.a.HttpEntityMethodProcessor  : Writing [{accessToken=eyJhbGciOiJIUzM4NCJ9.eyJzdWIiOiI2NzU0NmNiYS01YmEwLTRiODMtODRiZi01OTA2YWY3YjI3MDgiLCJpYX (truncated)...]
2025-12-03T12:09:44.323Z DEBUG 15034 --- [0.0-8080-exec-2] o.j.s.OpenEntityManagerInViewInterceptor : Closing JPA EntityManager in OpenEntityManagerInViewInterceptor
2025-12-03T12:09:44.323Z DEBUG 15034 --- [0.0-8080-exec-2] o.s.web.servlet.DispatcherServlet        : Completed 200 OK
2025-12-03T12:09:44.700Z DEBUG 15034 --- [0.0-8080-exec-6] o.s.security.web.FilterChainProxy        : Securing GET /api/sessions/timer/state
2025-12-03T12:09:44.704Z DEBUG 15034 --- [0.0-8080-exec-8] o.s.security.web.FilterChainProxy        : Securing GET /api/sessions/timer/state
2025-12-03T12:09:44.715Z DEBUG 15034 --- [0.0-8080-exec-8] o.s.security.web.FilterChainProxy        : Secured GET /api/sessions/timer/state
2025-12-03T12:09:44.715Z DEBUG 15034 --- [0.0-8080-exec-6] o.s.security.web.FilterChainProxy        : Secured GET /api/sessions/timer/state
2025-12-03T12:09:44.715Z DEBUG 15034 --- [0.0-8080-exec-6] o.s.web.servlet.DispatcherServlet        : GET "/api/sessions/timer/state", parameters={}
2025-12-03T12:09:44.715Z DEBUG 15034 --- [0.0-8080-exec-8] o.s.web.servlet.DispatcherServlet        : GET "/api/sessions/timer/state", parameters={}
2025-12-03T12:09:44.715Z DEBUG 15034 --- [0.0-8080-exec-8] s.w.s.m.m.a.RequestMappingHandlerMapping : Mapped to com.sparkage.timebeam.presentation.controller.SessionController#pullTimerState(Principal)
2025-12-03T12:09:44.715Z DEBUG 15034 --- [0.0-8080-exec-8] o.j.s.OpenEntityManagerInViewInterceptor : Opening JPA EntityManager in OpenEntityManagerInViewInterceptor
2025-12-03T12:09:44.716Z DEBUG 15034 --- [0.0-8080-exec-6] s.w.s.m.m.a.RequestMappingHandlerMapping : Mapped to com.sparkage.timebeam.presentation.controller.SessionController#pullTimerState(Principal)
2025-12-03T12:09:44.716Z DEBUG 15034 --- [0.0-8080-exec-6] o.j.s.OpenEntityManagerInViewInterceptor : Opening JPA EntityManager in OpenEntityManagerInViewInterceptor
2025-12-03T12:09:44.717Z DEBUG 15034 --- [0.0-8080-exec-6] horizationManagerBeforeMethodInterceptor : Authorizing method invocation ReflectiveMethodInvocation: public org.springframework.http.ResponseEntity com.sparkage.timebeam.presentation.controller.SessionController.pullTimerState(java.security.Principal); target is of class [com.sparkage.timebeam.presentation.controller.SessionController]
2025-12-03T12:09:44.717Z DEBUG 15034 --- [0.0-8080-exec-8] horizationManagerBeforeMethodInterceptor : Authorizing method invocation ReflectiveMethodInvocation: public org.springframework.http.ResponseEntity com.sparkage.timebeam.presentation.controller.SessionController.pullTimerState(java.security.Principal); target is of class [com.sparkage.timebeam.presentation.controller.SessionController]
2025-12-03T12:09:44.722Z DEBUG 15034 --- [0.0-8080-exec-8] horizationManagerBeforeMethodInterceptor : Authorized method invocation ReflectiveMethodInvocation: public org.springframework.http.ResponseEntity com.sparkage.timebeam.presentation.controller.SessionController.pullTimerState(java.security.Principal); target is of class [com.sparkage.timebeam.presentation.controller.SessionController]
2025-12-03T12:09:44.722Z DEBUG 15034 --- [0.0-8080-exec-6] horizationManagerBeforeMethodInterceptor : Authorized method invocation ReflectiveMethodInvocation: public org.springframework.http.ResponseEntity com.sparkage.timebeam.presentation.controller.SessionController.pullTimerState(java.security.Principal); target is of class [com.sparkage.timebeam.presentation.controller.SessionController]
2025-12-03T12:09:44.723Z DEBUG 15034 --- [0.0-8080-exec-6] c.s.t.p.controller.SessionController     : pull timer state called
2025-12-03T12:09:44.723Z DEBUG 15034 --- [0.0-8080-exec-8] c.s.t.p.controller.SessionController     : pull timer state called
2025-12-03T12:09:44.723Z DEBUG 15034 --- [0.0-8080-exec-8] c.s.t.a.service.TimerSyncService         : Pulled timer state for user=67546cba-5ba0-4b83-84bf-5906af7b2708, device=846156B9-35DB-4876-B8D4-EA3B54AA3BE9, timestamp=1994-12-03T12:06:13.695536Z
2025-12-03T12:09:44.723Z DEBUG 15034 --- [0.0-8080-exec-6] c.s.t.a.service.TimerSyncService         : Pulled timer state for user=67546cba-5ba0-4b83-84bf-5906af7b2708, device=846156B9-35DB-4876-B8D4-EA3B54AA3BE9, timestamp=1994-12-03T12:06:13.695536Z
2025-12-03T12:09:44.723Z  INFO 15034 --- [0.0-8080-exec-8] c.s.t.p.controller.SessionController     : timer state pulled for user=67546cba-5ba0-4b83-84bf-5906af7b2708, device=846156B9-35DB-4876-B8D4-EA3B54AA3BE9
2025-12-03T12:09:44.723Z  INFO 15034 --- [0.0-8080-exec-6] c.s.t.p.controller.SessionController     : timer state pulled for user=67546cba-5ba0-4b83-84bf-5906af7b2708, device=846156B9-35DB-4876-B8D4-EA3B54AA3BE9
2025-12-03T12:09:44.725Z DEBUG 15034 --- [0.0-8080-exec-6] o.s.w.s.m.m.a.HttpEntityMethodProcessor  : Using 'application/json', given [*/*] and supported [application/json, application/*+json]
2025-12-03T12:09:44.725Z DEBUG 15034 --- [0.0-8080-exec-8] o.s.w.s.m.m.a.HttpEntityMethodProcessor  : Using 'application/json', given [*/*] and supported [application/json, application/*+json]
2025-12-03T12:09:44.725Z DEBUG 15034 --- [0.0-8080-exec-8] o.s.w.s.m.m.a.HttpEntityMethodProcessor  : Writing [TimerStateDto{phase='work', remainingSeconds=1500, isRunning=false, timestamp=1994-12-03T12:06:13.69 (truncated)...]
2025-12-03T12:09:44.725Z DEBUG 15034 --- [0.0-8080-exec-6] o.s.w.s.m.m.a.HttpEntityMethodProcessor  : Writing [TimerStateDto{phase='work', remainingSeconds=1500, isRunning=false, timestamp=1994-12-03T12:06:13.69 (truncated)...]
2025-12-03T12:09:44.726Z DEBUG 15034 --- [0.0-8080-exec-8] o.j.s.OpenEntityManagerInViewInterceptor : Closing JPA EntityManager in OpenEntityManagerInViewInterceptor
2025-12-03T12:09:44.726Z DEBUG 15034 --- [0.0-8080-exec-8] o.s.web.servlet.DispatcherServlet        : Completed 200 OK
2025-12-03T12:09:44.727Z DEBUG 15034 --- [0.0-8080-exec-6] o.j.s.OpenEntityManagerInViewInterceptor : Closing JPA EntityManager in OpenEntityManagerInViewInterceptor
2025-12-03T12:09:44.727Z DEBUG 15034 --- [0.0-8080-exec-6] o.s.web.servlet.DispatcherServlet        : Completed 200 OK
2025-12-03T12:09:44.736Z DEBUG 15034 --- [0.0-8080-exec-1] o.s.security.web.FilterChainProxy        : Securing POST /api/sessions/timer/state
2025-12-03T12:09:44.736Z DEBUG 15034 --- [0.0-8080-exec-7] o.s.security.web.FilterChainProxy        : Securing POST /api/sessions/timer/state
2025-12-03T12:09:44.743Z DEBUG 15034 --- [0.0-8080-exec-7] o.s.security.web.FilterChainProxy        : Secured POST /api/sessions/timer/state
2025-12-03T12:09:44.743Z DEBUG 15034 --- [0.0-8080-exec-7] o.s.web.servlet.DispatcherServlet        : POST "/api/sessions/timer/state", parameters={}
2025-12-03T12:09:44.744Z DEBUG 15034 --- [0.0-8080-exec-7] s.w.s.m.m.a.RequestMappingHandlerMapping : Mapped to com.sparkage.timebeam.presentation.controller.SessionController#pushTimerState(TimerStateDto, Principal)
2025-12-03T12:09:44.744Z DEBUG 15034 --- [0.0-8080-exec-7] o.j.s.OpenEntityManagerInViewInterceptor : Opening JPA EntityManager in OpenEntityManagerInViewInterceptor
2025-12-03T12:09:44.747Z DEBUG 15034 --- [0.0-8080-exec-1] o.s.security.web.FilterChainProxy        : Secured POST /api/sessions/timer/state
2025-12-03T12:09:44.747Z DEBUG 15034 --- [0.0-8080-exec-1] o.s.web.servlet.DispatcherServlet        : POST "/api/sessions/timer/state", parameters={}
2025-12-03T12:09:44.747Z DEBUG 15034 --- [0.0-8080-exec-1] s.w.s.m.m.a.RequestMappingHandlerMapping : Mapped to com.sparkage.timebeam.presentation.controller.SessionController#pushTimerState(TimerStateDto, Principal)
2025-12-03T12:09:44.748Z DEBUG 15034 --- [0.0-8080-exec-7] m.m.a.RequestResponseBodyMethodProcessor : Read "application/json;charset=UTF-8" to [TimerStateDto{phase='work', remainingSeconds=1500, isRunning=false, timestamp=1994-12-03T12:09:44.73 (truncated)...]
2025-12-03T12:09:44.748Z DEBUG 15034 --- [0.0-8080-exec-1] o.j.s.OpenEntityManagerInViewInterceptor : Opening JPA EntityManager in OpenEntityManagerInViewInterceptor
2025-12-03T12:09:44.748Z DEBUG 15034 --- [0.0-8080-exec-1] m.m.a.RequestResponseBodyMethodProcessor : Read "application/json;charset=UTF-8" to [TimerStateDto{phase='work', remainingSeconds=1500, isRunning=false, timestamp=1994-12-03T12:09:44.73 (truncated)...]
2025-12-03T12:09:44.748Z DEBUG 15034 --- [0.0-8080-exec-1] horizationManagerBeforeMethodInterceptor : Authorizing method invocation ReflectiveMethodInvocation: public org.springframework.http.ResponseEntity com.sparkage.timebeam.presentation.controller.SessionController.pushTimerState(com.sparkage.timebeam.presentation.dto.TimerStateDto,java.security.Principal); target is of class [com.sparkage.timebeam.presentation.controller.SessionController]
2025-12-03T12:09:44.748Z DEBUG 15034 --- [0.0-8080-exec-7] horizationManagerBeforeMethodInterceptor : Authorizing method invocation ReflectiveMethodInvocation: public org.springframework.http.ResponseEntity com.sparkage.timebeam.presentation.controller.SessionController.pushTimerState(com.sparkage.timebeam.presentation.dto.TimerStateDto,java.security.Principal); target is of class [com.sparkage.timebeam.presentation.controller.SessionController]
2025-12-03T12:09:44.749Z DEBUG 15034 --- [0.0-8080-exec-7] horizationManagerBeforeMethodInterceptor : Authorized method invocation ReflectiveMethodInvocation: public org.springframework.http.ResponseEntity com.sparkage.timebeam.presentation.controller.SessionController.pushTimerState(com.sparkage.timebeam.presentation.dto.TimerStateDto,java.security.Principal); target is of class [com.sparkage.timebeam.presentation.controller.SessionController]
2025-12-03T12:09:44.749Z DEBUG 15034 --- [0.0-8080-exec-1] horizationManagerBeforeMethodInterceptor : Authorized method invocation ReflectiveMethodInvocation: public org.springframework.http.ResponseEntity com.sparkage.timebeam.presentation.controller.SessionController.pushTimerState(com.sparkage.timebeam.presentation.dto.TimerStateDto,java.security.Principal); target is of class [com.sparkage.timebeam.presentation.controller.SessionController]
2025-12-03T12:09:44.749Z DEBUG 15034 --- [0.0-8080-exec-1] c.s.t.p.controller.SessionController     : push timer state called: device=356528CF-DBF5-43C3-9E7F-D1CB8FA206D7
2025-12-03T12:09:44.749Z DEBUG 15034 --- [0.0-8080-exec-7] c.s.t.p.controller.SessionController     : push timer state called: device=356528CF-DBF5-43C3-9E7F-D1CB8FA206D7
2025-12-03T12:09:44.750Z  INFO 15034 --- [0.0-8080-exec-7] c.s.t.a.service.TimerSyncService         : Pushing timer state for user=67546cba-5ba0-4b83-84bf-5906af7b2708, device=356528CF-DBF5-43C3-9E7F-D1CB8FA206D7, timestamp=1994-12-03T12:09:44.731416Z
2025-12-03T12:09:44.750Z DEBUG 15034 --- [0.0-8080-exec-7] c.s.t.a.service.TimerSyncService         : Updated timer state for user=67546cba-5ba0-4b83-84bf-5906af7b2708 with device=356528CF-DBF5-43C3-9E7F-D1CB8FA206D7
2025-12-03T12:09:44.750Z  INFO 15034 --- [0.0-8080-exec-1] c.s.t.a.service.TimerSyncService         : Pushing timer state for user=67546cba-5ba0-4b83-84bf-5906af7b2708, device=356528CF-DBF5-43C3-9E7F-D1CB8FA206D7, timestamp=1994-12-03T12:09:44.730544Z
2025-12-03T12:09:44.750Z DEBUG 15034 --- [0.0-8080-exec-1] c.s.t.a.service.TimerSyncService         : Updated timer state for user=67546cba-5ba0-4b83-84bf-5906af7b2708 with device=356528CF-DBF5-43C3-9E7F-D1CB8FA206D7
2025-12-03T12:09:44.750Z  INFO 15034 --- [0.0-8080-exec-7] c.s.t.p.controller.SessionController     : timer state pushed for user=67546cba-5ba0-4b83-84bf-5906af7b2708, device=356528CF-DBF5-43C3-9E7F-D1CB8FA206D7
2025-12-03T12:09:44.750Z  INFO 15034 --- [0.0-8080-exec-1] c.s.t.p.controller.SessionController     : timer state pushed for user=67546cba-5ba0-4b83-84bf-5906af7b2708, device=356528CF-DBF5-43C3-9E7F-D1CB8FA206D7
2025-12-03T12:09:44.750Z DEBUG 15034 --- [0.0-8080-exec-1] o.s.w.s.m.m.a.HttpEntityMethodProcessor  : Using 'application/json', given [*/*] and supported [application/json, application/*+json]
2025-12-03T12:09:44.750Z DEBUG 15034 --- [0.0-8080-exec-1] o.s.w.s.m.m.a.HttpEntityMethodProcessor  : Nothing to write: null body
2025-12-03T12:09:44.750Z DEBUG 15034 --- [0.0-8080-exec-7] o.s.w.s.m.m.a.HttpEntityMethodProcessor  : Using 'application/json', given [*/*] and supported [application/json, application/*+json]
2025-12-03T12:09:44.751Z DEBUG 15034 --- [0.0-8080-exec-7] o.s.w.s.m.m.a.HttpEntityMethodProcessor  : Nothing to write: null body
2025-12-03T12:09:44.751Z DEBUG 15034 --- [0.0-8080-exec-7] o.j.s.OpenEntityManagerInViewInterceptor : Closing JPA EntityManager in OpenEntityManagerInViewInterceptor
2025-12-03T12:09:44.751Z DEBUG 15034 --- [0.0-8080-exec-7] o.s.web.servlet.DispatcherServlet        : Completed 200 OK
2025-12-03T12:09:44.751Z DEBUG 15034 --- [0.0-8080-exec-1] o.j.s.OpenEntityManagerInViewInterceptor : Closing JPA EntityManager in OpenEntityManagerInViewInterceptor
2025-12-03T12:09:44.751Z DEBUG 15034 --- [0.0-8080-exec-1] o.s.web.servlet.DispatcherServlet        : Completed 200 OK
2025-12-03T12:10:13.246Z DEBUG 15034 --- [0.0-8080-exec-9] o.s.security.web.FilterChainProxy        : Securing POST /api/auth/login
2025-12-03T12:10:13.252Z DEBUG 15034 --- [0.0-8080-exec-9] o.s.s.w.a.AnonymousAuthenticationFilter  : Set SecurityContextHolder to anonymous SecurityContext
2025-12-03T12:10:13.253Z DEBUG 15034 --- [0.0-8080-exec-9] o.s.security.web.FilterChainProxy        : Secured POST /api/auth/login
2025-12-03T12:10:13.253Z DEBUG 15034 --- [0.0-8080-exec-9] o.s.web.servlet.DispatcherServlet        : POST "/api/auth/login", parameters={}
2025-12-03T12:10:13.253Z DEBUG 15034 --- [0.0-8080-exec-9] s.w.s.m.m.a.RequestMappingHandlerMapping : Mapped to com.sparkage.timebeam.presentation.controller.AuthController#login(Login)
2025-12-03T12:10:13.255Z DEBUG 15034 --- [0.0-8080-exec-9] o.j.s.OpenEntityManagerInViewInterceptor : Opening JPA EntityManager in OpenEntityManagerInViewInterceptor
2025-12-03T12:10:13.266Z DEBUG 15034 --- [0.0-8080-exec-9] m.m.a.RequestResponseBodyMethodProcessor : Read "application/json;charset=UTF-8" to [com.sparkage.timebeam.presentation.dto.AuthRequests$Login@500d58bf]
2025-12-03T12:10:13.268Z DEBUG 15034 --- [0.0-8080-exec-9] c.s.t.p.controller.AuthController        : Login request received for email=k****@gmail.com
2025-12-03T12:10:13.269Z DEBUG 15034 --- [0.0-8080-exec-9] c.s.t.application.service.AuthService    : auth.login called for email=kaisbk1@gmail.com
2025-12-03T12:10:13.274Z DEBUG 15034 --- [0.0-8080-exec-9] org.hibernate.SQL                        : 
    select
        u1_0.id,
        u1_0.is_admin,
        u1_0.display_name,
        u1_0.email 
    from
        users u1_0 
    where
        u1_0.email=?
2025-12-03T12:10:13.296Z  INFO 15034 --- [0.0-8080-exec-9] c.s.t.application.service.AuthService    : login success for userId=67546cba-5ba0-4b83-84bf-5906af7b2708
2025-12-03T12:10:13.296Z  INFO 15034 --- [0.0-8080-exec-9] c.s.t.p.controller.AuthController        : User logged in successfully: email=k****@gmail.com
2025-12-03T12:10:13.297Z DEBUG 15034 --- [0.0-8080-exec-9] o.s.w.s.m.m.a.HttpEntityMethodProcessor  : Using 'application/json', given [*/*] and supported [application/json, application/*+json]
2025-12-03T12:10:13.298Z DEBUG 15034 --- [0.0-8080-exec-9] o.s.w.s.m.m.a.HttpEntityMethodProcessor  : Writing [{accessToken=eyJhbGciOiJIUzM4NCJ9.eyJzdWIiOiI2NzU0NmNiYS01YmEwLTRiODMtODRiZi01OTA2YWY3YjI3MDgiLCJpYX (truncated)...]
2025-12-03T12:10:13.302Z DEBUG 15034 --- [0.0-8080-exec-9] o.j.s.OpenEntityManagerInViewInterceptor : Closing JPA EntityManager in OpenEntityManagerInViewInterceptor
2025-12-03T12:10:13.302Z DEBUG 15034 --- [0.0-8080-exec-9] o.s.web.servlet.DispatcherServlet        : Completed 200 OK
2025-12-03T12:10:13.516Z DEBUG 15034 --- [.0-8080-exec-10] o.s.security.web.FilterChainProxy        : Securing GET /api/sessions/timer/state
2025-12-03T12:10:13.528Z DEBUG 15034 --- [.0-8080-exec-10] o.s.security.web.FilterChainProxy        : Secured GET /api/sessions/timer/state
2025-12-03T12:10:13.529Z DEBUG 15034 --- [.0-8080-exec-10] o.s.web.servlet.DispatcherServlet        : GET "/api/sessions/timer/state", parameters={}
2025-12-03T12:10:13.529Z DEBUG 15034 --- [.0-8080-exec-10] s.w.s.m.m.a.RequestMappingHandlerMapping : Mapped to com.sparkage.timebeam.presentation.controller.SessionController#pullTimerState(Principal)
2025-12-03T12:10:13.561Z DEBUG 15034 --- [.0-8080-exec-10] o.j.s.OpenEntityManagerInViewInterceptor : Opening JPA EntityManager in OpenEntityManagerInViewInterceptor
2025-12-03T12:10:13.563Z DEBUG 15034 --- [.0-8080-exec-10] horizationManagerBeforeMethodInterceptor : Authorizing method invocation ReflectiveMethodInvocation: public org.springframework.http.ResponseEntity com.sparkage.timebeam.presentation.controller.SessionController.pullTimerState(java.security.Principal); target is of class [com.sparkage.timebeam.presentation.controller.SessionController]
2025-12-03T12:10:13.564Z DEBUG 15034 --- [.0-8080-exec-10] horizationManagerBeforeMethodInterceptor : Authorized method invocation ReflectiveMethodInvocation: public org.springframework.http.ResponseEntity com.sparkage.timebeam.presentation.controller.SessionController.pullTimerState(java.security.Principal); target is of class [com.sparkage.timebeam.presentation.controller.SessionController]
2025-12-03T12:10:13.564Z DEBUG 15034 --- [.0-8080-exec-10] c.s.t.p.controller.SessionController     : pull timer state called
2025-12-03T12:10:13.564Z DEBUG 15034 --- [.0-8080-exec-10] c.s.t.a.service.TimerSyncService         : Pulled timer state for user=67546cba-5ba0-4b83-84bf-5906af7b2708, device=356528CF-DBF5-43C3-9E7F-D1CB8FA206D7, timestamp=1994-12-03T12:09:44.730544Z
2025-12-03T12:10:13.564Z  INFO 15034 --- [.0-8080-exec-10] c.s.t.p.controller.SessionController     : timer state pulled for user=67546cba-5ba0-4b83-84bf-5906af7b2708, device=356528CF-DBF5-43C3-9E7F-D1CB8FA206D7
2025-12-03T12:10:13.565Z DEBUG 15034 --- [.0-8080-exec-10] o.s.w.s.m.m.a.HttpEntityMethodProcessor  : Using 'application/json', given [*/*] and supported [application/json, application/*+json]
2025-12-03T12:10:13.565Z DEBUG 15034 --- [.0-8080-exec-10] o.s.w.s.m.m.a.HttpEntityMethodProcessor  : Writing [TimerStateDto{phase='work', remainingSeconds=1500, isRunning=false, timestamp=1994-12-03T12:09:44.73 (truncated)...]
2025-12-03T12:10:13.567Z DEBUG 15034 --- [.0-8080-exec-10] o.j.s.OpenEntityManagerInViewInterceptor : Closing JPA EntityManager in OpenEntityManagerInViewInterceptor
2025-12-03T12:10:13.567Z DEBUG 15034 --- [.0-8080-exec-10] o.s.web.servlet.DispatcherServlet        : Completed 200 OK
2025-12-03T12:10:13.579Z DEBUG 15034 --- [0.0-8080-exec-3] o.s.security.web.FilterChainProxy        : Securing POST /api/sessions/timer/state
2025-12-03T12:10:13.587Z DEBUG 15034 --- [0.0-8080-exec-3] o.s.security.web.FilterChainProxy        : Secured POST /api/sessions/timer/state
2025-12-03T12:10:13.587Z DEBUG 15034 --- [0.0-8080-exec-3] o.s.web.servlet.DispatcherServlet        : POST "/api/sessions/timer/state", parameters={}
2025-12-03T12:10:13.587Z DEBUG 15034 --- [0.0-8080-exec-3] s.w.s.m.m.a.RequestMappingHandlerMapping : Mapped to com.sparkage.timebeam.presentation.controller.SessionController#pushTimerState(TimerStateDto, Principal)
2025-12-03T12:10:13.588Z DEBUG 15034 --- [0.0-8080-exec-3] o.j.s.OpenEntityManagerInViewInterceptor : Opening JPA EntityManager in OpenEntityManagerInViewInterceptor
2025-12-03T12:10:13.589Z DEBUG 15034 --- [0.0-8080-exec-3] m.m.a.RequestResponseBodyMethodProcessor : Read "application/json;charset=UTF-8" to [TimerStateDto{phase='longBreak', remainingSeconds=892, isRunning=false, timestamp=1994-12-03T11:18:4 (truncated)...]
2025-12-03T12:10:13.590Z DEBUG 15034 --- [0.0-8080-exec-3] horizationManagerBeforeMethodInterceptor : Authorizing method invocation ReflectiveMethodInvocation: public org.springframework.http.ResponseEntity com.sparkage.timebeam.presentation.controller.SessionController.pushTimerState(com.sparkage.timebeam.presentation.dto.TimerStateDto,java.security.Principal); target is of class [com.sparkage.timebeam.presentation.controller.SessionController]
2025-12-03T12:10:13.590Z DEBUG 15034 --- [0.0-8080-exec-3] horizationManagerBeforeMethodInterceptor : Authorized method invocation ReflectiveMethodInvocation: public org.springframework.http.ResponseEntity com.sparkage.timebeam.presentation.controller.SessionController.pushTimerState(com.sparkage.timebeam.presentation.dto.TimerStateDto,java.security.Principal); target is of class [com.sparkage.timebeam.presentation.controller.SessionController]
2025-12-03T12:10:13.590Z DEBUG 15034 --- [0.0-8080-exec-3] c.s.t.p.controller.SessionController     : push timer state called: device=BF2200B4-2376-4F09-AD45-4972DFECC663
2025-12-03T12:10:13.590Z  INFO 15034 --- [0.0-8080-exec-3] c.s.t.a.service.TimerSyncService         : Pushing timer state for user=67546cba-5ba0-4b83-84bf-5906af7b2708, device=BF2200B4-2376-4F09-AD45-4972DFECC663, timestamp=1994-12-03T11:18:40.023333Z
2025-12-03T12:10:13.590Z DEBUG 15034 --- [0.0-8080-exec-3] c.s.t.a.service.TimerSyncService         : Updated timer state for user=67546cba-5ba0-4b83-84bf-5906af7b2708 with device=BF2200B4-2376-4F09-AD45-4972DFECC663
2025-12-03T12:10:13.590Z  INFO 15034 --- [0.0-8080-exec-3] c.s.t.p.controller.SessionController     : timer state pushed for user=67546cba-5ba0-4b83-84bf-5906af7b2708, device=BF2200B4-2376-4F09-AD45-4972DFECC663
2025-12-03T12:10:13.591Z DEBUG 15034 --- [0.0-8080-exec-3] o.s.w.s.m.m.a.HttpEntityMethodProcessor  : Using 'application/json', given [*/*] and supported [application/json, application/*+json]
2025-12-03T12:10:13.591Z DEBUG 15034 --- [0.0-8080-exec-3] o.s.w.s.m.m.a.HttpEntityMethodProcessor  : Nothing to write: null body
2025-12-03T12:10:13.591Z DEBUG 15034 --- [0.0-8080-exec-3] o.j.s.OpenEntityManagerInViewInterceptor : Closing JPA EntityManager in OpenEntityManagerInViewInterceptor
2025-12-03T12:10:13.591Z DEBUG 15034 --- [0.0-8080-exec-3] o.s.web.servlet.DispatcherServlet        : Completed 200 OK
2025-12-03T12:10:14.029Z DEBUG 15034 --- [0.0-8080-exec-4] o.s.security.web.FilterChainProxy        : Securing GET /api/sessions/timer/state
2025-12-03T12:10:14.041Z DEBUG 15034 --- [0.0-8080-exec-4] o.s.security.web.FilterChainProxy        : Secured GET /api/sessions/timer/state
2025-12-03T12:10:14.041Z DEBUG 15034 --- [0.0-8080-exec-4] o.s.web.servlet.DispatcherServlet        : GET "/api/sessions/timer/state", parameters={}
2025-12-03T12:10:14.042Z DEBUG 15034 --- [0.0-8080-exec-4] s.w.s.m.m.a.RequestMappingHandlerMapping : Mapped to com.sparkage.timebeam.presentation.controller.SessionController#pullTimerState(Principal)
2025-12-03T12:10:14.042Z DEBUG 15034 --- [0.0-8080-exec-4] o.j.s.OpenEntityManagerInViewInterceptor : Opening JPA EntityManager in OpenEntityManagerInViewInterceptor
2025-12-03T12:10:14.042Z DEBUG 15034 --- [0.0-8080-exec-4] horizationManagerBeforeMethodInterceptor : Authorizing method invocation ReflectiveMethodInvocation: public org.springframework.http.ResponseEntity com.sparkage.timebeam.presentation.controller.SessionController.pullTimerState(java.security.Principal); target is of class [com.sparkage.timebeam.presentation.controller.SessionController]
2025-12-03T12:10:14.043Z DEBUG 15034 --- [0.0-8080-exec-4] horizationManagerBeforeMethodInterceptor : Authorized method invocation ReflectiveMethodInvocation: public org.springframework.http.ResponseEntity com.sparkage.timebeam.presentation.controller.SessionController.pullTimerState(java.security.Principal); target is of class [com.sparkage.timebeam.presentation.controller.SessionController]
2025-12-03T12:10:14.043Z DEBUG 15034 --- [0.0-8080-exec-4] c.s.t.p.controller.SessionController     : pull timer state called
2025-12-03T12:10:14.043Z DEBUG 15034 --- [0.0-8080-exec-4] c.s.t.a.service.TimerSyncService         : Pulled timer state for user=67546cba-5ba0-4b83-84bf-5906af7b2708, device=BF2200B4-2376-4F09-AD45-4972DFECC663, timestamp=1994-12-03T11:18:40.023333Z
2025-12-03T12:10:14.043Z  INFO 15034 --- [0.0-8080-exec-4] c.s.t.p.controller.SessionController     : timer state pulled for user=67546cba-5ba0-4b83-84bf-5906af7b2708, device=BF2200B4-2376-4F09-AD45-4972DFECC663
2025-12-03T12:10:14.043Z DEBUG 15034 --- [0.0-8080-exec-4] o.s.w.s.m.m.a.HttpEntityMethodProcessor  : Using 'application/json', given [*/*] and supported [application/json, application/*+json]
2025-12-03T12:10:14.043Z DEBUG 15034 --- [0.0-8080-exec-4] o.s.w.s.m.m.a.HttpEntityMethodProcessor  : Writing [TimerStateDto{phase='longBreak', remainingSeconds=892, isRunning=false, timestamp=1994-12-03T11:18:4 (truncated)...]
2025-12-03T12:10:14.044Z DEBUG 15034 --- [0.0-8080-exec-4] o.j.s.OpenEntityManagerInViewInterceptor : Closing JPA EntityManager in OpenEntityManagerInViewInterceptor
2025-12-03T12:10:14.045Z DEBUG 15034 --- [0.0-8080-exec-4] o.s.web.servlet.DispatcherServlet        : Completed 200 OK
2025-12-03T12:10:14.050Z DEBUG 15034 --- [0.0-8080-exec-5] o.s.security.web.FilterChainProxy        : Securing POST /api/sessions/timer/state
2025-12-03T12:10:14.060Z DEBUG 15034 --- [0.0-8080-exec-5] o.s.security.web.FilterChainProxy        : Secured POST /api/sessions/timer/state
2025-12-03T12:10:14.060Z DEBUG 15034 --- [0.0-8080-exec-5] o.s.web.servlet.DispatcherServlet        : POST "/api/sessions/timer/state", parameters={}
2025-12-03T12:10:14.060Z DEBUG 15034 --- [0.0-8080-exec-5] s.w.s.m.m.a.RequestMappingHandlerMapping : Mapped to com.sparkage.timebeam.presentation.controller.SessionController#pushTimerState(TimerStateDto, Principal)
2025-12-03T12:10:14.060Z DEBUG 15034 --- [0.0-8080-exec-5] o.j.s.OpenEntityManagerInViewInterceptor : Opening JPA EntityManager in OpenEntityManagerInViewInterceptor
2025-12-03T12:10:14.063Z DEBUG 15034 --- [0.0-8080-exec-5] m.m.a.RequestResponseBodyMethodProcessor : Read "application/json;charset=UTF-8" to [TimerStateDto{phase='longBreak', remainingSeconds=892, isRunning=false, timestamp=1994-12-03T11:18:4 (truncated)...]
2025-12-03T12:10:14.063Z DEBUG 15034 --- [0.0-8080-exec-5] horizationManagerBeforeMethodInterceptor : Authorizing method invocation ReflectiveMethodInvocation: public org.springframework.http.ResponseEntity com.sparkage.timebeam.presentation.controller.SessionController.pushTimerState(com.sparkage.timebeam.presentation.dto.TimerStateDto,java.security.Principal); target is of class [com.sparkage.timebeam.presentation.controller.SessionController]
2025-12-03T12:10:14.063Z DEBUG 15034 --- [0.0-8080-exec-5] horizationManagerBeforeMethodInterceptor : Authorized method invocation ReflectiveMethodInvocation: public org.springframework.http.ResponseEntity com.sparkage.timebeam.presentation.controller.SessionController.pushTimerState(com.sparkage.timebeam.presentation.dto.TimerStateDto,java.security.Principal); target is of class [com.sparkage.timebeam.presentation.controller.SessionController]
2025-12-03T12:10:14.063Z DEBUG 15034 --- [0.0-8080-exec-5] c.s.t.p.controller.SessionController     : push timer state called: device=BF2200B4-2376-4F09-AD45-4972DFECC663
2025-12-03T12:10:14.064Z  INFO 15034 --- [0.0-8080-exec-5] c.s.t.a.service.TimerSyncService         : Pushing timer state for user=67546cba-5ba0-4b83-84bf-5906af7b2708, device=BF2200B4-2376-4F09-AD45-4972DFECC663, timestamp=1994-12-03T11:18:40.023333Z
2025-12-03T12:10:14.064Z DEBUG 15034 --- [0.0-8080-exec-5] c.s.t.a.service.TimerSyncService         : Updated timer state for user=67546cba-5ba0-4b83-84bf-5906af7b2708 with device=BF2200B4-2376-4F09-AD45-4972DFECC663
2025-12-03T12:10:14.064Z  INFO 15034 --- [0.0-8080-exec-5] c.s.t.p.controller.SessionController     : timer state pushed for user=67546cba-5ba0-4b83-84bf-5906af7b2708, device=BF2200B4-2376-4F09-AD45-4972DFECC663
2025-12-03T12:10:14.064Z DEBUG 15034 --- [0.0-8080-exec-5] o.s.w.s.m.m.a.HttpEntityMethodProcessor  : Using 'application/json', given [*/*] and supported [application/json, application/*+json]
2025-12-03T12:10:14.064Z DEBUG 15034 --- [0.0-8080-exec-5] o.s.w.s.m.m.a.HttpEntityMethodProcessor  : Nothing to write: null body
2025-12-03T12:10:14.064Z DEBUG 15034 --- [0.0-8080-exec-5] o.j.s.OpenEntityManagerInViewInterceptor : Closing JPA EntityManager in OpenEntityManagerInViewInterceptor
2025-12-03T12:10:14.064Z DEBUG 15034 --- [0.0-8080-exec-5] o.s.web.servlet.DispatcherServlet        : Completed 200 OK
2025-12-03T12:11:23.902Z DEBUG 15034 --- [0.0-8080-exec-7] o.s.security.web.FilterChainProxy        : Securing POST /api/auth/login
2025-12-03T12:11:23.908Z DEBUG 15034 --- [0.0-8080-exec-7] o.s.s.w.a.AnonymousAuthenticationFilter  : Set SecurityContextHolder to anonymous SecurityContext
2025-12-03T12:11:23.909Z DEBUG 15034 --- [0.0-8080-exec-7] o.s.security.web.FilterChainProxy        : Secured POST /api/auth/login
2025-12-03T12:11:23.909Z DEBUG 15034 --- [0.0-8080-exec-7] o.s.web.servlet.DispatcherServlet        : POST "/api/auth/login", parameters={}
2025-12-03T12:11:23.910Z DEBUG 15034 --- [0.0-8080-exec-7] s.w.s.m.m.a.RequestMappingHandlerMapping : Mapped to com.sparkage.timebeam.presentation.controller.AuthController#login(Login)
2025-12-03T12:11:23.911Z DEBUG 15034 --- [0.0-8080-exec-7] o.j.s.OpenEntityManagerInViewInterceptor : Opening JPA EntityManager in OpenEntityManagerInViewInterceptor
2025-12-03T12:11:23.916Z DEBUG 15034 --- [0.0-8080-exec-7] m.m.a.RequestResponseBodyMethodProcessor : Read "application/json;charset=UTF-8" to [com.sparkage.timebeam.presentation.dto.AuthRequests$Login@5f473cf1]
2025-12-03T12:11:23.919Z DEBUG 15034 --- [0.0-8080-exec-7] c.s.t.p.controller.AuthController        : Login request received for email=k****@gmail.com
2025-12-03T12:11:23.919Z DEBUG 15034 --- [0.0-8080-exec-7] c.s.t.application.service.AuthService    : auth.login called for email=kaisbk1@gmail.com
2025-12-03T12:11:23.923Z DEBUG 15034 --- [0.0-8080-exec-7] org.hibernate.SQL                        : 
    select
        u1_0.id,
        u1_0.is_admin,
        u1_0.display_name,
        u1_0.email 
    from
        users u1_0 
    where
        u1_0.email=?
2025-12-03T12:11:23.936Z  INFO 15034 --- [0.0-8080-exec-7] c.s.t.application.service.AuthService    : login success for userId=67546cba-5ba0-4b83-84bf-5906af7b2708
2025-12-03T12:11:23.936Z  INFO 15034 --- [0.0-8080-exec-7] c.s.t.p.controller.AuthController        : User logged in successfully: email=k****@gmail.com
2025-12-03T12:11:23.937Z DEBUG 15034 --- [0.0-8080-exec-7] o.s.w.s.m.m.a.HttpEntityMethodProcessor  : Using 'application/json', given [*/*] and supported [application/json, application/*+json]
2025-12-03T12:11:23.937Z DEBUG 15034 --- [0.0-8080-exec-7] o.s.w.s.m.m.a.HttpEntityMethodProcessor  : Writing [{accessToken=eyJhbGciOiJIUzM4NCJ9.eyJzdWIiOiI2NzU0NmNiYS01YmEwLTRiODMtODRiZi01OTA2YWY3YjI3MDgiLCJpYX (truncated)...]
2025-12-03T12:11:23.938Z DEBUG 15034 --- [0.0-8080-exec-7] o.j.s.OpenEntityManagerInViewInterceptor : Closing JPA EntityManager in OpenEntityManagerInViewInterceptor
2025-12-03T12:11:23.938Z DEBUG 15034 --- [0.0-8080-exec-7] o.s.web.servlet.DispatcherServlet        : Completed 200 OK
2025-12-03T12:11:24.100Z DEBUG 15034 --- [0.0-8080-exec-1] o.s.security.web.FilterChainProxy        : Securing GET /api/sessions/timer/state
2025-12-03T12:11:24.108Z DEBUG 15034 --- [0.0-8080-exec-1] o.s.security.web.FilterChainProxy        : Secured GET /api/sessions/timer/state
2025-12-03T12:11:24.108Z DEBUG 15034 --- [0.0-8080-exec-1] o.s.web.servlet.DispatcherServlet        : GET "/api/sessions/timer/state", parameters={}
2025-12-03T12:11:24.108Z DEBUG 15034 --- [0.0-8080-exec-1] s.w.s.m.m.a.RequestMappingHandlerMapping : Mapped to com.sparkage.timebeam.presentation.controller.SessionController#pullTimerState(Principal)
2025-12-03T12:11:24.108Z DEBUG 15034 --- [0.0-8080-exec-1] o.j.s.OpenEntityManagerInViewInterceptor : Opening JPA EntityManager in OpenEntityManagerInViewInterceptor
2025-12-03T12:11:24.109Z DEBUG 15034 --- [0.0-8080-exec-1] horizationManagerBeforeMethodInterceptor : Authorizing method invocation ReflectiveMethodInvocation: public org.springframework.http.ResponseEntity com.sparkage.timebeam.presentation.controller.SessionController.pullTimerState(java.security.Principal); target is of class [com.sparkage.timebeam.presentation.controller.SessionController]
2025-12-03T12:11:24.110Z DEBUG 15034 --- [0.0-8080-exec-1] horizationManagerBeforeMethodInterceptor : Authorized method invocation ReflectiveMethodInvocation: public org.springframework.http.ResponseEntity com.sparkage.timebeam.presentation.controller.SessionController.pullTimerState(java.security.Principal); target is of class [com.sparkage.timebeam.presentation.controller.SessionController]
2025-12-03T12:11:24.110Z DEBUG 15034 --- [0.0-8080-exec-1] c.s.t.p.controller.SessionController     : pull timer state called
2025-12-03T12:11:24.110Z DEBUG 15034 --- [0.0-8080-exec-1] c.s.t.a.service.TimerSyncService         : Pulled timer state for user=67546cba-5ba0-4b83-84bf-5906af7b2708, device=BF2200B4-2376-4F09-AD45-4972DFECC663, timestamp=1994-12-03T11:18:40.023333Z
2025-12-03T12:11:24.110Z  INFO 15034 --- [0.0-8080-exec-1] c.s.t.p.controller.SessionController     : timer state pulled for user=67546cba-5ba0-4b83-84bf-5906af7b2708, device=BF2200B4-2376-4F09-AD45-4972DFECC663
2025-12-03T12:11:24.111Z DEBUG 15034 --- [0.0-8080-exec-1] o.s.w.s.m.m.a.HttpEntityMethodProcessor  : Using 'application/json', given [*/*] and supported [application/json, application/*+json]
2025-12-03T12:11:24.111Z DEBUG 15034 --- [0.0-8080-exec-1] o.s.w.s.m.m.a.HttpEntityMethodProcessor  : Writing [TimerStateDto{phase='longBreak', remainingSeconds=892, isRunning=false, timestamp=1994-12-03T11:18:4 (truncated)...]
2025-12-03T12:11:24.112Z DEBUG 15034 --- [0.0-8080-exec-1] o.j.s.OpenEntityManagerInViewInterceptor : Closing JPA EntityManager in OpenEntityManagerInViewInterceptor
2025-12-03T12:11:24.112Z DEBUG 15034 --- [0.0-8080-exec-1] o.s.web.servlet.DispatcherServlet        : Completed 200 OK
2025-12-03T12:11:24.159Z DEBUG 15034 --- [0.0-8080-exec-9] o.s.security.web.FilterChainProxy        : Securing POST /api/sessions/timer/state
2025-12-03T12:11:24.167Z DEBUG 15034 --- [0.0-8080-exec-9] o.s.security.web.FilterChainProxy        : Secured POST /api/sessions/timer/state
2025-12-03T12:11:24.167Z DEBUG 15034 --- [0.0-8080-exec-9] o.s.web.servlet.DispatcherServlet        : POST "/api/sessions/timer/state", parameters={}
2025-12-03T12:11:24.168Z DEBUG 15034 --- [0.0-8080-exec-9] s.w.s.m.m.a.RequestMappingHandlerMapping : Mapped to com.sparkage.timebeam.presentation.controller.SessionController#pushTimerState(TimerStateDto, Principal)
2025-12-03T12:11:24.168Z DEBUG 15034 --- [0.0-8080-exec-9] o.j.s.OpenEntityManagerInViewInterceptor : Opening JPA EntityManager in OpenEntityManagerInViewInterceptor
2025-12-03T12:11:24.168Z DEBUG 15034 --- [0.0-8080-exec-9] m.m.a.RequestResponseBodyMethodProcessor : Read "application/json;charset=UTF-8" to [TimerStateDto{phase='longBreak', remainingSeconds=892, isRunning=false, timestamp=1994-12-03T11:18:4 (truncated)...]
2025-12-03T12:11:24.169Z DEBUG 15034 --- [0.0-8080-exec-9] horizationManagerBeforeMethodInterceptor : Authorizing method invocation ReflectiveMethodInvocation: public org.springframework.http.ResponseEntity com.sparkage.timebeam.presentation.controller.SessionController.pushTimerState(com.sparkage.timebeam.presentation.dto.TimerStateDto,java.security.Principal); target is of class [com.sparkage.timebeam.presentation.controller.SessionController]
2025-12-03T12:11:24.169Z DEBUG 15034 --- [0.0-8080-exec-9] horizationManagerBeforeMethodInterceptor : Authorized method invocation ReflectiveMethodInvocation: public org.springframework.http.ResponseEntity com.sparkage.timebeam.presentation.controller.SessionController.pushTimerState(com.sparkage.timebeam.presentation.dto.TimerStateDto,java.security.Principal); target is of class [com.sparkage.timebeam.presentation.controller.SessionController]
2025-12-03T12:11:24.169Z DEBUG 15034 --- [0.0-8080-exec-9] c.s.t.p.controller.SessionController     : push timer state called: device=7B566651-6CB5-4588-B484-39610C0B3E3F
2025-12-03T12:11:24.169Z  INFO 15034 --- [0.0-8080-exec-9] c.s.t.a.service.TimerSyncService         : Pushing timer state for user=67546cba-5ba0-4b83-84bf-5906af7b2708, device=7B566651-6CB5-4588-B484-39610C0B3E3F, timestamp=1994-12-03T11:18:40.023333Z
2025-12-03T12:11:24.169Z DEBUG 15034 --- [0.0-8080-exec-9] c.s.t.a.service.TimerSyncService         : Updated timer state for user=67546cba-5ba0-4b83-84bf-5906af7b2708 with device=7B566651-6CB5-4588-B484-39610C0B3E3F
2025-12-03T12:11:24.170Z  INFO 15034 --- [0.0-8080-exec-9] c.s.t.p.controller.SessionController     : timer state pushed for user=67546cba-5ba0-4b83-84bf-5906af7b2708, device=7B566651-6CB5-4588-B484-39610C0B3E3F
2025-12-03T12:11:24.170Z DEBUG 15034 --- [0.0-8080-exec-9] o.s.w.s.m.m.a.HttpEntityMethodProcessor  : Using 'application/json', given [*/*] and supported [application/json, application/*+json]
2025-12-03T12:11:24.170Z DEBUG 15034 --- [0.0-8080-exec-9] o.s.w.s.m.m.a.HttpEntityMethodProcessor  : Nothing to write: null body
2025-12-03T12:11:24.170Z DEBUG 15034 --- [0.0-8080-exec-9] o.j.s.OpenEntityManagerInViewInterceptor : Closing JPA EntityManager in OpenEntityManagerInViewInterceptor
2025-12-03T12:11:24.170Z DEBUG 15034 --- [0.0-8080-exec-9] o.s.web.servlet.DispatcherServlet        : Completed 200 OK
2025-12-03T12:11:24.615Z DEBUG 15034 --- [.0-8080-exec-10] o.s.security.web.FilterChainProxy        : Securing GET /api/sessions/timer/state
2025-12-03T12:11:24.627Z DEBUG 15034 --- [.0-8080-exec-10] o.s.security.web.FilterChainProxy        : Secured GET /api/sessions/timer/state
2025-12-03T12:11:24.627Z DEBUG 15034 --- [.0-8080-exec-10] o.s.web.servlet.DispatcherServlet        : GET "/api/sessions/timer/state", parameters={}
2025-12-03T12:11:24.628Z DEBUG 15034 --- [.0-8080-exec-10] s.w.s.m.m.a.RequestMappingHandlerMapping : Mapped to com.sparkage.timebeam.presentation.controller.SessionController#pullTimerState(Principal)
2025-12-03T12:11:24.628Z DEBUG 15034 --- [.0-8080-exec-10] o.j.s.OpenEntityManagerInViewInterceptor : Opening JPA EntityManager in OpenEntityManagerInViewInterceptor
2025-12-03T12:11:24.628Z DEBUG 15034 --- [.0-8080-exec-10] horizationManagerBeforeMethodInterceptor : Authorizing method invocation ReflectiveMethodInvocation: public org.springframework.http.ResponseEntity com.sparkage.timebeam.presentation.controller.SessionController.pullTimerState(java.security.Principal); target is of class [com.sparkage.timebeam.presentation.controller.SessionController]
2025-12-03T12:11:24.629Z DEBUG 15034 --- [.0-8080-exec-10] horizationManagerBeforeMethodInterceptor : Authorized method invocation ReflectiveMethodInvocation: public org.springframework.http.ResponseEntity com.sparkage.timebeam.presentation.controller.SessionController.pullTimerState(java.security.Principal); target is of class [com.sparkage.timebeam.presentation.controller.SessionController]
2025-12-03T12:11:24.629Z DEBUG 15034 --- [.0-8080-exec-10] c.s.t.p.controller.SessionController     : pull timer state called
2025-12-03T12:11:24.629Z DEBUG 15034 --- [.0-8080-exec-10] c.s.t.a.service.TimerSyncService         : Pulled timer state for user=67546cba-5ba0-4b83-84bf-5906af7b2708, device=7B566651-6CB5-4588-B484-39610C0B3E3F, timestamp=1994-12-03T11:18:40.023333Z
2025-12-03T12:11:24.629Z  INFO 15034 --- [.0-8080-exec-10] c.s.t.p.controller.SessionController     : timer state pulled for user=67546cba-5ba0-4b83-84bf-5906af7b2708, device=7B566651-6CB5-4588-B484-39610C0B3E3F
2025-12-03T12:11:24.630Z DEBUG 15034 --- [.0-8080-exec-10] o.s.w.s.m.m.a.HttpEntityMethodProcessor  : Using 'application/json', given [*/*] and supported [application/json, application/*+json]
2025-12-03T12:11:24.630Z DEBUG 15034 --- [.0-8080-exec-10] o.s.w.s.m.m.a.HttpEntityMethodProcessor  : Writing [TimerStateDto{phase='longBreak', remainingSeconds=892, isRunning=false, timestamp=1994-12-03T11:18:4 (truncated)...]
2025-12-03T12:11:24.631Z DEBUG 15034 --- [.0-8080-exec-10] o.j.s.OpenEntityManagerInViewInterceptor : Closing JPA EntityManager in OpenEntityManagerInViewInterceptor
2025-12-03T12:11:24.631Z DEBUG 15034 --- [.0-8080-exec-10] o.s.web.servlet.DispatcherServlet        : Completed 200 OK
2025-12-03T12:11:24.635Z DEBUG 15034 --- [0.0-8080-exec-3] o.s.security.web.FilterChainProxy        : Securing POST /api/sessions/timer/state
2025-12-03T12:11:24.645Z DEBUG 15034 --- [0.0-8080-exec-3] o.s.security.web.FilterChainProxy        : Secured POST /api/sessions/timer/state
2025-12-03T12:11:24.645Z DEBUG 15034 --- [0.0-8080-exec-3] o.s.web.servlet.DispatcherServlet        : POST "/api/sessions/timer/state", parameters={}
2025-12-03T12:11:24.646Z DEBUG 15034 --- [0.0-8080-exec-3] s.w.s.m.m.a.RequestMappingHandlerMapping : Mapped to com.sparkage.timebeam.presentation.controller.SessionController#pushTimerState(TimerStateDto, Principal)
2025-12-03T12:11:24.646Z DEBUG 15034 --- [0.0-8080-exec-3] o.j.s.OpenEntityManagerInViewInterceptor : Opening JPA EntityManager in OpenEntityManagerInViewInterceptor
2025-12-03T12:11:24.648Z DEBUG 15034 --- [0.0-8080-exec-3] m.m.a.RequestResponseBodyMethodProcessor : Read "application/json;charset=UTF-8" to [TimerStateDto{phase='longBreak', remainingSeconds=892, isRunning=false, timestamp=1994-12-03T11:18:4 (truncated)...]
2025-12-03T12:11:24.649Z DEBUG 15034 --- [0.0-8080-exec-3] horizationManagerBeforeMethodInterceptor : Authorizing method invocation ReflectiveMethodInvocation: public org.springframework.http.ResponseEntity com.sparkage.timebeam.presentation.controller.SessionController.pushTimerState(com.sparkage.timebeam.presentation.dto.TimerStateDto,java.security.Principal); target is of class [com.sparkage.timebeam.presentation.controller.SessionController]
2025-12-03T12:11:24.649Z DEBUG 15034 --- [0.0-8080-exec-3] horizationManagerBeforeMethodInterceptor : Authorized method invocation ReflectiveMethodInvocation: public org.springframework.http.ResponseEntity com.sparkage.timebeam.presentation.controller.SessionController.pushTimerState(com.sparkage.timebeam.presentation.dto.TimerStateDto,java.security.Principal); target is of class [com.sparkage.timebeam.presentation.controller.SessionController]
2025-12-03T12:11:24.649Z DEBUG 15034 --- [0.0-8080-exec-3] c.s.t.p.controller.SessionController     : push timer state called: device=7B566651-6CB5-4588-B484-39610C0B3E3F
2025-12-03T12:11:24.649Z  INFO 15034 --- [0.0-8080-exec-3] c.s.t.a.service.TimerSyncService         : Pushing timer state for user=67546cba-5ba0-4b83-84bf-5906af7b2708, device=7B566651-6CB5-4588-B484-39610C0B3E3F, timestamp=1994-12-03T11:18:40.023333Z
2025-12-03T12:11:24.650Z DEBUG 15034 --- [0.0-8080-exec-3] c.s.t.a.service.TimerSyncService         : Updated timer state for user=67546cba-5ba0-4b83-84bf-5906af7b2708 with device=7B566651-6CB5-4588-B484-39610C0B3E3F
2025-12-03T12:11:24.650Z  INFO 15034 --- [0.0-8080-exec-3] c.s.t.p.controller.SessionController     : timer state pushed for user=67546cba-5ba0-4b83-84bf-5906af7b2708, device=7B566651-6CB5-4588-B484-39610C0B3E3F
2025-12-03T12:11:24.650Z DEBUG 15034 --- [0.0-8080-exec-3] o.s.w.s.m.m.a.HttpEntityMethodProcessor  : Using 'application/json', given [*/*] and supported [application/json, application/*+json]
2025-12-03T12:11:24.650Z DEBUG 15034 --- [0.0-8080-exec-3] o.s.w.s.m.m.a.HttpEntityMethodProcessor  : Nothing to write: null body
2025-12-03T12:11:24.651Z DEBUG 15034 --- [0.0-8080-exec-3] o.j.s.OpenEntityManagerInViewInterceptor : Closing JPA EntityManager in OpenEntityManagerInViewInterceptor
2025-12-03T12:11:24.651Z DEBUG 15034 --- [0.0-8080-exec-3] o.s.web.servlet.DispatcherServlet        : Completed 200 OK
2025-12-03T12:11:52.182Z DEBUG 15034 --- [0.0-8080-exec-4] o.s.security.web.FilterChainProxy        : Securing POST /api/auth/login
2025-12-03T12:11:52.203Z DEBUG 15034 --- [0.0-8080-exec-4] o.s.s.w.a.AnonymousAuthenticationFilter  : Set SecurityContextHolder to anonymous SecurityContext
2025-12-03T12:11:52.213Z DEBUG 15034 --- [0.0-8080-exec-4] o.s.security.web.FilterChainProxy        : Secured POST /api/auth/login
2025-12-03T12:11:52.216Z DEBUG 15034 --- [0.0-8080-exec-4] o.s.web.servlet.DispatcherServlet        : POST "/api/auth/login", parameters={}
2025-12-03T12:11:52.216Z DEBUG 15034 --- [0.0-8080-exec-4] s.w.s.m.m.a.RequestMappingHandlerMapping : Mapped to com.sparkage.timebeam.presentation.controller.AuthController#login(Login)
2025-12-03T12:11:52.219Z DEBUG 15034 --- [0.0-8080-exec-4] o.j.s.OpenEntityManagerInViewInterceptor : Opening JPA EntityManager in OpenEntityManagerInViewInterceptor
2025-12-03T12:11:52.234Z DEBUG 15034 --- [0.0-8080-exec-4] m.m.a.RequestResponseBodyMethodProcessor : Read "application/json;charset=UTF-8" to [com.sparkage.timebeam.presentation.dto.AuthRequests$Login@6b9d7408]
2025-12-03T12:11:52.237Z DEBUG 15034 --- [0.0-8080-exec-4] c.s.t.p.controller.AuthController        : Login request received for email=k****@gmail.com
2025-12-03T12:11:52.237Z DEBUG 15034 --- [0.0-8080-exec-4] c.s.t.application.service.AuthService    : auth.login called for email=kaisbk1@gmail.com
2025-12-03T12:11:52.245Z DEBUG 15034 --- [0.0-8080-exec-4] org.hibernate.SQL                        : 
    select
        u1_0.id,
        u1_0.is_admin,
        u1_0.display_name,
        u1_0.email 
    from
        users u1_0 
    where
        u1_0.email=?
2025-12-03T12:11:52.279Z  INFO 15034 --- [0.0-8080-exec-4] c.s.t.application.service.AuthService    : login success for userId=67546cba-5ba0-4b83-84bf-5906af7b2708
2025-12-03T12:11:52.279Z  INFO 15034 --- [0.0-8080-exec-4] c.s.t.p.controller.AuthController        : User logged in successfully: email=k****@gmail.com
2025-12-03T12:11:52.279Z DEBUG 15034 --- [0.0-8080-exec-4] o.s.w.s.m.m.a.HttpEntityMethodProcessor  : Using 'application/json', given [*/*] and supported [application/json, application/*+json]
2025-12-03T12:11:52.279Z DEBUG 15034 --- [0.0-8080-exec-4] o.s.w.s.m.m.a.HttpEntityMethodProcessor  : Writing [{accessToken=eyJhbGciOiJIUzM4NCJ9.eyJzdWIiOiI2NzU0NmNiYS01YmEwLTRiODMtODRiZi01OTA2YWY3YjI3MDgiLCJpYX (truncated)...]
2025-12-03T12:11:52.280Z DEBUG 15034 --- [0.0-8080-exec-4] o.j.s.OpenEntityManagerInViewInterceptor : Closing JPA EntityManager in OpenEntityManagerInViewInterceptor
2025-12-03T12:11:52.280Z DEBUG 15034 --- [0.0-8080-exec-4] o.s.web.servlet.DispatcherServlet        : Completed 200 OK
2025-12-03T12:11:52.859Z DEBUG 15034 --- [0.0-8080-exec-5] o.s.security.web.FilterChainProxy        : Securing GET /api/sessions/timer/state
2025-12-03T12:11:52.875Z DEBUG 15034 --- [0.0-8080-exec-5] o.s.security.web.FilterChainProxy        : Secured GET /api/sessions/timer/state
2025-12-03T12:11:52.875Z DEBUG 15034 --- [0.0-8080-exec-5] o.s.web.servlet.DispatcherServlet        : GET "/api/sessions/timer/state", parameters={}
2025-12-03T12:11:52.875Z DEBUG 15034 --- [0.0-8080-exec-5] s.w.s.m.m.a.RequestMappingHandlerMapping : Mapped to com.sparkage.timebeam.presentation.controller.SessionController#pullTimerState(Principal)
2025-12-03T12:11:52.876Z DEBUG 15034 --- [0.0-8080-exec-5] o.j.s.OpenEntityManagerInViewInterceptor : Opening JPA EntityManager in OpenEntityManagerInViewInterceptor
2025-12-03T12:11:52.876Z DEBUG 15034 --- [0.0-8080-exec-5] horizationManagerBeforeMethodInterceptor : Authorizing method invocation ReflectiveMethodInvocation: public org.springframework.http.ResponseEntity com.sparkage.timebeam.presentation.controller.SessionController.pullTimerState(java.security.Principal); target is of class [com.sparkage.timebeam.presentation.controller.SessionController]
2025-12-03T12:11:52.876Z DEBUG 15034 --- [0.0-8080-exec-5] horizationManagerBeforeMethodInterceptor : Authorized method invocation ReflectiveMethodInvocation: public org.springframework.http.ResponseEntity com.sparkage.timebeam.presentation.controller.SessionController.pullTimerState(java.security.Principal); target is of class [com.sparkage.timebeam.presentation.controller.SessionController]
2025-12-03T12:11:52.877Z DEBUG 15034 --- [0.0-8080-exec-5] c.s.t.p.controller.SessionController     : pull timer state called
2025-12-03T12:11:52.877Z DEBUG 15034 --- [0.0-8080-exec-5] c.s.t.a.service.TimerSyncService         : Pulled timer state for user=67546cba-5ba0-4b83-84bf-5906af7b2708, device=7B566651-6CB5-4588-B484-39610C0B3E3F, timestamp=1994-12-03T11:18:40.023333Z
2025-12-03T12:11:52.877Z  INFO 15034 --- [0.0-8080-exec-5] c.s.t.p.controller.SessionController     : timer state pulled for user=67546cba-5ba0-4b83-84bf-5906af7b2708, device=7B566651-6CB5-4588-B484-39610C0B3E3F
2025-12-03T12:11:52.877Z DEBUG 15034 --- [0.0-8080-exec-2] o.s.security.web.FilterChainProxy        : Securing GET /api/sessions/timer/state
2025-12-03T12:11:52.877Z DEBUG 15034 --- [0.0-8080-exec-5] o.s.w.s.m.m.a.HttpEntityMethodProcessor  : Using 'application/json', given [*/*] and supported [application/json, application/*+json]
2025-12-03T12:11:52.877Z DEBUG 15034 --- [0.0-8080-exec-5] o.s.w.s.m.m.a.HttpEntityMethodProcessor  : Writing [TimerStateDto{phase='longBreak', remainingSeconds=892, isRunning=false, timestamp=1994-12-03T11:18:4 (truncated)...]
2025-12-03T12:11:52.879Z DEBUG 15034 --- [0.0-8080-exec-5] o.j.s.OpenEntityManagerInViewInterceptor : Closing JPA EntityManager in OpenEntityManagerInViewInterceptor
2025-12-03T12:11:52.879Z DEBUG 15034 --- [0.0-8080-exec-5] o.s.web.servlet.DispatcherServlet        : Completed 200 OK
2025-12-03T12:11:52.887Z DEBUG 15034 --- [0.0-8080-exec-2] o.s.security.web.FilterChainProxy        : Secured GET /api/sessions/timer/state
2025-12-03T12:11:52.887Z DEBUG 15034 --- [0.0-8080-exec-2] o.s.web.servlet.DispatcherServlet        : GET "/api/sessions/timer/state", parameters={}
2025-12-03T12:11:52.887Z DEBUG 15034 --- [0.0-8080-exec-2] s.w.s.m.m.a.RequestMappingHandlerMapping : Mapped to com.sparkage.timebeam.presentation.controller.SessionController#pullTimerState(Principal)
2025-12-03T12:11:52.887Z DEBUG 15034 --- [0.0-8080-exec-2] o.j.s.OpenEntityManagerInViewInterceptor : Opening JPA EntityManager in OpenEntityManagerInViewInterceptor
2025-12-03T12:11:52.887Z DEBUG 15034 --- [0.0-8080-exec-8] o.s.security.web.FilterChainProxy        : Securing POST /api/sessions/timer/state
2025-12-03T12:11:52.887Z DEBUG 15034 --- [0.0-8080-exec-2] horizationManagerBeforeMethodInterceptor : Authorizing method invocation ReflectiveMethodInvocation: public org.springframework.http.ResponseEntity com.sparkage.timebeam.presentation.controller.SessionController.pullTimerState(java.security.Principal); target is of class [com.sparkage.timebeam.presentation.controller.SessionController]
2025-12-03T12:11:52.888Z DEBUG 15034 --- [0.0-8080-exec-2] horizationManagerBeforeMethodInterceptor : Authorized method invocation ReflectiveMethodInvocation: public org.springframework.http.ResponseEntity com.sparkage.timebeam.presentation.controller.SessionController.pullTimerState(java.security.Principal); target is of class [com.sparkage.timebeam.presentation.controller.SessionController]
2025-12-03T12:11:52.888Z DEBUG 15034 --- [0.0-8080-exec-2] c.s.t.p.controller.SessionController     : pull timer state called
2025-12-03T12:11:52.888Z DEBUG 15034 --- [0.0-8080-exec-2] c.s.t.a.service.TimerSyncService         : Pulled timer state for user=67546cba-5ba0-4b83-84bf-5906af7b2708, device=7B566651-6CB5-4588-B484-39610C0B3E3F, timestamp=1994-12-03T11:18:40.023333Z
2025-12-03T12:11:52.888Z  INFO 15034 --- [0.0-8080-exec-2] c.s.t.p.controller.SessionController     : timer state pulled for user=67546cba-5ba0-4b83-84bf-5906af7b2708, device=7B566651-6CB5-4588-B484-39610C0B3E3F
2025-12-03T12:11:52.888Z DEBUG 15034 --- [0.0-8080-exec-2] o.s.w.s.m.m.a.HttpEntityMethodProcessor  : Using 'application/json', given [*/*] and supported [application/json, application/*+json]
2025-12-03T12:11:52.889Z DEBUG 15034 --- [0.0-8080-exec-2] o.s.w.s.m.m.a.HttpEntityMethodProcessor  : Writing [TimerStateDto{phase='longBreak', remainingSeconds=892, isRunning=false, timestamp=1994-12-03T11:18:4 (truncated)...]
2025-12-03T12:11:52.889Z DEBUG 15034 --- [0.0-8080-exec-2] o.j.s.OpenEntityManagerInViewInterceptor : Closing JPA EntityManager in OpenEntityManagerInViewInterceptor
2025-12-03T12:11:52.889Z DEBUG 15034 --- [0.0-8080-exec-2] o.s.web.servlet.DispatcherServlet        : Completed 200 OK
2025-12-03T12:11:52.891Z DEBUG 15034 --- [0.0-8080-exec-6] o.s.security.web.FilterChainProxy        : Securing POST /api/sessions/timer/state
2025-12-03T12:11:52.894Z DEBUG 15034 --- [0.0-8080-exec-8] o.s.security.web.FilterChainProxy        : Secured POST /api/sessions/timer/state
2025-12-03T12:11:52.894Z DEBUG 15034 --- [0.0-8080-exec-8] o.s.web.servlet.DispatcherServlet        : POST "/api/sessions/timer/state", parameters={}
2025-12-03T12:11:52.894Z DEBUG 15034 --- [0.0-8080-exec-8] s.w.s.m.m.a.RequestMappingHandlerMapping : Mapped to com.sparkage.timebeam.presentation.controller.SessionController#pushTimerState(TimerStateDto, Principal)
2025-12-03T12:11:52.894Z DEBUG 15034 --- [0.0-8080-exec-8] o.j.s.OpenEntityManagerInViewInterceptor : Opening JPA EntityManager in OpenEntityManagerInViewInterceptor
2025-12-03T12:11:52.895Z DEBUG 15034 --- [0.0-8080-exec-8] m.m.a.RequestResponseBodyMethodProcessor : Read "application/json;charset=UTF-8" to [TimerStateDto{phase='work', remainingSeconds=1500, isRunning=false, timestamp=1994-12-03T12:11:52.88 (truncated)...]
2025-12-03T12:11:52.896Z DEBUG 15034 --- [0.0-8080-exec-8] horizationManagerBeforeMethodInterceptor : Authorizing method invocation ReflectiveMethodInvocation: public org.springframework.http.ResponseEntity com.sparkage.timebeam.presentation.controller.SessionController.pushTimerState(com.sparkage.timebeam.presentation.dto.TimerStateDto,java.security.Principal); target is of class [com.sparkage.timebeam.presentation.controller.SessionController]
2025-12-03T12:11:52.896Z DEBUG 15034 --- [0.0-8080-exec-8] horizationManagerBeforeMethodInterceptor : Authorized method invocation ReflectiveMethodInvocation: public org.springframework.http.ResponseEntity com.sparkage.timebeam.presentation.controller.SessionController.pushTimerState(com.sparkage.timebeam.presentation.dto.TimerStateDto,java.security.Principal); target is of class [com.sparkage.timebeam.presentation.controller.SessionController]
2025-12-03T12:11:52.896Z DEBUG 15034 --- [0.0-8080-exec-8] c.s.t.p.controller.SessionController     : push timer state called: device=9232045E-08E9-4278-BA8D-AE47451E6A32
2025-12-03T12:11:52.896Z  INFO 15034 --- [0.0-8080-exec-8] c.s.t.a.service.TimerSyncService         : Pushing timer state for user=67546cba-5ba0-4b83-84bf-5906af7b2708, device=9232045E-08E9-4278-BA8D-AE47451E6A32, timestamp=1994-12-03T12:11:52.883797Z
2025-12-03T12:11:52.896Z DEBUG 15034 --- [0.0-8080-exec-8] c.s.t.a.service.TimerSyncService         : Updated timer state for user=67546cba-5ba0-4b83-84bf-5906af7b2708 with device=9232045E-08E9-4278-BA8D-AE47451E6A32
2025-12-03T12:11:52.896Z  INFO 15034 --- [0.0-8080-exec-8] c.s.t.p.controller.SessionController     : timer state pushed for user=67546cba-5ba0-4b83-84bf-5906af7b2708, device=9232045E-08E9-4278-BA8D-AE47451E6A32
2025-12-03T12:11:52.897Z DEBUG 15034 --- [0.0-8080-exec-8] o.s.w.s.m.m.a.HttpEntityMethodProcessor  : Using 'application/json', given [*/*] and supported [application/json, application/*+json]
2025-12-03T12:11:52.897Z DEBUG 15034 --- [0.0-8080-exec-8] o.s.w.s.m.m.a.HttpEntityMethodProcessor  : Nothing to write: null body
2025-12-03T12:11:52.897Z DEBUG 15034 --- [0.0-8080-exec-8] o.j.s.OpenEntityManagerInViewInterceptor : Closing JPA EntityManager in OpenEntityManagerInViewInterceptor
2025-12-03T12:11:52.897Z DEBUG 15034 --- [0.0-8080-exec-8] o.s.web.servlet.DispatcherServlet        : Completed 200 OK
2025-12-03T12:11:52.898Z DEBUG 15034 --- [0.0-8080-exec-6] o.s.security.web.FilterChainProxy        : Secured POST /api/sessions/timer/state
2025-12-03T12:11:52.898Z DEBUG 15034 --- [0.0-8080-exec-6] o.s.web.servlet.DispatcherServlet        : POST "/api/sessions/timer/state", parameters={}
2025-12-03T12:11:52.898Z DEBUG 15034 --- [0.0-8080-exec-6] s.w.s.m.m.a.RequestMappingHandlerMapping : Mapped to com.sparkage.timebeam.presentation.controller.SessionController#pushTimerState(TimerStateDto, Principal)
2025-12-03T12:11:52.898Z DEBUG 15034 --- [0.0-8080-exec-6] o.j.s.OpenEntityManagerInViewInterceptor : Opening JPA EntityManager in OpenEntityManagerInViewInterceptor
2025-12-03T12:11:52.899Z DEBUG 15034 --- [0.0-8080-exec-6] m.m.a.RequestResponseBodyMethodProcessor : Read "application/json;charset=UTF-8" to [TimerStateDto{phase='work', remainingSeconds=1500, isRunning=false, timestamp=1994-12-03T12:11:52.89 (truncated)...]
2025-12-03T12:11:52.899Z DEBUG 15034 --- [0.0-8080-exec-6] horizationManagerBeforeMethodInterceptor : Authorizing method invocation ReflectiveMethodInvocation: public org.springframework.http.ResponseEntity com.sparkage.timebeam.presentation.controller.SessionController.pushTimerState(com.sparkage.timebeam.presentation.dto.TimerStateDto,java.security.Principal); target is of class [com.sparkage.timebeam.presentation.controller.SessionController]
2025-12-03T12:11:52.900Z DEBUG 15034 --- [0.0-8080-exec-6] horizationManagerBeforeMethodInterceptor : Authorized method invocation ReflectiveMethodInvocation: public org.springframework.http.ResponseEntity com.sparkage.timebeam.presentation.controller.SessionController.pushTimerState(com.sparkage.timebeam.presentation.dto.TimerStateDto,java.security.Principal); target is of class [com.sparkage.timebeam.presentation.controller.SessionController]
2025-12-03T12:11:52.900Z DEBUG 15034 --- [0.0-8080-exec-6] c.s.t.p.controller.SessionController     : push timer state called: device=9232045E-08E9-4278-BA8D-AE47451E6A32
2025-12-03T12:11:52.900Z  INFO 15034 --- [0.0-8080-exec-6] c.s.t.a.service.TimerSyncService         : Pushing timer state for user=67546cba-5ba0-4b83-84bf-5906af7b2708, device=9232045E-08E9-4278-BA8D-AE47451E6A32, timestamp=1994-12-03T12:11:52.890646Z
2025-12-03T12:11:52.900Z DEBUG 15034 --- [0.0-8080-exec-6] c.s.t.a.service.TimerSyncService         : Updated timer state for user=67546cba-5ba0-4b83-84bf-5906af7b2708 with device=9232045E-08E9-4278-BA8D-AE47451E6A32
2025-12-03T12:11:52.900Z  INFO 15034 --- [0.0-8080-exec-6] c.s.t.p.controller.SessionController     : timer state pushed for user=67546cba-5ba0-4b83-84bf-5906af7b2708, device=9232045E-08E9-4278-BA8D-AE47451E6A32
2025-12-03T12:11:52.900Z DEBUG 15034 --- [0.0-8080-exec-6] o.s.w.s.m.m.a.HttpEntityMethodProcessor  : Using 'application/json', given [*/*] and supported [application/json, application/*+json]
2025-12-03T12:11:52.901Z DEBUG 15034 --- [0.0-8080-exec-6] o.s.w.s.m.m.a.HttpEntityMethodProcessor  : Nothing to write: null body
2025-12-03T12:11:52.901Z DEBUG 15034 --- [0.0-8080-exec-6] o.j.s.OpenEntityManagerInViewInterceptor : Closing JPA EntityManager in OpenEntityManagerInViewInterceptor
2025-12-03T12:11:52.901Z DEBUG 15034 --- [0.0-8080-exec-6] o.s.web.servlet.DispatcherServlet        : Completed 200 OK
[INFO] ------------------------------------------------------------------------
[INFO] BUILD FAILURE
[INFO] ------------------------------------------------------------------------
[INFO] Total time:  01:23 h
[INFO] Finished at: 2025-12-03T12:16:36Z
[INFO] ------------------------------------------------------------------------
[ERROR] Failed to execute goal org.springframework.boot:spring-boot-maven-plugin:3.2.0:run (default-cli) on project timebeam-backend: Process terminated with exit code: 137 -> [Help 1]
[ERROR] 
[ERROR] To see the full stack trace of the errors, re-run Maven with the -e switch.
[ERROR] Re-run Maven using the -X switch to enable full debug logging.
[ERROR] 
[ERROR] For more information about the errors and possible solutions, please read the following articles:
[ERROR] [Help 1] http://cwiki.apache.org/confluence/display/MAVEN/MojoExecutionException
